Education_Sector,Entity_Type,School_No,School_Name,School_Type,School_Status,Address_Line_1,Address_Town,Address_Postcode,Region,Area,LGA_ID,LGA_Name,LGA_TYPE,X,Y,LGA_Name_Clean
Catholic,2,20,Parade College,Secondary,O,1436 Plenty Road,BUNDOORA,3083,NORTH-WESTERN VICTORIA,North Eastern Melbourne,66,Banyule (C),Metro,145.066978,-37.690178,Banyule
Catholic,2,25,Simonds Catholic College,Secondary,O,273 Victoria Street,WEST MELBOURNE,3003,SOUTH-WESTERN VICTORIA,Western Melbourne,460,Melbourne (C),Metro,144.952883,-37.805971,Melbourne
Catholic,2,26,St Mary's College Melbourne,Secondary,O,11 Westbury Street,ST KILDA EAST,3183,SOUTH-EASTERN VICTORIA,Bayside Peninsula,590,Port Phillip (C),Metro,144.997001,-37.859365,Port Phillip
Catholic,2,28,St Patrick's College Ballarat,Secondary,O,1431 Sturt Street,BALLARAT,3350,SOUTH-WESTERN VICTORIA,Central Highlands,57,Ballarat (C),Non Metro,143.831558,-37.559711,Ballarat
Catholic,2,29,St Patrick's School,Primary,O,119 Drummond Street South,BALLARAT,3350,SOUTH-WESTERN VICTORIA,Central Highlands,57,Ballarat (C),Non Metro,143.847147,-37.564397,Ballarat
Catholic,2,30,St Alipius' Parish School,Primary,O,106-108 Victoria Street,BALLARAT EAST,3350,SOUTH-WESTERN VICTORIA,Central Highlands,57,Ballarat (C),Non Metro,143.8740084,-37.56170371,Ballarat
Catholic,2,33,Emmanuel College Warrnambool,Secondary,O,140 Botanic Road,WARRNAMBOOL,3280,SOUTH-WESTERN VICTORIA,Wimmera South West,673,Warrnambool (C),Non Metro,142.477358,-38.370986,Warrnambool
Catholic,2,35,Loreto College,Secondary,O,1600 Sturt Street,BALLARAT,3350,SOUTH-WESTERN VICTORIA,Central Highlands,57,Ballarat (C),Non Metro,143.8234695,-37.55686069,Ballarat
Catholic,2,60,St Mary's School,Primary,O,39 Malcolm Street,MANSFIELD,3722,NORTH-EASTERN VICTORIA,Ovens Murray,425,Mansfield (S),Non Metro,146.089007,-37.058351,Mansfield
Catholic,2,77,Sacred Heart School,Primary,O,20 Newcastle St,NEWPORT,3015,SOUTH-WESTERN VICTORIA,Western Melbourne,311,Hobsons Bay (C),Metro,144.881396,-37.840028,Hobsons Bay
Catholic,2,78,St Mary's School,Primary,O,118 Cecil Street,WILLIAMSTOWN,3016,SOUTH-WESTERN VICTORIA,Western Melbourne,311,Hobsons Bay (C),Metro,144.900894,-37.863498,Hobsons Bay
Catholic,2,98,St Michael’s Primary School,Primary,O,8-14 Brougham Street,NORTH MELBOURNE,3051,SOUTH-WESTERN VICTORIA,Western Melbourne,460,Melbourne (C),Metro,144.946246,-37.793305,Melbourne
Catholic,2,104,St Patrick's School,Primary,O,Ovens Street,WANGARATTA,3677,NORTH-EASTERN VICTORIA,Ovens Murray,670,Wangaratta (RC),Non Metro,146.32195,-36.356163,Wangaratta
Catholic,2,107,St Mary's School,Primary,O,214 Dandenong Road,ST KILDA EAST,3183,SOUTH-EASTERN VICTORIA,Bayside Peninsula,590,Port Phillip (C),Metro,144.997592,-37.859021,Port Phillip
Catholic,2,111,Assumption College,Secondary,O,Sutherland Street,KILMORE,3764,NORTH-EASTERN VICTORIA,Goulburn,485,Mitchell (S),Non Metro,144.947629,-37.301013,Mitchell
Catholic,2,113,St Brendan's School,Primary,O,103 Wellington Street,FLEMINGTON,3031,SOUTH-WESTERN VICTORIA,Western Melbourne,506,Moonee Valley (C),Metro,144.931728,-37.784696,Moonee Valley
Catholic,2,130,Catherine McAuley College,Secondary,O,164 Barkly Street,BENDIGO,3550,NORTH-WESTERN VICTORIA,Loddon Campaspe,262,Greater Bendigo (C),Non Metro,144.273362,-36.753444,Greater Bendigo
Catholic,2,132,St Augustine's School,Primary,O,58 Burke Street,MARYBOROUGH,3465,NORTH-WESTERN VICTORIA,Loddon Campaspe,167,Central Goldfields (S),Non Metro,143.736798,-37.051831,Central Goldfields
Catholic,2,139,St Mary's School,Primary,O,5 Hope Avenue,BAIRNSDALE,3875,SOUTH-EASTERN VICTORIA,Outer Gippsland,211,East Gippsland (S),Non Metro,147.5856286,-37.84139544,East Gippsland
Catholic,2,140,St Aloysius' School,Primary,O,800 Ripon Street South,REDAN,3350,SOUTH-WESTERN VICTORIA,Central Highlands,57,Ballarat (C),Non Metro,143.837673,-37.578109,Ballarat
Catholic,2,148,St Joseph's School,Primary,O,571 Glenferrie Road,HAWTHORN,3122,NORTH-EASTERN VICTORIA,Inner Eastern Melbourne,111,Boroondara (C),Metro,145.034315,-37.826461,Boroondara
Catholic,2,149,Sacre Coeur,Pri/Sec,O,172 Burke Road,GLEN IRIS,3146,SOUTH-EASTERN VICTORIA,Bayside Peninsula,635,Stonnington (C),Metro,145.051572,-37.861753,Stonnington
Catholic,2,151,St Joseph's School,Primary,O,39 James Street,NORTHCOTE,3070,NORTH-WESTERN VICTORIA,North Eastern Melbourne,189,Darebin (C),Metro,144.996721,-37.774621,Darebin
Catholic,2,152,Sacred Heart School,Primary,O,1 Clifton Grove,PRESTON,3072,NORTH-WESTERN VICTORIA,North Eastern Melbourne,189,Darebin (C),Metro,145.003768,-37.744807,Darebin
Catholic,2,153,Sacred Heart School,Primary,O,4 Wilson Street,MORWELL,3840,SOUTH-EASTERN VICTORIA,Inner Gippsland,381,Latrobe (C),Non Metro,146.4043244,-38.23943484,Latrobe
Catholic,2,154,St Michael's School,Primary,O,Church Street,TRARALGON,3844,SOUTH-EASTERN VICTORIA,Inner Gippsland,381,Latrobe (C),Non Metro,146.534695,-38.195161,Latrobe
Catholic,2,156,St Brendan's School,Primary,O,143 - 149 Knight Street,SHEPPARTON,3630,NORTH-EASTERN VICTORIA,Goulburn,283,Greater Shepparton (C),Non Metro,145.407652,-36.374731,Greater Shepparton
Catholic,2,161,St Mary's College,Pri/Sec,O,90 High Street,SEYMOUR,3660,NORTH-EASTERN VICTORIA,Goulburn,485,Mitchell (S),Non Metro,145.140924,-37.019895,Mitchell
Catholic,2,181,St Mary's School,Primary,O,134 Woods Street,DONALD,3480,NORTH-WESTERN VICTORIA,Mallee,127,Buloke (S),Non Metro,142.9851708,-36.37357574,Buloke
Catholic,2,183,St Mary's Primary School,Primary,O,11 Pearson Street,SALE,3850,SOUTH-EASTERN VICTORIA,Outer Gippsland,681,Wellington (S),Non Metro,147.062326,-38.110706,Wellington
Catholic,2,184,St Patrick's Primary School,Primary,O,1 Conway Street,KILMORE,3764,NORTH-EASTERN VICTORIA,Goulburn,485,Mitchell (S),Non Metro,144.948109,-37.299394,Mitchell
Catholic,2,185,St Brigid's School,Primary,O,96 Inglis Street,BALLAN,3342,SOUTH-WESTERN VICTORIA,Central Highlands,515,Moorabool (S),Non Metro,144.228732,-37.599896,Moorabool
Catholic,2,187,St Patrick's School,Primary,O,1564 Old Melbourne Road,GORDON,3345,SOUTH-WESTERN VICTORIA,Central Highlands,515,Moorabool (S),Non Metro,144.0909009,-37.58064935,Moorabool
Catholic,2,191,St Mary's School,Primary,O,20-28 Chauncy Street,LANCEFIELD,3435,NORTH-WESTERN VICTORIA,Loddon Campaspe,413,Macedon Ranges (S),Non Metro,144.731727,-37.278756,Macedon Ranges
Catholic,2,192,St Augustine's School,Primary,O,119 Napier Street,CRESWICK,3363,SOUTH-WESTERN VICTORIA,Central Highlands,291,Hepburn (S),Non Metro,143.8922616,-37.42850667,Hepburn
Catholic,2,204,St Monica's School,Primary,O,91 High Street,KANGAROO FLAT,3555,NORTH-WESTERN VICTORIA,Loddon Campaspe,262,Greater Bendigo (C),Non Metro,144.2448,-36.79419899,Greater Bendigo
Catholic,2,205,St Joseph's School,Primary,O,17 Wedge Street,BENALLA,3672,NORTH-EASTERN VICTORIA,Ovens Murray,101,Benalla (RC),Non Metro,145.974115,-36.553963,Benalla
Catholic,2,219,Sacred Heart College,Secondary,O,Retreat Road,NEWTOWN,3220,SOUTH-WESTERN VICTORIA,Barwon,275,Greater Geelong (C),Non Metro,144.3401453,-38.14949635,Greater Geelong
Catholic,2,227,St Patrick's School,Primary,O,Wattle Street,ST ARNAUD,3478,SOUTH-WESTERN VICTORIA,Wimmera South West,581,Northern Grampians (S),Non Metro,143.246862,-36.61707734,Northern Grampians
Catholic,2,236,St Joseph's College Mildura,Secondary,O,154 Twelfth Street,MILDURA,3500,NORTH-WESTERN VICTORIA,Mallee,478,Mildura (RC),Non Metro,142.153461,-34.188725,Mildura
Catholic,2,250,Star of the Sea College,Secondary,O,80 Martin Street,BRIGHTON,3186,SOUTH-EASTERN VICTORIA,Bayside Peninsula,91,Bayside (C),Metro,144.99678,-37.896734,Bayside
Catholic,2,251,St James' School,Primary,O,6 St James Close,BRIGHTON,3186,SOUTH-EASTERN VICTORIA,Bayside Peninsula,91,Bayside (C),Metro,144.997657,-37.897945,Bayside
Catholic,2,252,St Peter's School,Primary,O,842 Centre Road,BENTLEIGH EAST,3165,SOUTH-EASTERN VICTORIA,Bayside Peninsula,231,Glen Eira (C),Metro,145.070911,-37.923044,Glen Eira
Catholic,2,262,St Liborius' School,Primary,O,379 Eaglehawk Road,EAGLEHAWK,3556,NORTH-WESTERN VICTORIA,Loddon Campaspe,262,Greater Bendigo (C),Non Metro,144.25729,-36.723477,Greater Bendigo
Catholic,2,265,Damascus College,Secondary,O,1412 Geelong Road,MOUNT CLEAR,3350,SOUTH-WESTERN VICTORIA,Central Highlands,57,Ballarat (C),Non Metro,143.870347,-37.611456,Ballarat
Catholic,2,285,St Mary's School,Primary,O,84 Templeton Street,CASTLEMAINE,3450,NORTH-WESTERN VICTORIA,Loddon Campaspe,543,Mount Alexander (S),Non Metro,144.2209585,-37.06395716,Mount Alexander
Catholic,2,286,Sacred Heart College,Secondary,O,94 High Street,KYNETON,3444,NORTH-WESTERN VICTORIA,Loddon Campaspe,413,Macedon Ranges (S),Non Metro,144.458821,-37.252887,Macedon Ranges
Catholic,2,289,St Ambrose's School,Primary,O,14-18 Templeton Street,WOODEND,3442,NORTH-WESTERN VICTORIA,Loddon Campaspe,413,Macedon Ranges (S),Non Metro,144.53049,-37.35779241,Macedon Ranges
Catholic,2,299,St Joseph's School,Primary,O,Watson Street,CHARLTON,3525,NORTH-WESTERN VICTORIA,Mallee,127,Buloke (S),Non Metro,143.351051,-36.271767,Buloke
Catholic,2,324,Sacred Heart School,Primary,O,69-75 Hogan Street,TATURA,3616,NORTH-EASTERN VICTORIA,Goulburn,283,Greater Shepparton (C),Non Metro,145.223919,-36.439826,Greater Shepparton
Catholic,2,336,St Paul's School,Primary,O,562 Sydney Road,COBURG,3058,NORTH-WESTERN VICTORIA,Hume Merri-bek,525,Merri-bek (C),Metro,144.967855,-37.738929,Merri-bek
Catholic,2,338,St Andrew's School,Primary,O,110 Greaves Street North,WERRIBEE,3030,SOUTH-WESTERN VICTORIA,Western Melbourne,726,Wyndham (C),Metro,144.650573,-37.901272,Wyndham
Catholic,2,353,St Brigid's School,Primary,O,68 Aitken Street,GISBORNE,3437,NORTH-WESTERN VICTORIA,Loddon Campaspe,413,Macedon Ranges (S),Non Metro,144.590088,-37.490906,Macedon Ranges
Catholic,2,355,Our Lady of Mount Carmel School,Primary,O,53 Macedon Street,SUNBURY,3429,NORTH-WESTERN VICTORIA,Hume Merri-bek,327,Hume (C),Metro,144.736305,-37.58004,Hume
Catholic,2,367,St Joseph's School,Primary,O,142 North Road,CHILTERN,3683,NORTH-EASTERN VICTORIA,Ovens Murray,335,Indigo (S),Non Metro,146.607065,-36.145981,Indigo
Catholic,2,368,St Mary's School,Primary,O,High Street,RUTHERGLEN,3685,NORTH-EASTERN VICTORIA,Ovens Murray,335,Indigo (S),Non Metro,146.462975,-36.050422,Indigo
Catholic,2,379,St Mary's School,Primary,O,87 Southey Street,INGLEWOOD,3517,NORTH-WESTERN VICTORIA,Loddon Campaspe,394,Loddon (S),Non Metro,143.872485,-36.571137,Loddon
Catholic,2,384,FCJ College,Secondary,O,36 Arundel Street,BENALLA,3672,NORTH-EASTERN VICTORIA,Ovens Murray,101,Benalla (RC),Non Metro,145.975389,-36.552769,Benalla
Catholic,2,386,St Patrick's School,Primary,O,136 Princes Highway,PAKENHAM,3810,SOUTH-EASTERN VICTORIA,Southern Melbourne,145,Cardinia (S),Metro,145.4745267,-38.06938466,Cardinia
Catholic,2,401,Sacred Heart Primary School,Primary,O,62 Orr Street,YARRAWONGA,3730,NORTH-EASTERN VICTORIA,Goulburn,490,Moira (S),Non Metro,146.0092454,-36.01072352,Moira
Catholic,2,404,Xavier College,Pri/Sec,O,135 Barkers Road,KEW,3101,NORTH-EASTERN VICTORIA,Inner Eastern Melbourne,111,Boroondara (C),Metro,145.031105,-37.813858,Boroondara
Catholic,2,409,St Joseph's School,Primary,O,11 Martin Street,PENSHURST,3289,SOUTH-WESTERN VICTORIA,Wimmera South West,626,Southern Grampians (S),Non Metro,142.2897792,-37.87750896,Southern Grampians
Catholic,2,411,Marian College,Secondary,O,304 Barkly Street,ARARAT,3377,SOUTH-WESTERN VICTORIA,Central Highlands,26,Ararat (RC),Non Metro,142.937766,-37.284744,Ararat
Catholic,2,413,Sacred Heart School,Primary,O,39 Robertson Street,CASTERTON,3311,SOUTH-WESTERN VICTORIA,Wimmera South West,241,Glenelg (S),Non Metro,141.413634,-37.586013,Glenelg
Catholic,2,414,St Bernard's School,Primary,O,Gisborne Road,BACCHUS MARSH,3340,SOUTH-WESTERN VICTORIA,Central Highlands,515,Moorabool (S),Non Metro,144.43486,-37.672269,Moorabool
Catholic,2,445,St Patrick's School,Primary,O,20 Queen Street,KOROIT,3282,SOUTH-WESTERN VICTORIA,Wimmera South West,549,Moyne (S),Non Metro,142.368973,-38.299892,Moyne
Catholic,2,467,Academy of Mary Immaculate,Secondary,O,88 Nicholson Street,FITZROY,3065,NORTH-WESTERN VICTORIA,North Eastern Melbourne,735,Yarra (C),Metro,144.974409,-37.803711,Yarra
Catholic,2,468,Sacred Heart School,Primary,O,107 King William Street,FITZROY,3065,NORTH-WESTERN VICTORIA,North Eastern Melbourne,735,Yarra (C),Metro,144.978524,-37.802049,Yarra
Catholic,2,474,Mount Lilydale Mercy College,Secondary,O,120 Anderson Street,LILYDALE,3140,NORTH-EASTERN VICTORIA,Outer Eastern Melbourne,745,Yarra Ranges (S),Metro,145.3577545,-37.75075881,Yarra Ranges
Catholic,2,477,St Monica's School,Primary,O,2 Wingfield Street,FOOTSCRAY,3011,SOUTH-WESTERN VICTORIA,Western Melbourne,433,Maribyrnong (C),Metro,144.906837,-37.801162,Maribyrnong
Catholic,2,478,St Augustine's School,Primary,O,65 Somerville Road,YARRAVILLE,3013,SOUTH-WESTERN VICTORIA,Western Melbourne,433,Maribyrnong (C),Metro,144.8898972,-37.81370425,Maribyrnong
Catholic,2,486,Ss Michael and John's Primary School,Primary,O,7 McLachlan Street,HORSHAM,3400,SOUTH-WESTERN VICTORIA,Wimmera South West,319,Horsham (RC),Non Metro,142.2039894,-36.71400221,Horsham
Catholic,2,495,Trinity College Colac,Secondary,O,119 Hart Street,COLAC,3250,SOUTH-WESTERN VICTORIA,Barwon,175,Colac-Otway (S),Non Metro,143.576934,-38.352034,Colac-Otway
Catholic,2,496,St Mary's School,Primary,O,Calvert Street,COLAC,3250,SOUTH-WESTERN VICTORIA,Barwon,175,Colac-Otway (S),Non Metro,143.585404,-38.334734,Colac-Otway
Catholic,2,500,Kilbreda College,Secondary,O,118 Mentone Parade,MENTONE,3194,SOUTH-EASTERN VICTORIA,Bayside Peninsula,343,Kingston (C),Metro,145.065712,-37.984153,Kingston
Catholic,2,501,Padua College,Secondary,O,62 Oakbank Road,MORNINGTON,3931,SOUTH-EASTERN VICTORIA,Bayside Peninsula,534,Mornington Peninsula (S),Metro,145.0720043,-38.21825666,Mornington Peninsula
Catholic,2,515,Notre Dame College,Secondary,O,139 Knight Street,SHEPPARTON,3630,NORTH-EASTERN VICTORIA,Goulburn,283,Greater Shepparton (C),Non Metro,145.4076363,-36.37470646,Greater Shepparton
Catholic,2,518,Sacred Heart College,Secondary,O,Piper Street,YARRAWONGA,3730,NORTH-EASTERN VICTORIA,Goulburn,490,Moira (S),Non Metro,146.0092056,-36.00865887,Moira
Catholic,2,525,St Joseph's School,Primary,O,16 Tocumwal Road,NUMURKAH,3636,NORTH-EASTERN VICTORIA,Goulburn,490,Moira (S),Non Metro,145.443605,-36.08646,Moira
Catholic,2,539,St Joseph's School,Primary,O,70 Botanic Road,WARRNAMBOOL,3280,SOUTH-WESTERN VICTORIA,Wimmera South West,673,Warrnambool (C),Non Metro,142.486144,-38.372486,Warrnambool
Catholic,2,548,St Ignatius College Geelong,Secondary,O,27 Peninsula Drive,DRYSDALE,3222,SOUTH-WESTERN VICTORIA,Barwon,275,Greater Geelong (C),Non Metro,144.5578975,-38.18870264,Greater Geelong
Catholic,2,549,St Mary's School,Primary,O,66-68 Little Myers Street,GEELONG,3220,SOUTH-WESTERN VICTORIA,Barwon,275,Greater Geelong (C),Non Metro,144.362996,-38.153187,Greater Geelong
Catholic,2,550,St Patrick's School,Primary,O,11-21 Petrel Street,GEELONG WEST,3218,SOUTH-WESTERN VICTORIA,Barwon,275,Greater Geelong (C),Non Metro,144.346041,-38.13484,Greater Geelong
Catholic,2,566,St Monica's Primary School,Primary,O,20 Robinson Street,MOONEE PONDS,3039,SOUTH-WESTERN VICTORIA,Western Melbourne,506,Moonee Valley (C),Metro,144.923184,-37.759665,Moonee Valley
Catholic,2,567,St Patrick's School,Primary,O,40 Jones Street,LILYDALE,3140,NORTH-EASTERN VICTORIA,Outer Eastern Melbourne,745,Yarra Ranges (S),Metro,145.3526145,-37.75273475,Yarra Ranges
Catholic,2,576,Catholic Ladies' College Ltd,Secondary,O,19 Diamond Street,ELTHAM,3095,NORTH-WESTERN VICTORIA,North Eastern Melbourne,571,Nillumbik (S),Metro,145.143563,-37.711525,Nillumbik
Catholic,2,579,St Joseph's School,Primary,O,46 Otter Street,COLLINGWOOD,3066,NORTH-WESTERN VICTORIA,North Eastern Melbourne,735,Yarra (C),Metro,144.986388,-37.800459,Yarra
Catholic,2,581,St Mary's School,Primary,O,2-8 Campbell Street,WARRACKNABEAL,3393,SOUTH-WESTERN VICTORIA,Wimmera South West,763,Yarriambiack (S),Non Metro,142.389596,-36.25408,Yarriambiack
Catholic,2,584,St Mary's School,Primary,O,15-33 Bridlington Ave,ECHUCA,3564,NORTH-WESTERN VICTORIA,Loddon Campaspe,137,Campaspe (S),Non Metro,144.725827,-36.134259,Campaspe
Catholic,2,590,Sacred Heart School,Primary,O,116 Cotham Road,KEW,3101,NORTH-EASTERN VICTORIA,Inner Eastern Melbourne,111,Boroondara (C),Metro,145.03744,-37.808169,Boroondara
Catholic,2,594,St Mary's School,Primary,O,Moore Street,ARARAT,3377,SOUTH-WESTERN VICTORIA,Central Highlands,26,Ararat (RC),Non Metro,142.9386125,-37.28550193,Ararat
Catholic,2,595,St Joseph's College,Secondary,O,21 Dickson Street,ECHUCA,3564,NORTH-WESTERN VICTORIA,Loddon Campaspe,137,Campaspe (S),Non Metro,144.743369,-36.118153,Campaspe
Catholic,2,599,St Patrick's School,Primary,O,9-11 William Street,PORT FAIRY,3284,SOUTH-WESTERN VICTORIA,Wimmera South West,549,Moyne (S),Non Metro,142.2316746,-38.38612553,Moyne
Catholic,2,603,St Joseph's School,Primary,O,Campaspe Street,ROCHESTER,3561,NORTH-WESTERN VICTORIA,Loddon Campaspe,137,Campaspe (S),Non Metro,144.701175,-36.36476136,Campaspe
Catholic,2,605,St Aloysius College,Secondary,O,31 Curran Street,NORTH MELBOURNE,3051,SOUTH-WESTERN VICTORIA,Western Melbourne,460,Melbourne (C),Metro,144.942875,-37.792892,Melbourne
Catholic,2,607,All Saints Parish School,Primary,O,185 Must Street,PORTLAND,3305,SOUTH-WESTERN VICTORIA,Wimmera South West,241,Glenelg (S),Non Metro,141.592786,-38.359474,Glenelg
Catholic,2,625,Catholic College Sale,Secondary,O,51-53 Desailly Street,SALE,3850,SOUTH-EASTERN VICTORIA,Outer Gippsland,681,Wellington (S),Non Metro,147.063779,-38.108707,Wellington
Catholic,2,646,St Augustine's College,Pri/Sec,O,Church Street,KYABRAM,3620,NORTH-WESTERN VICTORIA,Loddon Campaspe,137,Campaspe (S),Non Metro,145.044713,-36.30955,Campaspe
Catholic,2,653,Our Holy Redeemer School,Primary,O,311 Mont Albert Road,SURREY HILLS,3127,NORTH-EASTERN VICTORIA,Inner Eastern Melbourne,111,Boroondara (C),Metro,145.100085,-37.820319,Boroondara
Catholic,2,661,Our Lady of the Sacred Heart Primary,Primary,O,32 Jeffrey Street,ELMORE,3558,NORTH-WESTERN VICTORIA,Loddon Campaspe,262,Greater Bendigo (C),Non Metro,144.615615,-36.493024,Greater Bendigo
Catholic,2,672,St Joseph's School,Primary,O,6 Priory Lane,BEECHWORTH,3747,NORTH-EASTERN VICTORIA,Ovens Murray,335,Indigo (S),Non Metro,146.682811,-36.360065,Indigo
Catholic,2,684,St Joseph's School,Primary,O,67 Read Street,COLERAINE,3315,SOUTH-WESTERN VICTORIA,Wimmera South West,626,Southern Grampians (S),Non Metro,141.694727,-37.605385,Southern Grampians
Catholic,2,690,Mercy Regional College,Secondary,O,Henderson Street,CAMPERDOWN,3260,SOUTH-WESTERN VICTORIA,Wimmera South West,183,Corangamite (S),Non Metro,143.139564,-38.235001,Corangamite
Catholic,2,691,St Patrick's School,Primary,O,Dimora Avenue,CAMPERDOWN,3260,SOUTH-WESTERN VICTORIA,Wimmera South West,183,Corangamite (S),Non Metro,143.138999,-38.235033,Corangamite
Catholic,2,707,St Columba's College,Secondary,O,2 Leslie Road,ESSENDON,3040,SOUTH-WESTERN VICTORIA,Western Melbourne,506,Moonee Valley (C),Metro,144.91429,-37.757202,Moonee Valley
Catholic,2,715,St Michael's School,Primary,O,29 Smith Street,DAYLESFORD,3460,SOUTH-WESTERN VICTORIA,Central Highlands,291,Hepburn (S),Non Metro,144.151361,-37.337239,Hepburn
Catholic,2,724,St Mary's School,Primary,O,Hillier Lane,HAMILTON,3300,SOUTH-WESTERN VICTORIA,Wimmera South West,626,Southern Grampians (S),Non Metro,142.0509125,-37.74114026,Southern Grampians
Catholic,2,726,St Kilian's School,Primary,O,Havelock Street,BENDIGO,3550,NORTH-WESTERN VICTORIA,Loddon Campaspe,262,Greater Bendigo (C),Non Metro,144.284209,-36.754579,Greater Bendigo
Catholic,2,733,Genazzano FCJ College,Pri/Sec,O,301 Cotham Road,KEW,3101,NORTH-EASTERN VICTORIA,Inner Eastern Melbourne,111,Boroondara (C),Metro,145.055783,-37.808973,Boroondara
Catholic,2,753,St Augustine's School,Primary,O,Osburn Street,WODONGA,3690,NORTH-EASTERN VICTORIA,Ovens Murray,717,Wodonga (C),Non Metro,146.889224,-36.117019,Wodonga
Catholic,2,782,St Patrick's School,Primary,O,55 Patrick Street,STAWELL,3380,SOUTH-WESTERN VICTORIA,Wimmera South West,581,Northern Grampians (S),Non Metro,142.7872617,-37.05935196,Northern Grampians
Catholic,2,836,St Patrick's School,Primary,O,16 Childers Street,MENTONE,3194,SOUTH-EASTERN VICTORIA,Bayside Peninsula,343,Kingston (C),Metro,145.070159,-37.983569,Kingston
Catholic,2,840,St Thomas' School,Primary,O,1 Lyons Street,TERANG,3264,SOUTH-WESTERN VICTORIA,Wimmera South West,183,Corangamite (S),Non Metro,142.909961,-38.239799,Corangamite
Catholic,2,841,St Joseph's School,Primary,O,167 Burke Street,WARRAGUL,3820,SOUTH-EASTERN VICTORIA,Inner Gippsland,83,Baw Baw (S),Non Metro,145.912024,-38.158609,Baw Baw
Catholic,2,848,St Joseph's School,Primary,O,Gladstone Street,QUARRY HILL,3550,NORTH-WESTERN VICTORIA,Loddon Campaspe,262,Greater Bendigo (C),Non Metro,144.2783507,-36.76941637,Greater Bendigo
Catholic,2,909,St John's School,Primary,O,55 Cape Street,HEIDELBERG,3084,NORTH-WESTERN VICTORIA,North Eastern Melbourne,66,Banyule (C),Metro,145.066548,-37.757641,Banyule
Catholic,2,914,Our Lady of Mercy College,Secondary,O,52 Cape Street,HEIDELBERG,3084,NORTH-WESTERN VICTORIA,North Eastern Melbourne,66,Banyule (C),Metro,145.067586,-37.75793,Banyule
Catholic,2,915,St Joseph's School,Primary,O,185 Hope Street,BRUNSWICK WEST,3055,NORTH-WESTERN VICTORIA,Hume Merri-bek,525,Merri-bek (C),Metro,144.942984,-37.762289,Merri-bek
Catholic,2,923,St Brigid's School,Primary,O,129 Albert Street,MORDIALLOC,3195,SOUTH-EASTERN VICTORIA,Bayside Peninsula,343,Kingston (C),Metro,145.091778,-38.00804,Kingston
Catholic,2,924,St Columba's School,Primary,O,306 Howard Street,BALLARAT NORTH,3350,SOUTH-WESTERN VICTORIA,Central Highlands,57,Ballarat (C),Non Metro,143.860072,-37.545906,Ballarat
Catholic,2,931,Our Lady Help of Christians School,Primary,O,26 Miller Street,BRUNSWICK EAST,3057,NORTH-WESTERN VICTORIA,Hume Merri-bek,525,Merri-bek (C),Metro,144.977856,-37.776342,Merri-bek
Catholic,2,932,St Anthony's School,Primary,O,172 Neerim Road,GLEN HUNTLY,3163,SOUTH-EASTERN VICTORIA,Bayside Peninsula,231,Glen Eira (C),Metro,145.047103,-37.886893,Glen Eira
Catholic,2,935,St Mary's School,Primary,O,20-24 New Street,DANDENONG,3175,SOUTH-EASTERN VICTORIA,Southern Melbourne,267,Greater Dandenong (C),Metro,145.220836,-37.990671,Greater Dandenong
Catholic,2,937,Sacred Heart School,Primary,O,11 Fernhill Road Nth,SANDRINGHAM,3191,SOUTH-EASTERN VICTORIA,Bayside Peninsula,91,Bayside (C),Metro,145.008552,-37.951476,Bayside
Catholic,2,950,St Joseph's School,Primary,O,94 Korumburra Road,WONTHAGGI,3995,SOUTH-EASTERN VICTORIA,Inner Gippsland,74,Bass Coast (S),Non Metro,145.603409,-38.600863,Bass Coast
Catholic,2,954,St Mary's School,Primary,O,74 Roseberry Street,ASCOT VALE,3032,SOUTH-WESTERN VICTORIA,Western Melbourne,506,Moonee Valley (C),Metro,144.911269,-37.773836,Moonee Valley
Catholic,2,955,St Joseph's School,Primary,O,Nolan Street,KERANG,3579,NORTH-WESTERN VICTORIA,Mallee,225,Gannawarra (S),Non Metro,143.9178066,-35.72545537,Gannawarra
Catholic,2,956,De La Salle College,Pri/Sec,O,1318 High Street,MALVERN,3144,SOUTH-EASTERN VICTORIA,Bayside Peninsula,635,Stonnington (C),Metro,145.032183,-37.857677,Stonnington
Catholic,2,962,St Margaret Mary's School,Primary,O,47-49 Mitchell Street,BRUNSWICK NORTH,3056,NORTH-WESTERN VICTORIA,Hume Merri-bek,525,Merri-bek (C),Metro,144.96825,-37.758632,Merri-bek
Catholic,2,981,St Francis Xavier School,Primary,O,Fortune Street,BALLARAT EAST,3350,SOUTH-WESTERN VICTORIA,Central Highlands,57,Ballarat (C),Non Metro,143.902992,-37.561608,Ballarat
Catholic,2,991,St Laurence O'Toole School,Primary,O,33-35 Ogilvy Street,LEONGATHA,3953,SOUTH-EASTERN VICTORIA,Inner Gippsland,617,South Gippsland (S),Non Metro,145.954298,-38.47894,South Gippsland
Catholic,2,999,St Joseph's School,Primary,O,1-3 Bridge Street,KORUMBURRA,3950,SOUTH-EASTERN VICTORIA,Inner Gippsland,617,South Gippsland (S),Non Metro,145.8223161,-38.43604262,South Gippsland
Catholic,2,1013,St Brigid's School,Primary,O,1 High Street,HEALESVILLE,3777,NORTH-EASTERN VICTORIA,Outer Eastern Melbourne,745,Yarra Ranges (S),Metro,145.5157966,-37.65867854,Yarra Ranges
Catholic,2,1015,St James School,Primary,O,60 Nar Nar Goon Road,NAR NAR GOON,3812,SOUTH-EASTERN VICTORIA,Southern Melbourne,145,Cardinia (S),Metro,145.5731875,-38.07303246,Cardinia
Catholic,2,1024,St Mary's School,Primary,O,91 Manning Road,MALVERN EAST,3145,SOUTH-EASTERN VICTORIA,Bayside Peninsula,635,Stonnington (C),Metro,145.052923,-37.873016,Stonnington
Catholic,2,1033,Holy Rosary School,Primary,O,37 Gower Street,KENSINGTON,3031,SOUTH-WESTERN VICTORIA,Western Melbourne,460,Melbourne (C),Metro,144.92878,-37.795584,Melbourne
Catholic,2,1036,St Aloysius' School,Primary,O,34 Stevens Street,QUEENSCLIFF,3225,SOUTH-WESTERN VICTORIA,Barwon,608,Queenscliffe (B),Non Metro,144.6553031,-38.26868368,Queenscliffe
Catholic,2,1041,St Anthony's School,Primary,O,52 Austin Street,ALPHINGTON,3078,NORTH-WESTERN VICTORIA,North Eastern Melbourne,189,Darebin (C),Metro,145.020362,-37.780069,Darebin
Catholic,2,1045,St Joseph's School,Primary,O,49 Stanhope Street,MALVERN,3144,SOUTH-EASTERN VICTORIA,Bayside Peninsula,635,Stonnington (C),Metro,145.031163,-37.858069,Stonnington
Catholic,2,1058,St Mary's School,Primary,O,5 Buckley Street,YARRAM,3971,SOUTH-EASTERN VICTORIA,Outer Gippsland,681,Wellington (S),Non Metro,146.675973,-38.556897,Wellington
Catholic,2,1067,Holy Rosary School,Primary,O,556 Napier Street,WHITE HILLS,3550,NORTH-WESTERN VICTORIA,Loddon Campaspe,262,Greater Bendigo (C),Non Metro,144.310571,-36.724874,Greater Bendigo
Catholic,2,1070,St Columba's School,Primary,O,24 Glenhuntly Road,ELWOOD,3184,SOUTH-EASTERN VICTORIA,Bayside Peninsula,590,Port Phillip (C),Metro,144.981123,-37.88253,Port Phillip
Catholic,2,1072,Our Lady of the Rosary,Primary,O,43-47 Edgecombe Street,KYNETON,3444,NORTH-WESTERN VICTORIA,Loddon Campaspe,413,Macedon Ranges (S),Non Metro,144.4621207,-37.25051173,Macedon Ranges
Catholic,2,1084,St Mary's School,Primary,O,2 Murlong Street,SWAN HILL,3585,NORTH-WESTERN VICTORIA,Mallee,661,Swan Hill (RC),Non Metro,143.5455991,-35.32846453,Swan Hill
Catholic,2,1097,St Mary's School,Primary,O,69 Marine Parade,HASTINGS,3915,SOUTH-EASTERN VICTORIA,Bayside Peninsula,534,Mornington Peninsula (S),Metro,145.1916974,-38.30344093,Mornington Peninsula
Catholic,2,1099,St Brendan's School,Primary,O,727 Corangamite Lake Road,CORAGULAC,3249,SOUTH-WESTERN VICTORIA,Barwon,175,Colac-Otway (S),Non Metro,143.518801,-38.270651,Colac-Otway
Catholic,2,1101,Our Lady of the Immaculate Conception School,Primary,O,32 Station Place,SUNSHINE,3020,SOUTH-WESTERN VICTORIA,Brimbank Melton,118,Brimbank (C),Metro,144.835562,-37.78945,Brimbank
Catholic,2,1108,St Mary's School,Primary,O,2 Mansfield Street,THORNBURY,3071,NORTH-WESTERN VICTORIA,North Eastern Melbourne,189,Darebin (C),Metro,145.001658,-37.75684,Darebin
Catholic,2,1109,St John's School,Primary,O,263 Russell Street,DENNINGTON,3280,SOUTH-WESTERN VICTORIA,Wimmera South West,673,Warrnambool (C),Non Metro,142.446138,-38.3515,Warrnambool
Catholic,2,1122,St Brigid's College,Secondary,O,97 Robinson Street,HORSHAM,3400,SOUTH-WESTERN VICTORIA,Wimmera South West,319,Horsham (RC),Non Metro,142.207946,-36.717313,Horsham
Catholic,2,1134,St Joan of Arc School,Primary,O,30 Dendy Street,BRIGHTON,3186,SOUTH-EASTERN VICTORIA,Bayside Peninsula,91,Bayside (C),Metro,144.994149,-37.92011,Bayside
Catholic,2,1136,St John's School,Primary,O,37 Anderson Street,EUROA,3666,NORTH-EASTERN VICTORIA,Goulburn,643,Strathbogie (S),Non Metro,145.569867,-36.75337,Strathbogie
Catholic,2,1146,St John's School,Primary,O,34 Essex Street,FOOTSCRAY,3011,SOUTH-WESTERN VICTORIA,Western Melbourne,433,Maribyrnong (C),Metro,144.885221,-37.795825,Maribyrnong
Catholic,2,1152,St Joseph's School,Primary,O,1-25 Broadway Street,COBRAM,3644,NORTH-EASTERN VICTORIA,Goulburn,490,Moira (S),Non Metro,145.652365,-35.917067,Moira
Catholic,2,1164,Mary Immaculate School,Primary,O,9 Rockbeare Grove,IVANHOE,3079,NORTH-WESTERN VICTORIA,North Eastern Melbourne,66,Banyule (C),Metro,145.038756,-37.771941,Banyule
Catholic,2,1173,St Joseph's School,Primary,O,367 High Street,NAGAMBIE,3608,NORTH-EASTERN VICTORIA,Goulburn,643,Strathbogie (S),Non Metro,145.154053,-36.78161,Strathbogie
Catholic,2,1176,Our Lady of Lourdes School,Primary,O,7 Wynnstay Road,PRAHRAN EAST,3181,SOUTH-EASTERN VICTORIA,Bayside Peninsula,635,Stonnington (C),Metro,145.009457,-37.852457,Stonnington
Catholic,2,1177,St Joseph's School,Primary,O,4-8 Raymond Street,ORBOST,3888,SOUTH-EASTERN VICTORIA,Outer Gippsland,211,East Gippsland (S),Non Metro,148.455631,-37.709168,East Gippsland
Catholic,2,1188,St Mary's School,Primary,O,43 O'Donnell Avenue,MYRTLEFORD,3737,NORTH-EASTERN VICTORIA,Ovens Murray,11,Alpine (S),Non Metro,146.7269257,-36.55357176,Alpine
Catholic,2,1193,St Therese's School,Primary,O,25-31 Edward Street,ESSENDON,3040,SOUTH-WESTERN VICTORIA,Western Melbourne,506,Moonee Valley (C),Metro,144.910309,-37.751111,Moonee Valley
Catholic,2,1196,Sacred Heart School,Primary,O,5 The Parade,YEA,3717,NORTH-EASTERN VICTORIA,Goulburn,562,Murrindindi (S),Non Metro,145.424612,-37.21454695,Murrindindi
Catholic,2,1206,Our Lady of Good Counsel School,Primary,O,12 Whitehorse Rd,DEEPDENE,3103,NORTH-EASTERN VICTORIA,Inner Eastern Melbourne,111,Boroondara (C),Metro,145.06279,-37.811081,Boroondara
Catholic,2,1217,St Joseph's School,Primary,O,362 Station Street,CHELSEA,3196,SOUTH-EASTERN VICTORIA,Bayside Peninsula,343,Kingston (C),Metro,145.118591,-38.055435,Kingston
Catholic,2,1221,St Finbar's School,Primary,O,90 Centre Road,BRIGHTON EAST,3187,SOUTH-EASTERN VICTORIA,Bayside Peninsula,91,Bayside (C),Metro,145.017464,-37.916284,Bayside
Catholic,2,1226,Loreto Mandeville Hall,Pri/Sec,O,10 Mandeville Crescent,TOORAK,3142,SOUTH-EASTERN VICTORIA,Bayside Peninsula,635,Stonnington (C),Metro,145.014892,-37.848193,Stonnington
Catholic,2,1229,St Dominic's School,Primary,O,145 Highfield Road,CAMBERWELL EAST,3124,NORTH-EASTERN VICTORIA,Inner Eastern Melbourne,111,Boroondara (C),Metro,145.083836,-37.838918,Boroondara
Catholic,2,1231,St Mary's School,Primary,O,59 Holyrood Street,HAMPTON,3188,SOUTH-EASTERN VICTORIA,Bayside Peninsula,91,Bayside (C),Metro,145.000898,-37.933052,Bayside
Catholic,2,1252,Holy Rosary School,Primary,O,18 Pohlman Street,HEATHCOTE,3523,NORTH-WESTERN VICTORIA,Loddon Campaspe,262,Greater Bendigo (C),Non Metro,144.701109,-36.917678,Greater Bendigo
Catholic,2,1253,St Mary's School,Primary,O,45-49 King Edward Street,COHUNA,3568,NORTH-WESTERN VICTORIA,Mallee,225,Gannawarra (S),Non Metro,144.218544,-35.808233,Gannawarra
Catholic,2,1260,St Joseph's School,Primary,O,17 Martin Street,CRIB POINT,3919,SOUTH-EASTERN VICTORIA,Bayside Peninsula,534,Mornington Peninsula (S),Metro,145.202806,-38.361465,Mornington Peninsula
Catholic,2,1265,St Fidelis' School,Primary,O,52 Saunders Street,MORELAND,3058,NORTH-WESTERN VICTORIA,Hume Merri-bek,525,Merri-bek (C),Metro,144.951561,-37.74984,Merri-bek
Catholic,2,1272,St Francis Xavier's School,Primary,O,1087 Whitehorse Road,BOX HILL,3128,NORTH-EASTERN VICTORIA,Inner Eastern Melbourne,698,Whitehorse (C),Metro,145.131493,-37.818494,Whitehorse
Catholic,2,1273,St Mary's School,Primary,O,95A Railway Street,ALTONA,3018,SOUTH-WESTERN VICTORIA,Western Melbourne,311,Hobsons Bay (C),Metro,144.828375,-37.866658,Hobsons Bay
Catholic,2,1275,Our Lady Help of Christians School,Primary,O,1-13 Henry Street,ELTHAM,3095,NORTH-WESTERN VICTORIA,North Eastern Melbourne,571,Nillumbik (S),Metro,145.147912,-37.716123,Nillumbik
Catholic,2,1277,Our Lady of the Sacred Heart School,Primary,O,18 Box Street,MERBEIN,3505,NORTH-WESTERN VICTORIA,Mallee,478,Mildura (RC),Non Metro,142.053086,-34.166857,Mildura
Catholic,2,1280,St Francis Xavier School,Primary,O,8 Park Street,FRANKSTON,3199,SOUTH-EASTERN VICTORIA,Bayside Peninsula,217,Frankston (C),Metro,145.1262013,-38.14879945,Frankston
Catholic,2,1287,Our Lady of Sion College,Secondary,O,1065 Whitehorse Road,BOX HILL,3128,NORTH-EASTERN VICTORIA,Inner Eastern Melbourne,698,Whitehorse (C),Metro,145.129918,-37.818348,Whitehorse
Catholic,2,1289,St Gabriel's School,Primary,O,237 Spring Street,RESERVOIR,3073,NORTH-WESTERN VICTORIA,North Eastern Melbourne,189,Darebin (C),Metro,145.005121,-37.718019,Darebin
Catholic,2,1291,St Paul's School,Primary,O,122 Jasper Road,BENTLEIGH,3204,SOUTH-EASTERN VICTORIA,Bayside Peninsula,231,Glen Eira (C),Metro,145.041466,-37.922826,Glen Eira
Catholic,2,1299,Salesian College Sunbury,Secondary,O,1 Macedon Street,SUNBURY,3429,NORTH-WESTERN VICTORIA,Hume Merri-bek,327,Hume (C),Metro,144.73903,-37.572644,Hume
Catholic,2,1301,St Patrick's School,Primary,O,2 Merrick Street,STRATFORD,3862,SOUTH-EASTERN VICTORIA,Outer Gippsland,681,Wellington (S),Non Metro,147.077678,-37.96726,Wellington
Catholic,2,1309,St Joseph's School,Primary,O,58 Waterloo Road,TRAFALGAR,3824,SOUTH-EASTERN VICTORIA,Inner Gippsland,83,Baw Baw (S),Non Metro,146.152194,-38.20721,Baw Baw
Catholic,2,1310,St Patrick's School,Primary,O,3 Dalny Road,MURRUMBEENA,3163,SOUTH-EASTERN VICTORIA,Bayside Peninsula,231,Glen Eira (C),Metro,145.065265,-37.901775,Glen Eira
Catholic,2,1311,St Roch's School,Primary,O,Glenvale Road,GLEN IRIS,3146,SOUTH-EASTERN VICTORIA,Bayside Peninsula,635,Stonnington (C),Metro,145.052313,-37.857364,Stonnington
Catholic,2,1328,St Anne's School,Primary,O,7-19 Beresford Street,KEW EAST,3102,NORTH-EASTERN VICTORIA,Inner Eastern Melbourne,111,Boroondara (C),Metro,145.049813,-37.79538,Boroondara
Catholic,2,1342,Our Lady of Perpetual Help School,Primary,O,2 Wilana Street,RINGWOOD,3134,NORTH-EASTERN VICTORIA,Outer Eastern Melbourne,441,Maroondah (C),Metro,145.232182,-37.816423,Maroondah
Catholic,2,1343,St Francis Xavier Primary School,Primary,O,90 Mayona Road,MONTMORENCY,3094,NORTH-WESTERN VICTORIA,North Eastern Melbourne,66,Banyule (C),Metro,145.1265613,-37.71600768,Banyule
Catholic,2,1347,St Joseph's School,Primary,O,Constitution Hill Road,SORRENTO,3943,SOUTH-EASTERN VICTORIA,Bayside Peninsula,534,Mornington Peninsula (S),Metro,144.741801,-38.340472,Mornington Peninsula
Catholic,2,1354,St Cecilia's School,Primary,O,4 Van Ness Avenue,GLEN IRIS,3146,NORTH-EASTERN VICTORIA,Inner Eastern Melbourne,111,Boroondara (C),Metro,145.064602,-37.850094,Boroondara
Catholic,2,1368,St Joseph's School,Primary,O,28 Sandham Street,ELSTERNWICK,3185,SOUTH-EASTERN VICTORIA,Bayside Peninsula,231,Glen Eira (C),Metro,145.005287,-37.88251,Glen Eira
Catholic,2,1373,St Joseph's School,Primary,O,17 Fitzroy Avenue,RED CLIFFS,3496,NORTH-WESTERN VICTORIA,Mallee,478,Mildura (RC),Non Metro,142.187959,-34.30235,Mildura
Catholic,2,1383,St Peter's School,Primary,O,32 Wedge Street,EPPING,3076,NORTH-WESTERN VICTORIA,North Eastern Melbourne,707,Whittlesea (C),Metro,145.027548,-37.650542,Whittlesea
Catholic,2,1386,Santa Maria College,Secondary,O,50 Separation Street,NORTHCOTE,3070,NORTH-WESTERN VICTORIA,North Eastern Melbourne,189,Darebin (C),Metro,145.00248,-37.770356,Darebin
Catholic,2,1393,Sacred Heart School,Primary,O,2 Mora Avenue,OAKLEIGH,3166,NORTH-EASTERN VICTORIA,Inner Eastern Melbourne,497,Monash (C),Metro,145.086915,-37.901835,Monash
Catholic,2,1398,St Mark's School,Primary,O,118 Argyle Street,FAWKNER,3060,NORTH-WESTERN VICTORIA,Hume Merri-bek,525,Merri-bek (C),Metro,144.963618,-37.716278,Merri-bek
Catholic,2,1406,St John the Baptist School,Primary,O,17 Forest Road,FERNTREE GULLY,3156,NORTH-EASTERN VICTORIA,Outer Eastern Melbourne,367,Knox (C),Metro,145.295174,-37.887382,Knox
Catholic,2,1407,St John's School,Primary,O,490 Whitehorse Road,MITCHAM,3132,NORTH-EASTERN VICTORIA,Inner Eastern Melbourne,698,Whitehorse (C),Metro,145.190401,-37.817445,Whitehorse
Catholic,2,1408,St Mary's School,Primary,O,121-143 McLennan Street,MOOROOPNA,3629,NORTH-EASTERN VICTORIA,Goulburn,283,Greater Shepparton (C),Non Metro,145.35422,-36.39605,Greater Shepparton
Catholic,2,1412,St Raphael's School,Primary,O,Cooper Street,PRESTON WEST,3072,NORTH-WESTERN VICTORIA,North Eastern Melbourne,189,Darebin (C),Metro,144.992623,-37.734098,Darebin
Catholic,2,1415,St Kevin's College,Pri/Sec,O,31 Moonga Road,TOORAK,3142,SOUTH-EASTERN VICTORIA,Bayside Peninsula,635,Stonnington (C),Metro,145.0246967,-37.8353971,Stonnington
Catholic,2,1416,St John the Baptist's School,Primary,O,Station Street,KOO WEE RUP,3981,SOUTH-EASTERN VICTORIA,Southern Melbourne,145,Cardinia (S),Metro,145.485268,-38.197464,Cardinia
Catholic,2,1422,St Vincent de Paul's School,Primary,O,92 - 114 Woodland Street,STRATHMORE,3041,SOUTH-WESTERN VICTORIA,Western Melbourne,506,Moonee Valley (C),Metro,144.92413,-37.742142,Moonee Valley
Catholic,2,1425,St Joseph's College Geelong,Secondary,O,135 Aphrasia Street,NEWTOWN,3220,SOUTH-WESTERN VICTORIA,Barwon,275,Greater Geelong (C),Non Metro,144.331863,-38.150205,Greater Geelong
Catholic,2,1429,St Joseph's School,Primary,O,33 St John's Avenue,SPRINGVALE,3171,SOUTH-EASTERN VICTORIA,Southern Melbourne,267,Greater Dandenong (C),Metro,145.150344,-37.953229,Greater Dandenong
Catholic,2,1431,St Bede's College,Secondary,O,2 Mentone Parade,MENTONE,3194,SOUTH-EASTERN VICTORIA,Bayside Peninsula,343,Kingston (C),Metro,145.068214,-37.991161,Kingston
Catholic,2,1438,Holy Name School,Primary,O,12 Robb Street,PRESTON EAST,3073,NORTH-WESTERN VICTORIA,North Eastern Melbourne,189,Darebin (C),Metro,145.018574,-37.730261,Darebin
Catholic,2,1445,Siena College Ltd,Secondary,O,815 Riversdale Road,CAMBERWELL,3124,NORTH-EASTERN VICTORIA,Inner Eastern Melbourne,111,Boroondara (C),Metro,145.082575,-37.833662,Boroondara
Catholic,2,1459,St Bernard's School,Primary,O,36 Patterson Street,COBURG EAST,3058,NORTH-WESTERN VICTORIA,Hume Merri-bek,525,Merri-bek (C),Metro,144.972708,-37.747422,Merri-bek
Catholic,2,1465,St Oliver Plunkett's School,Primary,O,1-39 Landells Road,PASCOE VALE,3044,NORTH-WESTERN VICTORIA,Hume Merri-bek,525,Merri-bek (C),Metro,144.941855,-37.730886,Merri-bek
Catholic,2,1466,Corpus Christi School,Primary,O,380 Geelong Road,KINGSVILLE,3012,SOUTH-WESTERN VICTORIA,Western Melbourne,433,Maribyrnong (C),Metro,144.872915,-37.808532,Maribyrnong
Catholic,2,1470,St Robert's School,Primary,O,13 Nicholas Street,NEWTOWN,3220,SOUTH-WESTERN VICTORIA,Barwon,275,Greater Geelong (C),Non Metro,144.343009,-38.15641,Greater Geelong
Catholic,2,1471,St Bernard's College,Secondary,O,41 Rosehill Road,ESSENDON,3040,SOUTH-WESTERN VICTORIA,Western Melbourne,506,Moonee Valley (C),Metro,144.8832,-37.749392,Moonee Valley
Catholic,2,1473,Whitefriars College,Secondary,O,156 Park Road,DONVALE,3111,NORTH-EASTERN VICTORIA,Inner Eastern Melbourne,421,Manningham (C),Metro,145.199541,-37.7918,Manningham
Catholic,2,1477,St Michael's School,Primary,O,268 High Street,ASHBURTON,3147,NORTH-EASTERN VICTORIA,Inner Eastern Melbourne,111,Boroondara (C),Metro,145.082484,-37.864128,Boroondara
Catholic,2,1480,St Mary's School,Primary,O,131 Powells Road,CLARKES HILL,3352,SOUTH-WESTERN VICTORIA,Central Highlands,515,Moorabool (S),Non Metro,143.988696,-37.500399,Moorabool
Catholic,2,1481,Our Lady of the Sacred Heart College,Secondary,O,111 Jasper Road,BENTLEIGH,3204,SOUTH-EASTERN VICTORIA,Bayside Peninsula,231,Glen Eira (C),Metro,145.039942,-37.925723,Glen Eira
Catholic,2,1482,St Bede's School,Primary,O,2 Marwal Avenue,BALWYN NORTH,3104,NORTH-EASTERN VICTORIA,Inner Eastern Melbourne,111,Boroondara (C),Metro,145.070901,-37.793523,Boroondara
Catholic,2,1485,Salesian College Chadstone,Secondary,O,10 Bosco Street,CHADSTONE,3148,NORTH-EASTERN VICTORIA,Inner Eastern Melbourne,497,Monash (C),Metro,145.100257,-37.882735,Monash
Catholic,2,1488,St Patrick's School,Primary,O,29 Leahy Street,NHILL,3418,SOUTH-WESTERN VICTORIA,Wimmera South West,298,Hindmarsh (S),Non Metro,141.64304,-36.335412,Hindmarsh
Catholic,2,1489,St Margaret's School,Primary,O,83 St Albans Road,GEELONG EAST,3219,SOUTH-WESTERN VICTORIA,Barwon,275,Greater Geelong (C),Non Metro,144.373926,-38.164624,Greater Geelong
Catholic,2,1493,St Kieran's School,Primary,O,Lloyd Street,MOE,3825,SOUTH-EASTERN VICTORIA,Inner Gippsland,381,Latrobe (C),Non Metro,146.253555,-38.179369,Latrobe
Catholic,2,1495,Marcellin College,Secondary,O,160 Bulleen Road,BULLEEN,3105,NORTH-EASTERN VICTORIA,Inner Eastern Melbourne,421,Manningham (C),Metro,145.082675,-37.774782,Manningham
Catholic,2,1497,Marist-Sion College,Secondary,O,165 Burke Street,WARRAGUL,3820,SOUTH-EASTERN VICTORIA,Inner Gippsland,83,Baw Baw (S),Non Metro,145.915266,-38.159029,Baw Baw
Catholic,2,1499,St Theresa's School,Primary,O,16 Drummartin Street,ALBION,3020,SOUTH-WESTERN VICTORIA,Brimbank Melton,118,Brimbank (C),Metro,144.820196,-37.782193,Brimbank
Catholic,2,1500,St Bernadette's School,Primary,O,53 Stanley Street,IVANHOE WEST,3079,NORTH-WESTERN VICTORIA,North Eastern Melbourne,66,Banyule (C),Metro,145.034125,-37.763063,Banyule
Catholic,2,1501,St Colman's School,Primary,O,46 Dunlop Street,MORTLAKE,3272,SOUTH-WESTERN VICTORIA,Wimmera South West,549,Moyne (S),Non Metro,142.8020236,-38.07993674,Moyne
Catholic,2,1503,St Agnes' School,Primary,O,Peterson Street,HIGHETT,3190,SOUTH-EASTERN VICTORIA,Bayside Peninsula,91,Bayside (C),Metro,145.031826,-37.946096,Bayside
Catholic,2,1505,Our Lady of the Assumption School,Primary,O,9 Centre Dandenong Road,CHELTENHAM,3192,SOUTH-EASTERN VICTORIA,Bayside Peninsula,343,Kingston (C),Metro,145.059713,-37.965505,Kingston
Catholic,2,1509,Sacred Heart School,Primary,O,50 Monastery Drive,CROYDON,3136,NORTH-EASTERN VICTORIA,Outer Eastern Melbourne,441,Maroondah (C),Metro,145.272793,-37.79749,Maroondah
Catholic,2,1510,St Malachy's School,Primary,O,34 Lake Street,EDENHOPE,3318,SOUTH-WESTERN VICTORIA,Wimmera South West,689,West Wimmera (S),Non Metro,141.300045,-37.034028,West Wimmera
Catholic,2,1512,St Mary's School,Primary,O,Myrtle Street,ALEXANDRA,3714,NORTH-EASTERN VICTORIA,Goulburn,562,Murrindindi (S),Non Metro,145.713385,-37.191268,Murrindindi
Catholic,2,1516,Holy Spirit School,Primary,O,197 Clarendon Street,THORNBURY EAST,3071,NORTH-WESTERN VICTORIA,North Eastern Melbourne,189,Darebin (C),Metro,145.01619,-37.760845,Darebin
Catholic,2,1521,Sacred Heart School,Primary,O,2-4 Winifred Street,ST ALBANS,3021,SOUTH-WESTERN VICTORIA,Brimbank Melton,118,Brimbank (C),Metro,144.800053,-37.73769,Brimbank
Catholic,2,1522,St Thomas The Apostle School,Primary,O,67 Central Road,BLACKBURN,3130,NORTH-EASTERN VICTORIA,Inner Eastern Melbourne,698,Whitehorse (C),Metro,145.157434,-37.823247,Whitehorse
Catholic,2,1523,St Mary's School,Primary,O,5-7 Southam Street,RUSHWORTH,3612,NORTH-WESTERN VICTORIA,Loddon Campaspe,137,Campaspe (S),Non Metro,145.011203,-36.587795,Campaspe
Catholic,2,1524,St Michael's School,Primary,O,Davis Street,HEYFIELD,3858,SOUTH-EASTERN VICTORIA,Outer Gippsland,681,Wellington (S),Non Metro,146.7842665,-37.98075149,Wellington
Catholic,2,1525,St Thomas Aquinas School,Primary,O,51 Plume Street,NORLANE,3214,SOUTH-WESTERN VICTORIA,Barwon,275,Greater Geelong (C),Non Metro,144.35882,-38.090171,Greater Geelong
Catholic,2,1526,St Pius X School,Primary,O,431 Waterdale Road,HEIDELBERG WEST,3081,NORTH-WESTERN VICTORIA,North Eastern Melbourne,66,Banyule (C),Metro,145.04629,-37.746924,Banyule
Catholic,2,1527,St Margaret Mary's School,Primary,O,181 Hudsons Road,SPOTSWOOD,3015,SOUTH-WESTERN VICTORIA,Western Melbourne,311,Hobsons Bay (C),Metro,144.877732,-37.829084,Hobsons Bay
Catholic,2,1528,Monivae College,Secondary,O,133 Ballarat Road,HAMILTON,3300,SOUTH-WESTERN VICTORIA,Wimmera South West,626,Southern Grampians (S),Non Metro,142.0494536,-37.74203709,Southern Grampians
Catholic,2,1530,St Anthony's School,Primary,O,90 Buckley Street,NOBLE PARK,3174,SOUTH-EASTERN VICTORIA,Southern Melbourne,267,Greater Dandenong (C),Metro,145.172427,-37.97171,Greater Dandenong
Catholic,2,1531,St Peter's School,Primary,O,16 Mary Street,CLAYTON,3168,NORTH-EASTERN VICTORIA,Inner Eastern Melbourne,497,Monash (C),Metro,145.121859,-37.92314,Monash
Catholic,2,1532,St Joseph's School,Primary,O,33 Lascelles Street,HOPETOUN,3396,SOUTH-WESTERN VICTORIA,Wimmera South West,763,Yarriambiack (S),Non Metro,142.362192,-35.72393,Yarriambiack
Catholic,2,1534,St John Bosco's School,Primary,O,6 Teague Street,NIDDRIE,3042,SOUTH-WESTERN VICTORIA,Western Melbourne,506,Moonee Valley (C),Metro,144.889028,-37.743657,Moonee Valley
Catholic,2,1537,Holy Family School,Primary,O,143-147 Separation Street,BELL PARK,3215,SOUTH-WESTERN VICTORIA,Barwon,275,Greater Geelong (C),Non Metro,144.338334,-38.111101,Greater Geelong
Catholic,2,1538,Holy Spirit Parish School,Primary,O,83 Minerva Road,MANIFOLD HEIGHTS,3218,SOUTH-WESTERN VICTORIA,Barwon,275,Greater Geelong (C),Non Metro,144.329964,-38.135809,Greater Geelong
Catholic,2,1539,St Mary's School,Primary,O,210 Grimshaw Street,GREENSBOROUGH,3088,NORTH-WESTERN VICTORIA,North Eastern Melbourne,66,Banyule (C),Metro,145.092633,-37.702851,Banyule
Catholic,2,1541,Mother of God School,Primary,O,67 Blanche Street,ARDEER,3022,SOUTH-WESTERN VICTORIA,Brimbank Melton,118,Brimbank (C),Metro,144.800812,-37.779414,Brimbank
Catholic,2,1542,St Peter Chanel School,Primary,O,848 Ballarat Road,DEER PARK,3023,SOUTH-WESTERN VICTORIA,Brimbank Melton,118,Brimbank (C),Metro,144.769266,-37.768526,Brimbank
Catholic,2,1543,Christ the King Primary School,Primary,O,28 Riley Court,BRAYBROOK,3019,SOUTH-WESTERN VICTORIA,Western Melbourne,433,Maribyrnong (C),Metro,144.86196,-37.787611,Maribyrnong
Catholic,2,1545,Corpus Christi School,Primary,O,13-21 Widford Street,GLENROY,3046,NORTH-WESTERN VICTORIA,Hume Merri-bek,525,Merri-bek (C),Metro,144.922802,-37.703891,Merri-bek
Catholic,2,1547,Killester College,Secondary,O,433 Springvale Road,SPRINGVALE,3171,SOUTH-EASTERN VICTORIA,Southern Melbourne,267,Greater Dandenong (C),Metro,145.152017,-37.959071,Greater Dandenong
Catholic,2,1549,St Paul's School,Primary,O,Links Street,SUNSHINE WEST,3020,SOUTH-WESTERN VICTORIA,Brimbank Melton,118,Brimbank (C),Metro,144.807516,-37.787534,Brimbank
Catholic,2,1551,Clonard College,Secondary,O,225 Church Street,HERNE HILL,3218,SOUTH-WESTERN VICTORIA,Barwon,275,Greater Geelong (C),Non Metro,144.330481,-38.130078,Greater Geelong
Catholic,2,1554,Stella Maris School,Primary,O,113 Oak Street,BEAUMARIS,3193,SOUTH-EASTERN VICTORIA,Bayside Peninsula,91,Bayside (C),Metro,145.041044,-37.981986,Bayside
Catholic,2,1555,St Therese's School,Primary,O,27  Albion Street,KENNINGTON,3550,NORTH-WESTERN VICTORIA,Loddon Campaspe,262,Greater Bendigo (C),Non Metro,144.298244,-36.766898,Greater Bendigo
Catholic,2,1556,St Bernadette's School,Primary,O,2 Willey Street,SUNSHINE NORTH,3020,SOUTH-WESTERN VICTORIA,Brimbank Melton,118,Brimbank (C),Metro,144.835276,-37.771157,Brimbank
Catholic,2,1557,St James' School,Primary,O,260 Albert Street,SEBASTOPOL,3356,SOUTH-WESTERN VICTORIA,Central Highlands,57,Ballarat (C),Non Metro,143.840181,-37.603467,Ballarat
Catholic,2,1560,Sacred Heart School,Primary,O,Olive Grove,MILDURA,3500,NORTH-WESTERN VICTORIA,Mallee,478,Mildura (RC),Non Metro,142.152242,-34.187326,Mildura
Catholic,2,1563,St Margaret's Primary School,Primary,O,67 The Esplanade,MARIBYRNONG,3032,SOUTH-WESTERN VICTORIA,Western Melbourne,433,Maribyrnong (C),Metro,144.891039,-37.766895,Maribyrnong
Catholic,2,1564,Immaculate Heart of Mary School,Primary,O,50-54 Monash Road,NEWBOROUGH,3825,SOUTH-EASTERN VICTORIA,Inner Gippsland,381,Latrobe (C),Non Metro,146.291592,-38.184743,Latrobe
Catholic,2,1565,Holy Family School,Primary,O,250 Stephensons Road,MOUNT WAVERLEY,3149,NORTH-EASTERN VICTORIA,Inner Eastern Melbourne,497,Monash (C),Metro,145.129634,-37.874255,Monash
Catholic,2,1566,St Gerard's School,Primary,O,71 Gladstone Road,DANDENONG NORTH,3175,SOUTH-EASTERN VICTORIA,Southern Melbourne,267,Greater Dandenong (C),Metro,145.205824,-37.971329,Greater Dandenong
Catholic,2,1568,St Mel's School,Primary,O,35 Hamilton Street,SHEPPARTON SOUTH,3630,NORTH-EASTERN VICTORIA,Goulburn,283,Greater Shepparton (C),Non Metro,145.410675,-36.39247,Greater Shepparton
Catholic,2,1569,Our Lady of Perpetual Succour School,Primary,O,31 Erasmus Street,SURREY HILLS,3127,NORTH-EASTERN VICTORIA,Inner Eastern Melbourne,698,Whitehorse (C),Metro,145.111389,-37.830057,Whitehorse
Catholic,2,1570,St Catherine's School,Primary,O,14-28 Fletcher Street,MOORABBIN,3189,SOUTH-EASTERN VICTORIA,Bayside Peninsula,343,Kingston (C),Metro,145.052171,-37.938224,Kingston
Catholic,2,1571,Sacred Heart Girls' College,Secondary,O,113 Warrigal Road,HUGHESDALE,3166,NORTH-EASTERN VICTORIA,Inner Eastern Melbourne,497,Monash (C),Metro,145.086083,-37.902163,Monash
Catholic,2,1575,St Vincent de Paul's School,Primary,O,2 Rowell Street,MORWELL EAST,3840,SOUTH-EASTERN VICTORIA,Inner Gippsland,381,Latrobe (C),Non Metro,146.415478,-38.230608,Latrobe
Catholic,2,1578,St Mary's School,Primary,O,47 Hannon Street,SEA LAKE,3533,NORTH-WESTERN VICTORIA,Mallee,127,Buloke (S),Non Metro,142.85067,-35.501832,Buloke
Catholic,2,1579,St Joseph's School,Primary,O,40 Milners Road,YARRA JUNCTION,3797,NORTH-EASTERN VICTORIA,Outer Eastern Melbourne,745,Yarra Ranges (S),Metro,145.616814,-37.792172,Yarra Ranges
Catholic,2,1581,St Brendan's School,Primary,O,Golf Links Road,LAKES ENTRANCE,3909,SOUTH-EASTERN VICTORIA,Outer Gippsland,211,East Gippsland (S),Non Metro,148.012335,-37.87102,East Gippsland
Catholic,2,1582,St Martin of Tours School,Primary,O,2-12 Silk Street,ROSANNA,3084,NORTH-WESTERN VICTORIA,North Eastern Melbourne,66,Banyule (C),Metro,145.076979,-37.735182,Banyule
Catholic,2,1583,St Michael's School,Primary,O,Queen Elizabeth Drive,TALLANGATTA,3700,NORTH-EASTERN VICTORIA,Ovens Murray,667,Towong (S),Non Metro,147.173415,-36.216232,Towong
Catholic,2,1584,Christ Our Holy Redeemer School,Primary,O,43 Ferntree Gully Road,OAKLEIGH EAST,3166,NORTH-EASTERN VICTORIA,Inner Eastern Melbourne,497,Monash (C),Metro,145.105753,-37.896158,Monash
Catholic,2,1585,Our Lady of the Nativity School,Primary,O,29 Fawkner Street,ABERFELDIE,3040,SOUTH-WESTERN VICTORIA,Western Melbourne,506,Moonee Valley (C),Metro,144.896581,-37.756347,Moonee Valley
Catholic,2,1588,St John's Regional College,Secondary,O,5-11 Caroline Street,DANDENONG,3175,SOUTH-EASTERN VICTORIA,Southern Melbourne,267,Greater Dandenong (C),Metro,145.226256,-37.990229,Greater Dandenong
Catholic,2,1589,Nagle College,Secondary,O,20 Hope Avenue,BAIRNSDALE,3875,SOUTH-EASTERN VICTORIA,Outer Gippsland,211,East Gippsland (S),Non Metro,147.587656,-37.837096,East Gippsland
Catholic,2,1590,St Mary's School,Pri/Sec,O,12 Watkin Street,ROBINVALE,3549,NORTH-WESTERN VICTORIA,Mallee,661,Swan Hill (RC),Non Metro,142.7785055,-34.58470583,Swan Hill
Catholic,2,1591,Our Lady's School,Primary,O,White Street,WANGARATTA,3677,NORTH-EASTERN VICTORIA,Ovens Murray,670,Wangaratta (RC),Non Metro,146.321144,-36.372191,Wangaratta
Catholic,2,1592,Emmaus College,Pri/Sec,O,503 Springvale Road,VERMONT SOUTH,3133,NORTH-EASTERN VICTORIA,Inner Eastern Melbourne,698,Whitehorse (C),Metro,145.174107,-37.84779,Whitehorse
Catholic,2,1593,St Dominic's School,Primary,O,408 Camp Road,BROADMEADOWS,3047,NORTH-WESTERN VICTORIA,Hume Merri-bek,327,Hume (C),Metro,144.923702,-37.685055,Hume
Catholic,2,1594,St Patrick's School,Primary,O,Mangan Street,TONGALA,3621,NORTH-WESTERN VICTORIA,Loddon Campaspe,137,Campaspe (S),Non Metro,144.953591,-36.252656,Campaspe
Catholic,2,1596,St Leonard's School,Primary,O,349 Springvale Road,GLEN WAVERLEY,3150,NORTH-EASTERN VICTORIA,Inner Eastern Melbourne,497,Monash (C),Metro,145.163894,-37.886803,Monash
Catholic,2,1598,St Scholastica's School,Primary,O,4-8 Starling Street,BENNETTSWOOD,3125,NORTH-EASTERN VICTORIA,Inner Eastern Melbourne,698,Whitehorse (C),Metro,145.125908,-37.851646,Whitehorse
Catholic,2,1600,St Christopher's School,Primary,O,2-16 Doon Avenue,GLEN WAVERLEY,3150,NORTH-EASTERN VICTORIA,Inner Eastern Melbourne,497,Monash (C),Metro,145.1501975,-37.87109838,Monash
Catholic,2,1602,St John Vianney's School,Primary,O,Brisbane Terrace,PARKDALE EAST,3195,SOUTH-EASTERN VICTORIA,Bayside Peninsula,343,Kingston (C),Metro,145.09249,-37.99047,Kingston
Catholic,2,1604,Ss Peter & Paul's School,Primary,O,16 Beverley Street,DONCASTER EAST,3109,NORTH-EASTERN VICTORIA,Inner Eastern Melbourne,421,Manningham (C),Metro,145.1534,-37.790552,Manningham
Catholic,2,1605,St Mary of the Angels College,Secondary,O,Chapel Street,NATHALIA,3638,NORTH-EASTERN VICTORIA,Goulburn,490,Moira (S),Non Metro,145.208748,-36.057656,Moira
Catholic,2,1607,Holy Family School,Primary,O,100 Power Road,DOVETON,3177,SOUTH-EASTERN VICTORIA,Southern Melbourne,161,Casey (C),Metro,145.238629,-37.990496,Casey
Catholic,2,1608,Aquinas College,Secondary,O,46 Great Ryrie Street,RINGWOOD,3134,NORTH-EASTERN VICTORIA,Outer Eastern Melbourne,441,Maroondah (C),Metro,145.234935,-37.823058,Maroondah
Catholic,2,1612,St Matthew's School,Primary,O,95 William Street,FAWKNER NORTH,3060,NORTH-WESTERN VICTORIA,Hume Merri-bek,525,Merri-bek (C),Metro,144.967951,-37.698156,Merri-bek
Catholic,2,1613,St John Vianney's School,Primary,O,23 Police Road,MULGRAVE,3170,NORTH-EASTERN VICTORIA,Inner Eastern Melbourne,497,Monash (C),Metro,145.159559,-37.932718,Monash
Catholic,2,1615,St Luke's School,Primary,O,1A David Street,LALOR,3075,NORTH-WESTERN VICTORIA,North Eastern Melbourne,707,Whittlesea (C),Metro,145.0188321,-37.67237431,Whittlesea
Catholic,2,1616,St Francis de Sales School,Primary,O,626 Pascoe Vale Road,OAK PARK,3046,NORTH-WESTERN VICTORIA,Hume Merri-bek,525,Merri-bek (C),Metro,144.921079,-37.718847,Merri-bek
Catholic,2,1618,St Thomas More's School,Primary,O,Reynold's Lane,BELGRAVE,3160,NORTH-EASTERN VICTORIA,Outer Eastern Melbourne,745,Yarra Ranges (S),Metro,145.3526801,-37.90841476,Yarra Ranges
Catholic,2,1619,St Pius X School,Primary,O,32-34 Hoddle Street,WARRNAMBOOL WEST,3280,SOUTH-WESTERN VICTORIA,Wimmera South West,673,Warrnambool (C),Non Metro,142.46583,-38.364916,Warrnambool
Catholic,2,1620,St Christopher's School,Primary,O,34 Roberts Road,AIRPORT WEST,3042,SOUTH-WESTERN VICTORIA,Western Melbourne,506,Moonee Valley (C),Metro,144.880249,-37.72501,Moonee Valley
Catholic,2,1622,Sacred Heart School,Primary,O,125 Hart Street,ELIMINYT,3250,SOUTH-WESTERN VICTORIA,Barwon,175,Colac-Otway (S),Non Metro,143.578547,-38.353155,Colac-Otway
Catholic,2,1623,Sacred Heart School,Primary,O,25 Gipson Street,DIAMOND CREEK,3089,NORTH-WESTERN VICTORIA,North Eastern Melbourne,571,Nillumbik (S),Metro,145.158777,-37.67214795,Nillumbik
Catholic,2,1624,St Michael's School,Primary,O,16 Scanlan Street,BERWICK,3806,SOUTH-EASTERN VICTORIA,Southern Melbourne,161,Casey (C),Metro,145.353572,-38.033824,Casey
Catholic,2,1625,Ave Maria College,Secondary,O,14-22 Vida Street,ABERFELDIE,3040,SOUTH-WESTERN VICTORIA,Western Melbourne,506,Moonee Valley (C),Metro,144.897964,-37.756618,Moonee Valley
Catholic,2,1627,Our Lady of the Way School,Primary,O,11-13 Green Avenue,KINGSBURY,3083,NORTH-WESTERN VICTORIA,North Eastern Melbourne,189,Darebin (C),Metro,145.035525,-37.715261,Darebin
Catholic,2,1628,St Luke the Evangelist School,Primary,O,46 Orchard Grove,BLACKBURN SOUTH,3130,NORTH-EASTERN VICTORIA,Inner Eastern Melbourne,698,Whitehorse (C),Metro,145.146714,-37.835551,Whitehorse
Catholic,2,1629,St Bernard's School,Primary,O,2-14 Williams Road,WANGARATTA,3677,NORTH-EASTERN VICTORIA,Ovens Murray,670,Wangaratta (RC),Non Metro,146.305601,-36.346559,Wangaratta
Catholic,2,1632,Our Lady Help of Christians School,Primary,O,15 Munro Street,MURTOA,3390,SOUTH-WESTERN VICTORIA,Wimmera South West,763,Yarriambiack (S),Non Metro,142.473651,-36.622676,Yarriambiack
Catholic,2,1634,Marian College,Secondary,O,196 Glengala Road,SUNSHINE WEST,3020,SOUTH-WESTERN VICTORIA,Brimbank Melton,118,Brimbank (C),Metro,144.806129,-37.787731,Brimbank
Catholic,2,1635,Mount St Joseph Girls' College,Secondary,O,133 Maidstone Street,ALTONA,3018,SOUTH-WESTERN VICTORIA,Western Melbourne,311,Hobsons Bay (C),Metro,144.811674,-37.863902,Hobsons Bay
Catholic,2,1638,Our Lady Help of Christians School,Primary,O,480A Gillies Street,WENDOUREE,3355,SOUTH-WESTERN VICTORIA,Central Highlands,57,Ballarat (C),Non Metro,143.825614,-37.525436,Ballarat
Catholic,2,1640,St Clement of Rome School,Primary,O,9 Egan Drive,BULLEEN,3105,NORTH-EASTERN VICTORIA,Inner Eastern Melbourne,421,Manningham (C),Metro,145.090333,-37.767296,Manningham
Catholic,2,1641,St Joseph's Primary School,Primary,O,212 Boronia Road,BORONIA,3155,NORTH-EASTERN VICTORIA,Outer Eastern Melbourne,367,Knox (C),Metro,145.274814,-37.862707,Knox
Catholic,2,1642,Sacred Heart School,Primary,O,111-115 Hansen Street,CORRYONG,3707,NORTH-EASTERN VICTORIA,Ovens Murray,667,Towong (S),Non Metro,147.89919,-36.198241,Towong
Catholic,2,1644,Mater Christi College,Secondary,O,28 Bayview Road,BELGRAVE,3160,NORTH-EASTERN VICTORIA,Outer Eastern Melbourne,745,Yarra Ranges (S),Metro,145.3588871,-37.9106377,Yarra Ranges
Catholic,2,1645,Our Lady of Lourdes School,Primary,O,23 Orange Grove,BAYSWATER,3153,NORTH-EASTERN VICTORIA,Outer Eastern Melbourne,367,Knox (C),Metro,145.265765,-37.848985,Knox
Catholic,2,1646,St Joseph's College,Secondary,O,5 Brenock Park Drive,FERNTREE GULLY,3156,NORTH-EASTERN VICTORIA,Outer Eastern Melbourne,367,Knox (C),Metro,145.295093,-37.89049,Knox
Catholic,2,1648,Annunciation School,Primary,O,4-14 Nolan Avenue,BROOKLYN,3012,SOUTH-WESTERN VICTORIA,Western Melbourne,311,Hobsons Bay (C),Metro,144.847959,-37.820989,Hobsons Bay
Catholic,2,1649,St Louis de Montfort's School,Primary,O,37 Dolphin Street,ASPENDALE,3195,SOUTH-EASTERN VICTORIA,Bayside Peninsula,343,Kingston (C),Metro,145.102261,-38.018128,Kingston
Catholic,2,1650,St Thomas More's School,Primary,O,30 Angus Street,HADFIELD,3046,NORTH-WESTERN VICTORIA,Hume Merri-bek,525,Merri-bek (C),Metro,144.944942,-37.707293,Merri-bek
Catholic,2,1651,Avila College,Secondary,O,35 Charles Street,MOUNT WAVERLEY,3149,NORTH-EASTERN VICTORIA,Inner Eastern Melbourne,497,Monash (C),Metro,145.133255,-37.874671,Monash
Catholic,2,1652,St Philip's School,Primary,O,60 Junction Road,BLACKBURN NORTH,3130,NORTH-EASTERN VICTORIA,Inner Eastern Melbourne,698,Whitehorse (C),Metro,145.166588,-37.807643,Whitehorse
Catholic,2,1653,Holy Child School,Primary,O,227 Blair Street,DALLAS,3047,NORTH-WESTERN VICTORIA,Hume Merri-bek,327,Hume (C),Metro,144.931984,-37.665736,Hume
Catholic,2,1654,Emmanuel College,Secondary,O,423 Blackshaws Road,ALTONA NORTH,3025,SOUTH-WESTERN VICTORIA,Western Melbourne,311,Hobsons Bay (C),Metro,144.842389,-37.831623,Hobsons Bay
Catholic,2,1655,St Peter Julian Eymard,Primary,O,Reay Road,MOOROOLBARK,3138,NORTH-EASTERN VICTORIA,Outer Eastern Melbourne,745,Yarra Ranges (S),Metro,145.3175154,-37.7879128,Yarra Ranges
Catholic,2,1656,St Damian's School,Primary,O,5 Settlement Road,BUNDOORA,3083,NORTH-WESTERN VICTORIA,North Eastern Melbourne,707,Whittlesea (C),Metro,145.0572167,-37.6984942,Whittlesea
Catholic,2,1657,St Monica's College,Secondary,O,16 Davisson Street,EPPING,3076,NORTH-WESTERN VICTORIA,North Eastern Melbourne,707,Whittlesea (C),Metro,145.031414,-37.655184,Whittlesea
Catholic,2,1659,Christ the King School,Primary,O,79 Wilsons Road,NEWCOMB,3219,SOUTH-WESTERN VICTORIA,Barwon,275,Greater Geelong (C),Non Metro,144.393098,-38.166554,Greater Geelong
Catholic,2,1661,Mercy College,Secondary,O,760 Sydney Road,COBURG,3058,NORTH-WESTERN VICTORIA,Hume Merri-bek,525,Merri-bek (C),Metro,144.964562,-37.730398,Merri-bek
Catholic,2,1664,St Mary's School,Primary,O,4-12 Duke Street,MAFFRA,3860,SOUTH-EASTERN VICTORIA,Outer Gippsland,681,Wellington (S),Non Metro,146.9723891,-37.96350023,Wellington
Catholic,2,1665,St Macartan's School,Primary,O,97 Bungower Road,MORNINGTON,3931,SOUTH-EASTERN VICTORIA,Bayside Peninsula,534,Mornington Peninsula (S),Metro,145.070463,-38.223213,Mornington Peninsula
Catholic,2,1667,St John's School,Primary,O,14 Jayne Street,FRANKSTON EAST,3199,SOUTH-EASTERN VICTORIA,Bayside Peninsula,217,Frankston (C),Metro,145.148098,-38.145823,Frankston
Catholic,2,1669,St Mary's College for the Deaf,Special,O,10A Riddell Road,WANTIRNA SOUTH,3152,NORTH-EASTERN VICTORIA,Outer Eastern Melbourne,367,Knox (C),Metro,145.242789,-37.877901,Knox
Catholic,2,1670,John Paul College,Secondary,O,165 Mc Mahons Road,FRANKSTON,3199,SOUTH-EASTERN VICTORIA,Bayside Peninsula,217,Frankston (C),Metro,145.138867,-38.13557,Frankston
Catholic,2,1671,St Anne's School,Primary,O,86-94 Austin Road,SEAFORD,3198,SOUTH-EASTERN VICTORIA,Bayside Peninsula,217,Frankston (C),Metro,145.140947,-38.106598,Frankston
Catholic,2,1673,Mazenod College,Secondary,O,Kernot Ave,MULGRAVE,3170,NORTH-EASTERN VICTORIA,Inner Eastern Melbourne,497,Monash (C),Metro,145.166144,-37.915204,Monash
Catholic,2,1674,St Martin de Porres School,Primary,O,158 Military Road,AVONDALE HEIGHTS,3034,SOUTH-WESTERN VICTORIA,Western Melbourne,506,Moonee Valley (C),Metro,144.861624,-37.758468,Moonee Valley
Catholic,2,1678,St Gregory the Great School,Primary,O,396 Manningham Road,DONCASTER,3108,NORTH-EASTERN VICTORIA,Inner Eastern Melbourne,421,Manningham (C),Metro,145.122282,-37.780598,Manningham
Catholic,2,1680,St Kevin's School,Primary,O,26-44 Herlihys Road,TEMPLESTOWE LOWER,3107,NORTH-EASTERN VICTORIA,Inner Eastern Melbourne,421,Manningham (C),Metro,145.122868,-37.761267,Manningham
Catholic,2,1681,St James' School,Primary,O,51 Centre Road,VERMONT,3133,NORTH-EASTERN VICTORIA,Inner Eastern Melbourne,698,Whitehorse (C),Metro,145.20969,-37.836748,Whitehorse
Catholic,2,1682,Good Shepherd School,Primary,O,30 Academy Avenue,WHEELERS HILL,3150,NORTH-EASTERN VICTORIA,Inner Eastern Melbourne,497,Monash (C),Metro,145.166052,-37.908123,Monash
Catholic,2,1684,MacKillop Catholic Regional College,Secondary,O,1 Russell Street,WERRIBEE,3030,SOUTH-WESTERN VICTORIA,Western Melbourne,726,Wyndham (C),Metro,144.6651016,-37.90950211,Wyndham
Catholic,2,1689,St Thomas' School,Primary,O,Guthridge Parade,SALE,3850,SOUTH-EASTERN VICTORIA,Outer Gippsland,681,Wellington (S),Non Metro,147.08331,-38.09940329,Wellington
Catholic,2,1690,St Leo the Great Primary School,Primary,O,389 Mason Street,ALTONA NORTH,3025,SOUTH-WESTERN VICTORIA,Western Melbourne,311,Hobsons Bay (C),Metro,144.851693,-37.839216,Hobsons Bay
Catholic,2,1692,St Peter's School,Primary,O,2A Parkside Avenue,KEILOR EAST,3033,SOUTH-WESTERN VICTORIA,Western Melbourne,506,Moonee Valley (C),Metro,144.859418,-37.744237,Moonee Valley
Catholic,2,1693,Our Lady Help of Christians School,Primary,O,28 Selby Road,WARRNAMBOOL EAST,3280,SOUTH-WESTERN VICTORIA,Wimmera South West,673,Warrnambool (C),Non Metro,142.519533,-38.385247,Warrnambool
Catholic,2,1694,Marian College,Secondary,O,11-49 Prince Street,MYRTLEFORD,3737,NORTH-EASTERN VICTORIA,Ovens Murray,11,Alpine (S),Non Metro,146.72536,-36.55334,Alpine
Catholic,2,1696,St Martin de Porres School,Primary,O,13-25 Bellin Street,LAVERTON,3028,SOUTH-WESTERN VICTORIA,Western Melbourne,311,Hobsons Bay (C),Metro,144.77698,-37.853783,Hobsons Bay
Catholic,2,1697,St Jude the Apostle School,Primary,O,53 George Street,SCORESBY,3179,NORTH-EASTERN VICTORIA,Outer Eastern Melbourne,367,Knox (C),Metro,145.225957,-37.889844,Knox
Catholic,2,1699,St Monica's School,Primary,O,137 Brockley Street,WODONGA WEST,3690,NORTH-EASTERN VICTORIA,Ovens Murray,717,Wodonga (C),Non Metro,146.872637,-36.126753,Wodonga
Catholic,2,1709,St Peter's School,Primary,O,Fenton Street,BENDIGO NORTH,3550,NORTH-WESTERN VICTORIA,Loddon Campaspe,262,Greater Bendigo (C),Non Metro,144.2727362,-36.74416599,Greater Bendigo
Catholic,2,1710,St Mark's School,Primary,O,4 - 6 Dimar Crt,DINGLEY,3172,SOUTH-EASTERN VICTORIA,Bayside Peninsula,343,Kingston (C),Metro,145.129566,-37.986656,Kingston
Catholic,2,1715,Holy Eucharist School,Primary,O,20 Chedgey Drive,ST ALBANS,3021,SOUTH-WESTERN VICTORIA,Brimbank Melton,118,Brimbank (C),Metro,144.811408,-37.756436,Brimbank
Catholic,2,1719,St Paul's Primary School,Primary,O,Fourteenth Street,MILDURA,3500,NORTH-WESTERN VICTORIA,Mallee,478,Mildura (RC),Non Metro,142.156034,-34.204601,Mildura
Catholic,2,1722,St Peter Apostle School,Primary,O,16-38 Guinane Avenue,HOPPERS CROSSING,3029,SOUTH-WESTERN VICTORIA,Western Melbourne,726,Wyndham (C),Metro,144.69031,-37.874642,Wyndham
Catholic,2,1733,St John XXIII Primary School,Primary,O,Regal Avenue,THOMASTOWN EAST,3074,NORTH-WESTERN VICTORIA,North Eastern Melbourne,707,Whittlesea (C),Metro,145.0392037,-37.67842204,Whittlesea
Catholic,2,1735,School of the Good Shepherd,Primary,O,88 South Circular Road,GLADSTONE PARK,3043,NORTH-WESTERN VICTORIA,Hume Merri-bek,327,Hume (C),Metro,144.889458,-37.693031,Hume
Catholic,2,1736,St Agatha's School,Primary,O,Scott Street,CRANBOURNE,3977,SOUTH-EASTERN VICTORIA,Southern Melbourne,161,Casey (C),Metro,145.278852,-38.111642,Casey
Catholic,2,1737,Resurrection School,Primary,O,402 Corrigan Road,KEYSBOROUGH,3173,SOUTH-EASTERN VICTORIA,Southern Melbourne,267,Greater Dandenong (C),Metro,145.16293,-37.989944,Greater Dandenong
Catholic,2,1739,St Dominic's School,Primary,O,Church Street,MELTON,3337,SOUTH-WESTERN VICTORIA,Brimbank Melton,465,Melton (C),Metro,144.584635,-37.680915,Melton
Catholic,2,1741,St Francis Xavier School,Primary,O,143 Bacchus Marsh Road,CORIO,3214,SOUTH-WESTERN VICTORIA,Barwon,275,Greater Geelong (C),Non Metro,144.358129,-38.072033,Greater Geelong
Catholic,2,1744,Galen Catholic College,Secondary,O,College Street,WANGARATTA,3677,NORTH-EASTERN VICTORIA,Ovens Murray,670,Wangaratta (RC),Non Metro,146.310537,-36.338747,Wangaratta
Catholic,2,1747,Holy Spirit School,Primary,O,120 Oban Road,RINGWOOD NORTH,3134,NORTH-EASTERN VICTORIA,Outer Eastern Melbourne,441,Maroondah (C),Metro,145.236917,-37.793231,Maroondah
Catholic,2,1750,Lumen Christi School,Primary,O,35 Williams Avenue,CHURCHILL,3842,SOUTH-EASTERN VICTORIA,Inner Gippsland,381,Latrobe (C),Non Metro,146.4157105,-38.31640225,Latrobe
Catholic,2,1752,St Clare's School,Primary,O,Harbard Street,THOMASTOWN WEST,3074,NORTH-WESTERN VICTORIA,North Eastern Melbourne,707,Whittlesea (C),Metro,144.9977174,-37.67775056,Whittlesea
Catholic,2,1758,St Anne's School,Primary,O,16-24  Stewarts Lane,SUNBURY,3429,NORTH-WESTERN VICTORIA,Hume Merri-bek,327,Hume (C),Metro,144.717457,-37.568388,Hume
Catholic,2,1759,Our Lady of the Pines School,Primary,O,77 Carbine Street,DONVALE,3111,NORTH-EASTERN VICTORIA,Inner Eastern Melbourne,421,Manningham (C),Metro,145.177211,-37.774442,Manningham
Catholic,2,1760,St Jude's School,Primary,O,30 Warrandyte Road,LANGWARRIN,3910,SOUTH-EASTERN VICTORIA,Bayside Peninsula,217,Frankston (C),Metro,145.191109,-38.155275,Frankston
Catholic,2,1761,St Paul's Kealba Catholic School,Primary,O,230-240 Sunshine Avenue,KEALBA,3021,SOUTH-WESTERN VICTORIA,Brimbank Melton,118,Brimbank (C),Metro,144.81963,-37.733736,Brimbank
Catholic,2,1762,St Elizabeth's School,Primary,O,111 Bakers Road,DANDENONG NORTH,3175,SOUTH-EASTERN VICTORIA,Southern Melbourne,267,Greater Dandenong (C),Metro,145.198878,-37.946321,Greater Dandenong
Catholic,2,1763,St Joseph the Worker School,Primary,O,79 Wilson Boulevard,RESERVOIR NORTH,3073,NORTH-WESTERN VICTORIA,North Eastern Melbourne,189,Darebin (C),Metro,144.99292,-37.702216,Darebin
Catholic,2,1764,Resurrection School,Primary,O,51 Gum Road,KINGS PARK,3021,SOUTH-WESTERN VICTORIA,Brimbank Melton,118,Brimbank (C),Metro,144.775394,-37.736301,Brimbank
Catholic,2,1765,Catholic Regional College St Albans,Secondary,O,10 Theodore Street,ST ALBANS,3021,SOUTH-WESTERN VICTORIA,Brimbank Melton,118,Brimbank (C),Metro,144.799086,-37.738892,Brimbank
Catholic,2,1766,St Francis Xavier College,Secondary,O,4 Beaconsfield Avenue,BEACONSFIELD,3807,SOUTH-EASTERN VICTORIA,Southern Melbourne,145,Cardinia (S),Metro,145.373106,-38.052002,Cardinia
Catholic,2,1778,Nazareth School,Primary,O,14-16 Griffith Street,GROVEDALE,3216,SOUTH-WESTERN VICTORIA,Barwon,275,Greater Geelong (C),Non Metro,144.330112,-38.202516,Greater Geelong
Catholic,2,1779,St Augustine's Primary School,Primary,O,Augustine's Way,KEILOR,3036,SOUTH-WESTERN VICTORIA,Brimbank Melton,118,Brimbank (C),Metro,144.820517,-37.710633,Brimbank
Catholic,2,1780,St Anthony's School,Primary,O,Wilson Road,MELTON SOUTH,3338,SOUTH-WESTERN VICTORIA,Brimbank Melton,465,Melton (C),Metro,144.572897,-37.709657,Melton
Catholic,2,1781,St Thomas the Apostle School,Primary,O,251 Diamond Creek Road,GREENSBOROUGH NORTH,3088,NORTH-WESTERN VICTORIA,North Eastern Melbourne,571,Nillumbik (S),Metro,145.1191059,-37.68218852,Nillumbik
Catholic,2,1782,St Luke's School,Primary,O,25 Stokes Road,WANTIRNA,3152,NORTH-EASTERN VICTORIA,Outer Eastern Melbourne,367,Knox (C),Metro,145.235066,-37.853378,Knox
Catholic,2,1784,St Peter's School,Primary,O,2A Killeen Street,SUNSHINE WEST,3020,SOUTH-WESTERN VICTORIA,Brimbank Melton,118,Brimbank (C),Metro,144.819619,-37.800283,Brimbank
Catholic,2,1800,Catholic College Wodonga,Secondary,O,1 Bowman Court,WODONGA,3690,NORTH-EASTERN VICTORIA,Ovens Murray,717,Wodonga (C),Non Metro,146.8623901,-36.12961895,Wodonga
Catholic,2,1801,Caroline Chisholm Catholic College,Secondary,O,204 Churchill Avenue,BRAYBROOK,3019,SOUTH-WESTERN VICTORIA,Western Melbourne,433,Maribyrnong (C),Metro,144.8501,-37.785858,Maribyrnong
Catholic,2,1803,St Thomas More School,Primary,O,Cuthbert's Road,ALFREDTON,3350,SOUTH-WESTERN VICTORIA,Central Highlands,57,Ballarat (C),Non Metro,143.79995,-37.553494,Ballarat
Catholic,2,1804,St Mary's School,Primary,O,58 Clegg Road,MOUNT EVELYN,3796,NORTH-EASTERN VICTORIA,Outer Eastern Melbourne,745,Yarra Ranges (S),Metro,145.395858,-37.790516,Yarra Ranges
Catholic,2,1805,St Anne's School,Primary,O,60 Knees Road,PARK ORCHARDS,3114,NORTH-EASTERN VICTORIA,Inner Eastern Melbourne,421,Manningham (C),Metro,145.218594,-37.773303,Manningham
Catholic,2,1806,St Gabriel's School,Primary,O,30-50 Rangeview Drive,TRARALGON WEST,3844,SOUTH-EASTERN VICTORIA,Inner Gippsland,381,Latrobe (C),Non Metro,146.511052,-38.187649,Latrobe
Catholic,2,1807,Our Lady's School,Primary,O,169-171 Craigieburn Road West,CRAIGIEBURN,3064,NORTH-WESTERN VICTORIA,Hume Merri-bek,327,Hume (C),Metro,144.931372,-37.598603,Hume
Catholic,2,1808,St Augustine's School,Primary,O,80 Golf Links Road,FRANKSTON SOUTH,3199,SOUTH-EASTERN VICTORIA,Bayside Peninsula,217,Frankston (C),Metro,145.145871,-38.172048,Frankston
Catholic,2,1809,St Francis of Assisi School,Primary,O,290-312 Childs Road,MILL PARK,3082,NORTH-WESTERN VICTORIA,North Eastern Melbourne,707,Whittlesea (C),Metro,145.0589142,-37.66499475,Whittlesea
Catholic,2,1810,Loyola College,Secondary,O,325 Grimshaw Street,WATSONIA,3087,NORTH-WESTERN VICTORIA,North Eastern Melbourne,66,Banyule (C),Metro,145.08073,-37.703396,Banyule
Catholic,2,1811,St Francis Catholic College,Secondary,O,109-141 Bulman's Road,MELTON,3337,SOUTH-WESTERN VICTORIA,Brimbank Melton,465,Melton (C),Metro,144.550411,-37.677246,Melton
Catholic,2,1820,St Paul Apostle South School,Primary,O,9 William Hovell Drive,ENDEAVOUR HILLS,3802,SOUTH-EASTERN VICTORIA,Southern Melbourne,161,Casey (C),Metro,145.257929,-37.980524,Casey
Catholic,2,1821,St Andrew's School,Primary,O,96 Bunney Road,CLAYTON SOUTH,3169,SOUTH-EASTERN VICTORIA,Bayside Peninsula,343,Kingston (C),Metro,145.107195,-37.93489,Kingston
Catholic,2,1822,St Thomas More's School,Primary,O,313 Canadian Bay Road,MOUNT ELIZA,3930,SOUTH-EASTERN VICTORIA,Bayside Peninsula,534,Mornington Peninsula (S),Metro,145.101137,-38.197726,Mornington Peninsula
Catholic,2,1823,St Francis' School,Primary,O,Chapel Street,NATHALIA,3638,NORTH-EASTERN VICTORIA,Goulburn,490,Moira (S),Non Metro,145.207742,-36.058596,Moira
Catholic,2,1829,St James the Apostle School,Primary,O,330 Derrimut Road,HOPPERS CROSSING NORTH,3029,SOUTH-WESTERN VICTORIA,Western Melbourne,726,Wyndham (C),Metro,144.687493,-37.857286,Wyndham
Catholic,2,1830,St Simon's School,Primary,O,2 Taylors Lane,ROWVILLE,3178,NORTH-EASTERN VICTORIA,Outer Eastern Melbourne,367,Knox (C),Metro,145.245327,-37.925677,Knox
Catholic,2,1831,Queen of Peace Primary School,Primary,O,62 Everingham Road,ALTONA MEADOWS,3028,SOUTH-WESTERN VICTORIA,Western Melbourne,311,Hobsons Bay (C),Metro,144.791697,-37.875148,Hobsons Bay
Catholic,2,1832,Don Bosco School,Primary,O,496 Princes Highway,NARRE WARREN,3805,SOUTH-EASTERN VICTORIA,Southern Melbourne,161,Casey (C),Metro,145.315012,-38.025966,Casey
Catholic,2,1833,Our Lady Star of the Sea School,Primary,O,13-29 John Dory Drive,OCEAN GROVE,3226,SOUTH-WESTERN VICTORIA,Barwon,275,Greater Geelong (C),Non Metro,144.540157,-38.26078,Greater Geelong
Catholic,2,1834,Catholic Regional College Institute of Training,Secondary,O,380 Sydenham Road,SYDENHAM,3037,SOUTH-WESTERN VICTORIA,Brimbank Melton,118,Brimbank (C),Metro,144.771012,-37.699136,Brimbank
Catholic,2,1835,Catholic Regional College North Keilor,Secondary,O,Santa Monica Drive,KEILOR NORTH,3036,SOUTH-WESTERN VICTORIA,Brimbank Melton,118,Brimbank (C),Metro,144.805062,-37.699943,Brimbank
Catholic,2,1857,St Bernadette's Catholic Primary School,Primary,O,1264 Mountain Highway,THE BASIN,3154,NORTH-EASTERN VICTORIA,Outer Eastern Melbourne,367,Knox (C),Metro,145.310841,-37.853904,Knox
Catholic,2,1858,St Catherine's School,Primary,O,2 Lascelles Drive,LALOR WEST,3075,NORTH-WESTERN VICTORIA,North Eastern Melbourne,707,Whittlesea (C),Metro,145.0032382,-37.66560256,Whittlesea
Catholic,2,1859,St Anthony's School,Primary,O,90 Kees Road,LARA,3212,SOUTH-WESTERN VICTORIA,Barwon,275,Greater Geelong (C),Non Metro,144.390582,-38.015191,Greater Geelong
Catholic,2,1860,St Mary's School,Primary,O,2-20 Fir Street,WHITTLESEA,3757,NORTH-WESTERN VICTORIA,North Eastern Melbourne,707,Whittlesea (C),Metro,145.1145373,-37.50906237,Whittlesea
Catholic,2,1861,St Charles Borromeo School,Primary,C,230-234 Serpells Road,TEMPLESTOWE,3106,NORTH-EASTERN VICTORIA,Inner Eastern Melbourne,421,Manningham (C),Metro,145.15431,-37.767476,Manningham
Catholic,2,1877,St Mary MacKillop Primary School,Primary,O,152 Odessa Avenue,KEILOR DOWNS,3038,SOUTH-WESTERN VICTORIA,Brimbank Melton,118,Brimbank (C),Metro,144.804346,-37.714625,Brimbank
Catholic,2,1878,St Catherine of Siena School,Primary,O,101 Bulman's Road,MELTON WEST,3337,SOUTH-WESTERN VICTORIA,Brimbank Melton,465,Melton (C),Metro,144.5501953,-37.67878271,Melton
Catholic,2,1879,St Paul's School,Primary,O,59 Moores Road,MONBULK,3793,NORTH-EASTERN VICTORIA,Outer Eastern Melbourne,745,Yarra Ranges (S),Metro,145.412057,-37.867995,Yarra Ranges
Catholic,2,1881,Our Lady of Fatima School,Primary,O,16 Hinton Street,ROSEBUD,3939,SOUTH-EASTERN VICTORIA,Bayside Peninsula,534,Mornington Peninsula (S),Metro,144.897536,-38.371333,Mornington Peninsula
Catholic,2,1882,St Justin's School,Primary,O,42 Whalley Drive,WHEELERS HILL,3150,NORTH-EASTERN VICTORIA,Inner Eastern Melbourne,497,Monash (C),Metro,145.190508,-37.917811,Monash
Catholic,2,1891,St Richard's Primary School,Primary,O,672 Mount Dandenong Road,KILSYTH,3137,NORTH-EASTERN VICTORIA,Outer Eastern Melbourne,745,Yarra Ranges (S),Metro,145.3217417,-37.80656384,Yarra Ranges
Catholic,2,1893,Holy Trinity School,Primary,O,10 Riddell Road,WANTIRNA SOUTH,3152,NORTH-EASTERN VICTORIA,Outer Eastern Melbourne,367,Knox (C),Metro,145.242912,-37.877468,Knox
Catholic,2,1897,St Paul Apostle North School,Primary,O,76 Mossgiel Park Drive,ENDEAVOUR HILLS,3802,SOUTH-EASTERN VICTORIA,Southern Melbourne,161,Casey (C),Metro,145.262664,-37.967529,Casey
Catholic,2,1898,Corpus Christi School,Primary,O,29  Russell Street,WERRIBEE,3030,SOUTH-WESTERN VICTORIA,Western Melbourne,726,Wyndham (C),Metro,144.6634428,-37.90994759,Wyndham
Catholic,2,1899,Nazareth College,Secondary,O,Manning Drive,NOBLE PARK NORTH,3174,SOUTH-EASTERN VICTORIA,Southern Melbourne,267,Greater Dandenong (C),Metro,145.195459,-37.940226,Greater Dandenong
Catholic,2,1901,St Therese School,Primary,O,50 Grossmans Road,TORQUAY,3228,SOUTH-WESTERN VICTORIA,Barwon,649,Surf Coast (S),Non Metro,144.3118515,-38.32111509,Surf Coast
Catholic,2,1903,Mary MacKillop Catholic Regional College,Secondary,O,115 Horn Street,LEONGATHA,3953,SOUTH-EASTERN VICTORIA,Inner Gippsland,617,South Gippsland (S),Non Metro,145.963538,-38.466733,South Gippsland
Catholic,2,1909,St Joachim's School,Primary,O,25 Broderick Road,CARRUM DOWNS,3201,SOUTH-EASTERN VICTORIA,Bayside Peninsula,217,Frankston (C),Metro,145.178469,-38.103348,Frankston
Catholic,2,1910,Holy Trinity Primary School,Primary,O,94 Weidlich Road,ELTHAM NORTH,3095,NORTH-WESTERN VICTORIA,North Eastern Melbourne,66,Banyule (C),Metro,145.135461,-37.698439,Banyule
Catholic,2,1911,St Carlo Borromeo School,Primary,O,5-9 Drummond Street,GREENVALE,3059,NORTH-WESTERN VICTORIA,Hume Merri-bek,327,Hume (C),Metro,144.888635,-37.653642,Hume
Catholic,2,1917,St Mary MacKillop College,Secondary,O,53 McCrae Street,SWAN HILL,3585,NORTH-WESTERN VICTORIA,Mallee,661,Swan Hill (RC),Non Metro,143.556795,-35.341915,Swan Hill
Catholic,2,1918,St Kevin's School,Primary,O,120 Hallam Road,HAMPTON PARK,3976,SOUTH-EASTERN VICTORIA,Southern Melbourne,161,Casey (C),Metro,145.2674,-38.039316,Casey
Catholic,2,1920,St Peter's College,Secondary,O,1005 Cranbourne-Frankston Road,CRANBOURNE,3977,SOUTH-EASTERN VICTORIA,Southern Melbourne,161,Casey (C),Metro,145.256866,-38.108411,Casey
Catholic,2,1926,St Therese's School,Primary,O,131 Endeavour Drive,CRANBOURNE,3977,SOUTH-EASTERN VICTORIA,Southern Melbourne,161,Casey (C),Metro,145.267244,-38.07727,Casey
Catholic,2,1929,St Ita's School,Primary,O,50 Victoria Street,DROUIN,3818,SOUTH-EASTERN VICTORIA,Inner Gippsland,83,Baw Baw (S),Non Metro,145.861999,-38.132444,Baw Baw
Catholic,2,1931,Lumen Christi School,Primary,O,111 Whitelaw Avenue,DELACOMBE,3356,SOUTH-WESTERN VICTORIA,Central Highlands,57,Ballarat (C),Non Metro,143.817239,-37.580186,Ballarat
Catholic,2,1940,St Francis of the Fields School,Primary,O,Blucher Street,STRATHFIELDSAYE,3551,NORTH-WESTERN VICTORIA,Loddon Campaspe,262,Greater Bendigo (C),Non Metro,144.361293,-36.804466,Greater Bendigo
Catholic,2,1941,Galilee Regional Catholic Primary School,Primary,O,301-319 Bank Street,SOUTH MELBOURNE,3205,SOUTH-EASTERN VICTORIA,Bayside Peninsula,590,Port Phillip (C),Metro,144.954811,-37.836158,Port Phillip
Catholic,2,1943,St Brendan's School,Primary,O,19 Austin Road,SOMERVILLE,3912,SOUTH-EASTERN VICTORIA,Bayside Peninsula,534,Mornington Peninsula (S),Metro,145.1683969,-38.23365477,Mornington Peninsula
Catholic,2,1944,Mary MacKillop School,Primary,O,2 Ernst Wanke Road,NARRE WARREN NORTH,3804,SOUTH-EASTERN VICTORIA,Southern Melbourne,161,Casey (C),Metro,145.311285,-37.995837,Casey
Catholic,2,1945,Bethany Catholic Primary School,Primary,O,80 Thames Boulevard,WERRIBEE NORTH,3030,SOUTH-WESTERN VICTORIA,Western Melbourne,726,Wyndham (C),Metro,144.658661,-37.875586,Wyndham
Catholic,2,1949,Penola Catholic College,Secondary,O,29 GIbson Street,BROADMEADOWS,3047,NORTH-WESTERN VICTORIA,Hume Merri-bek,327,Hume (C),Metro,144.918263,-37.687856,Hume
Catholic,2,1951,Good Samaritan Catholic Primary School,Primary,O,1-29 Southern Cross Drive,ROXBURGH PARK,3064,NORTH-WESTERN VICTORIA,Hume Merri-bek,327,Hume (C),Metro,144.934319,-37.62344,Hume
Catholic,2,1955,Holy Cross Primary School,Primary,O,158 Hamilton Road,NEW GISBORNE,3438,NORTH-WESTERN VICTORIA,Loddon Campaspe,413,Macedon Ranges (S),Non Metro,144.597782,-37.455894,Macedon Ranges
Catholic,2,1956,St Catherine's Primary School,Primary,O,73 Ridgemont Drive,BERWICK,3806,SOUTH-EASTERN VICTORIA,Southern Melbourne,161,Casey (C),Metro,145.3369472,-38.06977499,Casey
Catholic,2,1959,Emmaus Catholic Primary School,Primary,O,370 Sydenham Road,SYDENHAM,3037,SOUTH-WESTERN VICTORIA,Brimbank Melton,118,Brimbank (C),Metro,144.772244,-37.7003009,Brimbank
Catholic,2,1962,Thomas Carr College,Secondary,O,35 Thomas Carr Drive,TARNEIT,3029,SOUTH-WESTERN VICTORIA,Western Melbourne,726,Wyndham (C),Metro,144.702055,-37.847676,Wyndham
Catholic,2,1963,St Thomas Primary School,Primary,O,1-7 Peninsula Drive,DRYSDALE,3222,SOUTH-WESTERN VICTORIA,Barwon,275,Greater Geelong (C),Non Metro,144.5561661,-38.18801497,Greater Geelong
Catholic,2,1973,Clairvaux Catholic School,Primary,O,45-75 Reynolds Road,BELMONT,3216,SOUTH-WESTERN VICTORIA,Barwon,275,Greater Geelong (C),Non Metro,144.324905,-38.185517,Greater Geelong
Catholic,2,1987,Christ the Priest Catholic Primary School,Primary,O,54 Caroline Springs Boulevard,CAROLINE SPRINGS,3023,SOUTH-WESTERN VICTORIA,Brimbank Melton,465,Melton (C),Metro,144.73744,-37.747724,Melton
Catholic,2,1991,Lumen Christi School,Primary,O,260 - 278 Point Cook Road,POINT COOK,3030,SOUTH-WESTERN VICTORIA,Western Melbourne,726,Wyndham (C),Metro,144.753344,-37.892603,Wyndham
Catholic,2,1993,Trinity Catholic Primary School,Primary,O,103-129 Oak Grove Drive,NARRE WARREN SOUTH,3805,SOUTH-EASTERN VICTORIA,Southern Melbourne,161,Casey (C),Metro,145.297985,-38.055386,Casey
Catholic,2,1996,Columba Catholic School,Primary,O,28-36 Hope Street,BUNYIP,3815,SOUTH-EASTERN VICTORIA,Southern Melbourne,145,Cardinia (S),Metro,145.715864,-38.093263,Cardinia
Catholic,2,2001,Lavalla Catholic College,Secondary,O,33 Kosciusko Street,TRARALGON,3844,SOUTH-EASTERN VICTORIA,Inner Gippsland,381,Latrobe (C),Non Metro,146.514247,-38.200895,Latrobe
Catholic,2,2010,Antonine College,Pri/Sec,O,71 Grandview Avenue,PASCOE VALE SOUTH,3044,NORTH-WESTERN VICTORIA,Hume Merri-bek,525,Merri-bek (C),Metro,144.9427365,-37.74119138,Merri-bek
Catholic,2,2021,Cana Catholic Primary School,Primary,O,46-60 Banchory Avenue,HILLSIDE,3037,SOUTH-WESTERN VICTORIA,Brimbank Melton,465,Melton (C),Metro,144.747148,-37.687916,Melton
Catholic,2,2028,St Luke's Catholic Primary School,Primary,O,629 Goulburn Valley Highway,SHEPPARTON NORTH,3631,NORTH-EASTERN VICTORIA,Goulburn,283,Greater Shepparton (C),Non Metro,145.412026,-36.324316,Greater Shepparton
Catholic,2,2029,"St Francis of Assisi Primary School, Wodonga",Primary,O,214 Baranduda Boulevard,BARANDUDA,3691,NORTH-EASTERN VICTORIA,Ovens Murray,717,Wodonga (C),Non Metro,146.939934,-36.173892,Wodonga
Catholic,2,2032,Marymede Catholic College,Pri/Sec,O,60 Williamsons Road,SOUTH MORANG,3752,NORTH-WESTERN VICTORIA,North Eastern Melbourne,707,Whittlesea (C),Metro,145.091027,-37.643315,Whittlesea
Catholic,2,2033,Stella Maris Catholic Primary School,Primary,O,54 - 70 Innisfail Drive,POINT COOK,3030,SOUTH-WESTERN VICTORIA,Western Melbourne,726,Wyndham (C),Metro,144.728681,-37.890763,Wyndham
Catholic,2,2036,Trinity Catholic School,Primary,O,57 Davison Street,RICHMOND,3121,NORTH-WESTERN VICTORIA,North Eastern Melbourne,735,Yarra (C),Metro,145.0082429,-37.81585217,Yarra
Catholic,2,2037,DOXA School Bendigo,Special,O,118 Hargreaves Street,BENDIGO,3550,NORTH-WESTERN VICTORIA,Loddon Campaspe,262,Greater Bendigo (C),Non Metro,144.286015,-36.755537,Greater Bendigo
Catholic,2,2044,Catholic Regional College Caroline Springs,Secondary,O,10 College Street,CAROLINE SPRINGS,3023,SOUTH-WESTERN VICTORIA,Brimbank Melton,465,Melton (C),Metro,144.739602,-37.728879,Melton
Catholic,2,2048,Emmaus Catholic Primary School,Primary,O,1503 Geelong Road,MOUNT CLEAR,3350,SOUTH-WESTERN VICTORIA,Central Highlands,57,Ballarat (C),Non Metro,143.871581,-37.612577,Ballarat
Catholic,2,2051,Kolbe Catholic College,Secondary,O,Lysterfield Drive,GREENVALE LAKES,3059,NORTH-WESTERN VICTORIA,Hume Merri-bek,327,Hume (C),Metro,144.909467,-37.615321,Hume
Catholic,2,2055,Mother Teresa School,Primary,O,5-15 Windrock Avenue,MT RIDLEY,3064,NORTH-WESTERN VICTORIA,Hume Merri-bek,327,Hume (C),Metro,144.932762,-37.575224,Hume
Catholic,2,2057,Our Lady of the Southern Cross,Primary,O,2-20 Howqua Way,MANOR LAKES,3024,SOUTH-WESTERN VICTORIA,Western Melbourne,726,Wyndham (C),Metro,144.606223,-37.875846,Wyndham
Catholic,2,2059,St George Preca School,Primary,O,22-48 Lancefield Drive,CAROLINE SPRINGS,3023,SOUTH-WESTERN VICTORIA,Brimbank Melton,465,Melton (C),Metro,144.73671,-37.713493,Melton
Catholic,2,2060,St Joseph's School,Primary,O,44 Mernda Village Drive,MERNDA,3754,NORTH-WESTERN VICTORIA,North Eastern Melbourne,707,Whittlesea (C),Metro,145.0905985,-37.59573779,Whittlesea
Catholic,2,2063,"Borinya, Wangaratta Community Partnership",Special,O,30 College Street,WANGARATTA,3676,NORTH-EASTERN VICTORIA,Ovens Murray,670,Wangaratta (RC),Non Metro,146.308982,-36.337828,Wangaratta
Catholic,2,2067,St Brigid's School,Primary,O,25 Bayview Road,OFFICER,3809,SOUTH-EASTERN VICTORIA,Southern Melbourne,145,Cardinia (S),Metro,145.405667,-38.054618,Cardinia
Catholic,2,2068,St Francis de Sales Catholic Primary School,Primary,O,122 Paterson Drive,LYNBROOK,3975,SOUTH-EASTERN VICTORIA,Southern Melbourne,161,Casey (C),Metro,145.252476,-38.059012,Casey
Catholic,2,2069,St Lawrence Catholic Primary School,Primary,O,93A Capesthorne Drive,DERRIMUT,3026,SOUTH-WESTERN VICTORIA,Brimbank Melton,118,Brimbank (C),Metro,144.760518,-37.790684,Brimbank
Catholic,2,2075,MacKillop Specialist School,Special,O,25-33 Oxford Street,WHITTINGTON,3219,SOUTH-WESTERN VICTORIA,Barwon,275,Greater Geelong (C),Non Metro,144.3871113,-38.17432485,Greater Geelong
Catholic,2,2078,St Francis of Assisi Catholic Primary School,Primary,O,45 Fairview Parade,TARNEIT,3029,SOUTH-WESTERN VICTORIA,Western Melbourne,726,Wyndham (C),Metro,144.6982297,-37.84829179,Wyndham
Catholic,2,2079,Saints College,Special,O,385 Queensberry Street,NORTH MELBOURNE,3051,SOUTH-WESTERN VICTORIA,Western Melbourne,460,Melbourne (C),Metro,144.9549374,-37.80384382,Melbourne
Catholic,2,2087,St Mary of the Cross MacKillop Catholic Parish Primary School,Primary,O,47 Farmhouse Boulevard,EPPING NORTH,3076,NORTH-WESTERN VICTORIA,North Eastern Melbourne,707,Whittlesea (C),Metro,145.0126014,-37.62600008,Whittlesea
Catholic,2,2089,St Mary of the Cross Catholic Primary School,Primary,O,70 Carrick Street,POINT COOK,3030,SOUTH-WESTERN VICTORIA,Western Melbourne,726,Wyndham (C),Metro,144.7659456,-37.90879787,Wyndham
Catholic,2,2090,St Thomas the Apostle Catholic Primary School,Primary,O,Enter via Mac Killop Way,CRANBOURNE EAST,3977,SOUTH-EASTERN VICTORIA,Southern Melbourne,161,Casey (C),Metro,145.317042,-38.116173,Casey
Catholic,2,2093,St John the Apostle Catholic Primary School,Primary,O,54 - 76 Kingbird Avenue,TARNEIT,3029,SOUTH-WESTERN VICTORIA,Western Melbourne,726,Wyndham (C),Metro,144.6657075,-37.8334172,Wyndham
Catholic,2,2094,St Clare's Catholic Primary School,Primary,O,130 Marquands Road,TRUGANINA SOUTH,3029,SOUTH-WESTERN VICTORIA,Western Melbourne,726,Wyndham (C),Metro,144.7282144,-37.84381088,Wyndham
Catholic,2,2095,St Clare's Primary School,Primary,O,95 Majestic Drive,OFFICER,3809,SOUTH-EASTERN VICTORIA,Southern Melbourne,145,Cardinia (S),Metro,145.4327127,-38.06277462,Cardinia
Catholic,2,2096,St Paul the Apostle Catholic Primary School,Primary,O,80 Bassetts Road,DOREEN,3754,NORTH-WESTERN VICTORIA,North Eastern Melbourne,707,Whittlesea (C),Metro,145.1152172,-37.59693094,Whittlesea
Catholic,2,2098,Marist College Bendigo,Pri/Sec,O,95 Golf Links Road,MAIDEN GULLY,3551,NORTH-WESTERN VICTORIA,Loddon Campaspe,262,Greater Bendigo (C),Non Metro,144.2216905,-36.73171249,Greater Bendigo
Catholic,2,2115,Siena Catholic Primary School,Primary,O,Eleanor Drive,LUCAS,3350,SOUTH-WESTERN VICTORIA,Central Highlands,57,Ballarat (C),Non Metro,143.780411,-37.54597,Ballarat
Catholic,2,2218,Oscar Romero Catholic Primary School,Primary,O,1 MacKillop Street,CRAIGIEBURN WEST,3064,NORTH-WESTERN VICTORIA,Hume Merri-bek,327,Hume (C),Metro,144.896101,-37.581972,Hume
Catholic,2,2219,St Mary MacKillop Catholic Primary School,Primary,O,15 Milton Street,BANNOCKBURN,3331,SOUTH-WESTERN VICTORIA,Central Highlands,249,Golden Plains (S),Non Metro,144.170105,-38.046931,Golden Plains
Catholic,2,2220,Our Lady of the Way Catholic Primary School,Primary,O,30 Alcantara Boulevard,WALLAN EAST,3756,NORTH-EASTERN VICTORIA,Goulburn,485,Mitchell (S),Non Metro,144.999836,-37.424102,Mitchell
Catholic,2,2221,Lisieux Catholic Primary School,Primary,O,90 South Beach Road,TORQUAY NORTH,3228,SOUTH-WESTERN VICTORIA,Barwon,649,Surf Coast (S),Non Metro,144.332278,-38.303324,Surf Coast
Catholic,2,2222,Our Lady Star of the Sea Catholic Primary School,Primary,O,6 Cowes-Rhyll Road,COWES,3922,SOUTH-EASTERN VICTORIA,Inner Gippsland,74,Bass Coast (S),Non Metro,145.241881,-38.46378,Bass Coast
Catholic,2,2224,St Anne's College,Pri/Sec,O,72 Wendouree Drive,KIALLA,3631,NORTH-EASTERN VICTORIA,Goulburn,283,Greater Shepparton (C),Non Metro,145.400337,-36.436121,Greater Shepparton
Catholic,2,2225,Holy Trinity Catholic Primary School,Primary,O,145 Mitchells Lane,SUNBURY,3429,NORTH-WESTERN VICTORIA,Hume Merri-bek,327,Hume (C),Metro,144.705316,-37.584791,Hume
Catholic,2,2226,Glowrey Catholic Primary School,Primary,O,10 Baltrum Drive,WOLLERT,3750,NORTH-WESTERN VICTORIA,North Eastern Melbourne,707,Whittlesea (C),Metro,145.031776,-37.615822,Whittlesea
Catholic,2,2229,St Catherine of Siena Catholic Primary School,Primary,O,125 Warralily Boulevard,ARMSTRONG CREEK,3217,SOUTH-WESTERN VICTORIA,Barwon,275,Greater Geelong (C),Non Metro,144.369447,-38.240086,Greater Geelong
Catholic,2,2231,Iona College Geelong,Secondary,O,242-280 Horseshoe Bend Road,CHARLEMONT,3217,SOUTH-WESTERN VICTORIA,Barwon,275,Greater Geelong (C),Non Metro,144.356711,-38.219125,Greater Geelong
Catholic,2,2235,St Joseph’s Catholic Primary School,Primary,O,50 Treeve Parkway,WERRIBEE,3030,SOUTH-WESTERN VICTORIA,Western Melbourne,726,Wyndham (C),Metro,144.610275,-37.903296,Wyndham
Catholic,2,2237,St Angela of the Cross Primary School,Primary,O,181 Mills Road,WARRAGUL,3820,SOUTH-EASTERN VICTORIA,Inner Gippsland,83,Baw Baw (S),Non Metro,145.961611,-38.141528,Baw Baw
Catholic,2,2240,Ignatius Learning Centre,Secondary,O,326 Church Street,RICHMOND,3121,NORTH-WESTERN VICTORIA,North Eastern Melbourne,735,Yarra (C),Metro,144.998477,-37.821915,Yarra
Catholic,2,2242,St Lawrence of Brindisi Catholic Primary School,Primary,O,31 Waterway Boulevard,WEIR VIEWS,3338,SOUTH-WESTERN VICTORIA,Brimbank Melton,465,Melton (C),Metro,144.572463,-37.733053,Melton
Catholic,2,2245,Holy Cross Catholic Primary School,Primary,O,2-14 Carlingford Rd,MICKLEHAM,3064,NORTH-WESTERN VICTORIA,Hume Merri-bek,327,Hume (C),Metro,144.905201,-37.530461,Hume
Catholic,2,2248,Mary Queen of Heaven Catholic Primary School,Primary,O,75 French Road,GREENVALE,3059,NORTH-WESTERN VICTORIA,Hume Merri-bek,327,Hume (C),Metro,144.885661,-37.629744,Hume
Catholic,2,2251,St Teresa of Kolkata Catholic Primary School,Primary,O,2 Caddy Road,TARNEIT NORTH,3029,SOUTH-WESTERN VICTORIA,Western Melbourne,726,Wyndham (C),Metro,144.686071,-37.823619,Wyndham
Catholic,2,2260,St Josephine Bakhita Catholic Primary School,Primary,O,40 Wild Goose Way,CLYDE NORTH,3978,SOUTH-EASTERN VICTORIA,Southern Melbourne,161,Casey (C),Metro,145.364334,-38.111297,Casey
Catholic,2,2261,Carlo Acutis Catholic Primary School,Primary,O,58 Jardin Road,WOLLERT WEST,3750,NORTH-WESTERN VICTORIA,North Eastern Melbourne,707,Whittlesea (C),Metro,144.989507,-37.600149,Whittlesea
Government,1,1,Alberton Primary School,Primary,O,21 Thomson Street,Alberton,3971,SOUTH-EASTERN VICTORIA,Outer Gippsland,681,Wellington (S),Non Metro,146.666601,-38.617713,Wellington
Government,1,3,Allansford and District Primary School,Primary,O,Frank Street,Allansford,3277,SOUTH-WESTERN VICTORIA,Wimmera South West,673,Warrnambool (C),Non Metro,142.590393,-38.386281,Warrnambool
Government,1,4,Avoca Primary School,Primary,O,118 Barnett Street,Avoca,3467,SOUTH-WESTERN VICTORIA,Central Highlands,599,Pyrenees (S),Non Metro,143.475649,-37.084502,Pyrenees
Government,1,8,Avenel Primary School,Primary,O,40 Anderson Street,Avenel,3664,NORTH-EASTERN VICTORIA,Goulburn,643,Strathbogie (S),Non Metro,145.234722,-36.901368,Strathbogie
Government,1,12,Warrandyte Primary School,Primary,O,5-11 Forbes Street,Warrandyte,3113,NORTH-EASTERN VICTORIA,Inner Eastern Melbourne,421,Manningham (C),Metro,145.21398,-37.742675,Manningham
Government,1,26,Belmont Primary School,Primary,O,51 Mt Pleasant Road,Belmont,3216,SOUTH-WESTERN VICTORIA,Barwon,275,Greater Geelong (C),Non Metro,144.342099,-38.170672,Greater Geelong
Government,1,28,Bacchus Marsh Primary School,Primary,O,56-62 Lerderderg Street,Bacchus Marsh,3340,SOUTH-WESTERN VICTORIA,Central Highlands,515,Moorabool (S),Non Metro,144.4431207,-37.67302961,Moorabool
Government,1,33,Ballarat Primary School (Dana Street),Primary,O,401 Dana Street,Ballarat,3350,SOUTH-WESTERN VICTORIA,Central Highlands,57,Ballarat (C),Non Metro,143.853936,-37.56401278,Ballarat
Government,1,37,Wodonga Primary School,Primary,O,Brockley Street,Wodonga,3690,NORTH-EASTERN VICTORIA,Ovens Murray,717,Wodonga (C),Non Metro,146.88982,-36.129214,Wodonga
Government,1,40,Berwick Primary School,Primary,O,37 Fairholme Boulevard,Berwick,3806,SOUTH-EASTERN VICTORIA,Southern Melbourne,161,Casey (C),Metro,145.354417,-38.044094,Casey
Government,1,60,Beaufort Primary School,Primary,O,2/37 Park Road,Beaufort,3373,SOUTH-WESTERN VICTORIA,Central Highlands,599,Pyrenees (S),Non Metro,143.3817175,-37.43852098,Pyrenees
Government,1,84,Cheltenham Primary School,Primary,O,231 Charman Road,Cheltenham,3192,SOUTH-EASTERN VICTORIA,Bayside Peninsula,91,Bayside (C),Metro,145.054635,-37.968608,Bayside
Government,1,105,Cudgee Primary School,Primary,O,3 Hallowells Road,Cudgee,3265,SOUTH-WESTERN VICTORIA,Wimmera South West,549,Moyne (S),Non Metro,142.650844,-38.347938,Moyne
Government,1,113,Newport Lakes Primary School,Primary,O,40 Elizabeth street,Newport,3015,SOUTH-WESTERN VICTORIA,Western Melbourne,311,Hobsons Bay (C),Metro,144.878345,-37.838424,Hobsons Bay
Government,1,116,Cavendish Primary School,Primary,O,8-10 Barker Street,Cavendish,3314,SOUTH-WESTERN VICTORIA,Wimmera South West,626,Southern Grampians (S),Non Metro,142.039893,-37.53087,Southern Grampians
Government,1,117,Colac Primary School,Primary,O,53-65 Murray Street East,Colac,3250,SOUTH-WESTERN VICTORIA,Barwon,175,Colac-Otway (S),Non Metro,143.598336,-38.337224,Colac-Otway
Government,1,119,Castlemaine Primary School,Primary,O,Cnr Mostyn & Urquhart Street,Castlemaine,3450,NORTH-WESTERN VICTORIA,Loddon Campaspe,543,Mount Alexander (S),Non Metro,144.222329,-37.066595,Mount Alexander
Government,1,120,Campbells Creek Primary School,Primary,O,127 Main Road,Campbells Creek,3451,NORTH-WESTERN VICTORIA,Loddon Campaspe,543,Mount Alexander (S),Non Metro,144.204662,-37.092935,Mount Alexander
Government,1,122,Creswick Primary School,Primary,O,67 Napier Street,Creswick,3363,SOUTH-WESTERN VICTORIA,Central Highlands,291,Hepburn (S),Non Metro,143.8915581,-37.42411355,Hepburn
Government,1,123,California Gully Primary School,Primary,O,4-14 Staley Street,California Gully,3556,NORTH-WESTERN VICTORIA,Loddon Campaspe,262,Greater Bendigo (C),Non Metro,144.249857,-36.733207,Greater Bendigo
Government,1,128,St Andrews Primary School,Primary,O,Caledonia Street,St Andrews,3761,NORTH-WESTERN VICTORIA,North Eastern Melbourne,571,Nillumbik (S),Metro,145.269827,-37.602316,Nillumbik
Government,1,182,Warrnambool West Primary School,Primary,O,35 Hoddle Street,Warrnambool,3280,SOUTH-WESTERN VICTORIA,Wimmera South West,673,Warrnambool (C),Non Metro,142.466796,-38.366338,Warrnambool
Government,1,184,Dromana Primary School,Primary,O,50 McCulloch Street,Dromana,3936,SOUTH-EASTERN VICTORIA,Bayside Peninsula,534,Mornington Peninsula (S),Metro,144.959653,-38.339644,Mornington Peninsula
Government,1,197,Doncaster Primary School,Primary,O,2 - 12 Council Street,Doncaster,3108,NORTH-EASTERN VICTORIA,Inner Eastern Melbourne,421,Manningham (C),Metro,145.129673,-37.786804,Manningham
Government,1,208,Echuca Primary School,Primary,O,413-431 High Street,Echuca,3564,NORTH-WESTERN VICTORIA,Loddon Campaspe,137,Campaspe (S),Non Metro,144.747463,-36.128198,Campaspe
Government,1,209,Eltham Primary School,Primary,O,Dalton Street,Eltham,3095,NORTH-WESTERN VICTORIA,North Eastern Melbourne,571,Nillumbik (S),Metro,145.1478042,-37.72498353,Nillumbik
Government,1,210,Eaglehawk Primary School,Primary,O,Church St,Eaglehawk,3556,NORTH-WESTERN VICTORIA,Loddon Campaspe,262,Greater Bendigo (C),Non Metro,144.254259,-36.720583,Greater Bendigo
Government,1,220,Elphinstone Primary School,Primary,O,26 Wright Street,Elphinstone,3448,NORTH-WESTERN VICTORIA,Loddon Campaspe,543,Mount Alexander (S),Non Metro,144.3329025,-37.10500363,Mount Alexander
Government,1,244,Hallam Primary School,Primary,O,24 Harmer Road,Hallam,3803,SOUTH-EASTERN VICTORIA,Southern Melbourne,161,Casey (C),Metro,145.258244,-38.001759,Casey
Government,1,250,Flemington Primary School,Primary,O,Cnr Mt Alexander Rd & Padman Lane,Flemington,3031,SOUTH-WESTERN VICTORIA,Western Melbourne,506,Moonee Valley (C),Metro,144.933923,-37.780674,Moonee Valley
Government,1,253,Footscray Primary School,Primary,O,100 Geelong Road,Footscray,3011,SOUTH-WESTERN VICTORIA,Western Melbourne,433,Maribyrnong (C),Metro,144.892669,-37.798383,Maribyrnong
Government,1,262,Gisborne Primary School,Primary,O,41 Prince Street,Gisborne,3437,NORTH-WESTERN VICTORIA,Loddon Campaspe,413,Macedon Ranges (S),Non Metro,144.5884416,-37.4908591,Macedon Ranges
Government,1,267,Sandringham Primary School,Primary,O,31 Bamfield Street,Sandringham,3191,SOUTH-EASTERN VICTORIA,Bayside Peninsula,91,Bayside (C),Metro,145.009469,-37.94704,Bayside
Government,1,275,Wandiligong Primary School,Primary,O,119 School Road,Wandiligong,3744,NORTH-EASTERN VICTORIA,Ovens Murray,11,Alpine (S),Non Metro,146.982923,-36.768862,Alpine
Government,1,283,Grovedale Primary School,Primary,O,143 Bailey Street,Grovedale,3216,SOUTH-WESTERN VICTORIA,Barwon,275,Greater Geelong (C),Non Metro,144.347756,-38.197643,Greater Geelong
Government,1,293,Hawthorn West Primary School,Primary,O,2A Wood Street,Hawthorn,3122,NORTH-EASTERN VICTORIA,Inner Eastern Melbourne,111,Boroondara (C),Metro,145.018377,-37.820112,Boroondara
Government,1,294,Heidelberg Primary School,Primary,O,120 Cape Street,Heidelberg,3084,NORTH-WESTERN VICTORIA,North Eastern Melbourne,66,Banyule (C),Metro,145.067799,-37.754705,Banyule
Government,1,295,Hamilton (Gray Street) Primary School,Primary,O,42 Gray Street,Hamilton,3300,SOUTH-WESTERN VICTORIA,Wimmera South West,626,Southern Grampians (S),Non Metro,142.021384,-37.744914,Southern Grampians
Government,1,300,Heathcote Primary School,Primary,O,31 Herriot Street,Heathcote,3523,NORTH-WESTERN VICTORIA,Loddon Campaspe,262,Greater Bendigo (C),Non Metro,144.706851,-36.924012,Greater Bendigo
Government,1,304,Highton Primary School,Primary,O,218 Roslyn Road,Highton,3216,SOUTH-WESTERN VICTORIA,Barwon,275,Greater Geelong (C),Non Metro,144.317085,-38.172156,Greater Geelong
Government,1,306,Huntly Primary School,Primary,O,101 Brunel Street,Huntly,3551,NORTH-WESTERN VICTORIA,Loddon Campaspe,262,Greater Bendigo (C),Non Metro,144.334396,-36.662544,Greater Bendigo
Government,1,319,Bellbrae Primary School,Primary,O,50 School Road,Bellbrae,3228,SOUTH-WESTERN VICTORIA,Barwon,649,Surf Coast (S),Non Metro,144.2630037,-38.33364403,Surf Coast
Government,1,327,Chiltern Primary School,Primary,O,91-101 Albert Road,Chiltern,3683,NORTH-EASTERN VICTORIA,Ovens Murray,335,Indigo (S),Non Metro,146.606601,-36.147066,Indigo
Government,1,343,Kyneton Primary School,Primary,O,49-79 Edgecombe Street,Kyneton,3444,NORTH-WESTERN VICTORIA,Loddon Campaspe,413,Macedon Ranges (S),Non Metro,144.462694,-37.248889,Macedon Ranges
Government,1,366,Romsey Primary School,Primary,O,2-56 Station Street,Romsey,3434,NORTH-WESTERN VICTORIA,Loddon Campaspe,413,Macedon Ranges (S),Non Metro,144.7453792,-37.35417523,Macedon Ranges
Government,1,379,Shelford Primary School,Primary,O,1717 Shelford-Bannockburn Road,Shelford,3329,SOUTH-WESTERN VICTORIA,Central Highlands,249,Golden Plains (S),Non Metro,143.9821391,-38.0139946,Golden Plains
Government,1,385,Lockwood South Primary School,Primary,O,710 Calder Alternative Highway,Lockwood South,3551,NORTH-WESTERN VICTORIA,Loddon Campaspe,262,Greater Bendigo (C),Non Metro,144.156748,-36.841602,Greater Bendigo
Government,1,400,Marong Primary School,Primary,O,2 Leslie Street,Marong,3515,NORTH-WESTERN VICTORIA,Loddon Campaspe,262,Greater Bendigo (C),Non Metro,144.135372,-36.735679,Greater Bendigo
Government,1,415,Mount Macedon Primary School,Primary,O,641 Mount Macedon Road,Mount Macedon,3441,NORTH-WESTERN VICTORIA,Loddon Campaspe,413,Macedon Ranges (S),Non Metro,144.5841275,-37.40479379,Macedon Ranges
Government,1,427,Mount Clear Primary School,Primary,O,1206 Geelong Road,Mount Clear,3350,SOUTH-WESTERN VICTORIA,Central Highlands,57,Ballarat (C),Non Metro,143.868373,-37.604741,Ballarat
Government,1,430,Melton Primary School,Primary,O,Unitt Street,Melton,3337,SOUTH-WESTERN VICTORIA,Brimbank Melton,465,Melton (C),Metro,144.587015,-37.680455,Melton
Government,1,450,Fitzroy Primary School,Primary,O,319 George Street,Fitzroy,3065,NORTH-WESTERN VICTORIA,North Eastern Melbourne,735,Yarra (C),Metro,144.981511,-37.799603,Yarra
Government,1,452,Newstead Primary School,Primary,O,28 Lyons Street,Newstead,3462,NORTH-WESTERN VICTORIA,Loddon Campaspe,543,Mount Alexander (S),Non Metro,144.06719,-37.105917,Mount Alexander
Government,1,453,Newlyn Primary School,Primary,O,2701 Midland Highway,Newlyn,3364,SOUTH-WESTERN VICTORIA,Central Highlands,291,Hepburn (S),Non Metro,143.9844266,-37.41202483,Hepburn
Government,1,454,Burwood East Primary School,Primary,O,Cnr Blackburn And Highbury Rds,Burwood East,3151,NORTH-EASTERN VICTORIA,Inner Eastern Melbourne,698,Whitehorse (C),Metro,145.151807,-37.859734,Whitehorse
Government,1,467,New Gisborne Primary School,Primary,O,239 Station Road,New Gisborne,3438,NORTH-WESTERN VICTORIA,Loddon Campaspe,413,Macedon Ranges (S),Non Metro,144.596579,-37.46288785,Macedon Ranges
Government,1,482,Beeac Primary School,Primary,O,35 Lang Street,Beeac,3251,SOUTH-WESTERN VICTORIA,Barwon,175,Colac-Otway (S),Non Metro,143.644279,-38.193973,Colac-Otway
Government,1,483,Essendon Primary School,Primary,O,38 Raleigh Street,Essendon,3040,SOUTH-WESTERN VICTORIA,Western Melbourne,506,Moonee Valley (C),Metro,144.921042,-37.753095,Moonee Valley
Government,1,484,Coburg Primary School,Primary,O,92 Bell Street,Coburg,3058,NORTH-WESTERN VICTORIA,Hume Merri-bek,525,Merri-bek (C),Metro,144.968211,-37.741303,Merri-bek
Government,1,486,Penshurst Primary School,Primary,O,87 Ritchie Street,Penshurst,3289,SOUTH-WESTERN VICTORIA,Wimmera South West,626,Southern Grampians (S),Non Metro,142.291326,-37.879184,Southern Grampians
Government,1,487,Myrniong Primary School,Primary,O,13 Muddy Lane,Myrniong,3341,SOUTH-WESTERN VICTORIA,Central Highlands,515,Moorabool (S),Non Metro,144.3463198,-37.61971733,Moorabool
Government,1,488,Mernda Primary School,Primary,O,25 Everton Drive,Mernda,3754,NORTH-WESTERN VICTORIA,North Eastern Melbourne,707,Whittlesea (C),Metro,145.0922429,-37.59459504,Whittlesea
Government,1,489,Portland Primary School,Primary,O,45 Palmer Street,Portland,3305,SOUTH-WESTERN VICTORIA,Wimmera South West,241,Glenelg (S),Non Metro,141.599408,-38.347295,Glenelg
Government,1,502,Stawell Primary School,Primary,O,14-28 Barnes Street,Stawell,3380,SOUTH-WESTERN VICTORIA,Wimmera South West,581,Northern Grampians (S),Non Metro,142.773775,-37.056128,Northern Grampians
Government,1,522,Rutherglen Primary School,Primary,O,44 Murray Street,Rutherglen,3685,NORTH-EASTERN VICTORIA,Ovens Murray,335,Indigo (S),Non Metro,146.460614,-36.056209,Indigo
Government,1,528,Riddells Creek Primary School,Primary,O,69-77 Main Road,Riddells Creek,3431,NORTH-WESTERN VICTORIA,Loddon Campaspe,413,Macedon Ranges (S),Non Metro,144.6797752,-37.46122119,Macedon Ranges
Government,1,531,Rokewood Primary School,Primary,O,38 Aitchison Street,Rokewood,3330,SOUTH-WESTERN VICTORIA,Central Highlands,249,Golden Plains (S),Non Metro,143.7228146,-37.90365609,Golden Plains
Government,1,541,Geelong East Primary School,Primary,O,184 Boundary Road,Geelong East,3219,SOUTH-WESTERN VICTORIA,Barwon,275,Greater Geelong (C),Non Metro,144.382769,-38.17551,Greater Geelong
Government,1,545,Sale Primary School,Primary,O,Macalister Street,Sale,3850,SOUTH-EASTERN VICTORIA,Outer Gippsland,681,Wellington (S),Non Metro,147.073643,-38.108303,Wellington
Government,1,582,Skipton Primary School,Primary,O,7 Montgomery Street,Skipton,3361,SOUTH-WESTERN VICTORIA,Wimmera South West,183,Corangamite (S),Non Metro,143.368161,-37.686858,Corangamite
Government,1,583,South Yarra Primary School,Primary,O,601 Punt Road,South Yarra,3141,SOUTH-EASTERN VICTORIA,Bayside Peninsula,460,Melbourne (C),Metro,144.985619,-37.841353,Melbourne
Government,1,596,Stratford Primary School,Primary,O,14 Wellsford Street,Stratford,3862,SOUTH-EASTERN VICTORIA,Outer Gippsland,681,Wellington (S),Non Metro,147.085386,-37.967251,Wellington
Government,1,614,Taradale Primary School,Primary,O,98 High Street,Taradale,3447,NORTH-WESTERN VICTORIA,Loddon Campaspe,543,Mount Alexander (S),Non Metro,144.351063,-37.141313,Mount Alexander
Government,1,618,Koroit And District Primary School,Primary,O,91 Commercial Road,Koroit,3282,SOUTH-WESTERN VICTORIA,Wimmera South West,549,Moyne (S),Non Metro,142.368702,-38.292441,Moyne
Government,1,621,Tylden Primary School,Primary,O,11 Clowes Street,Tylden,3444,NORTH-WESTERN VICTORIA,Loddon Campaspe,413,Macedon Ranges (S),Non Metro,144.4087844,-37.32496764,Macedon Ranges
Government,1,631,Thomastown Primary School,Primary,O,10 Spring Street,Thomastown,3074,NORTH-WESTERN VICTORIA,North Eastern Melbourne,707,Whittlesea (C),Metro,145.011495,-37.682271,Whittlesea
Government,1,643,Wangaratta Primary School,Primary,O,19 Chisholm Street,Wangaratta,3677,NORTH-EASTERN VICTORIA,Ovens Murray,670,Wangaratta (RC),Non Metro,146.329419,-36.355275,Wangaratta
Government,1,644,Wahgunyah Primary School,Primary,O,Elizabeth Street,Wahgunyah,3687,NORTH-EASTERN VICTORIA,Ovens Murray,335,Indigo (S),Non Metro,146.397925,-36.013651,Indigo
Government,1,647,Woodend Primary School,Primary,O,146 High Street,Woodend,3442,NORTH-WESTERN VICTORIA,Loddon Campaspe,413,Macedon Ranges (S),Non Metro,144.5329415,-37.35341833,Macedon Ranges
Government,1,648,Woodford Primary School,Primary,O,8 Victoria Street,Woodford,3281,SOUTH-WESTERN VICTORIA,Wimmera South West,673,Warrnambool (C),Non Metro,142.484504,-38.316807,Warrnambool
Government,1,649,Werribee Primary School,Primary,O,2 Deutgam Street,Werribee,3030,SOUTH-WESTERN VICTORIA,Western Melbourne,726,Wyndham (C),Metro,144.658736,-37.906865,Wyndham
Government,1,652,Winters Flat Primary School,Primary,O,3 Roberts Avenue,Castlemaine,3450,NORTH-WESTERN VICTORIA,Loddon Campaspe,543,Mount Alexander (S),Non Metro,144.207491,-37.070164,Mount Alexander
Government,1,653,Wooragee Primary School,Primary,O,1011 Beechworth-Wodonga Road,Wooragee,3747,NORTH-EASTERN VICTORIA,Ovens Murray,335,Indigo (S),Non Metro,146.730883,-36.29048,Indigo
Government,1,664,Wallan Primary School,Primary,O,46-48 Queen Street,Wallan,3756,NORTH-EASTERN VICTORIA,Goulburn,485,Mitchell (S),Non Metro,144.975036,-37.411465,Mitchell
Government,1,688,Woolsthorpe Primary School,Primary,O,12 Manifold Street,Woolsthorpe,3276,SOUTH-WESTERN VICTORIA,Wimmera South West,549,Moyne (S),Non Metro,142.4317633,-38.18741399,Moyne
Government,1,691,Yandoit Primary School,Primary,O,74 High Street,Yandoit,3461,SOUTH-WESTERN VICTORIA,Central Highlands,291,Hepburn (S),Non Metro,144.0884407,-37.21400151,Hepburn
Government,1,693,Yarram Primary School,Primary,O,2-14 Wesley Street,Yarram,3971,SOUTH-EASTERN VICTORIA,Outer Gippsland,681,Wellington (S),Non Metro,146.675323,-38.558532,Wellington
Government,1,695,Pleasant Street Primary School (Ballarat),Primary,O,101 Pleasant St North,Lake Wendouree,3350,SOUTH-WESTERN VICTORIA,Central Highlands,57,Ballarat (C),Non Metro,143.838497,-37.556332,Ballarat
Government,1,699,Yea Primary School,Primary,O,23 Station Street,Yea,3717,NORTH-EASTERN VICTORIA,Goulburn,562,Murrindindi (S),Non Metro,145.428298,-37.212727,Murrindindi
Government,1,707,Lancefield Primary School,Primary,O,80 High Street,Lancefield,3435,NORTH-WESTERN VICTORIA,Loddon Campaspe,413,Macedon Ranges (S),Non Metro,144.726424,-37.27495358,Macedon Ranges
Government,1,716,Coimadai Primary School,Primary,O,86 Bennetts Lane,Coimadai,3340,SOUTH-WESTERN VICTORIA,Central Highlands,515,Moorabool (S),Non Metro,144.478308,-37.6137926,Moorabool
Government,1,723,Birregurra Primary School,Primary,O,58 Beal Street,Birregurra,3242,SOUTH-WESTERN VICTORIA,Barwon,175,Colac-Otway (S),Non Metro,143.78651,-38.340457,Colac-Otway
Government,1,734,Clayton North Primary School,Primary,O,1714 Dandenong Road,Clayton,3168,NORTH-EASTERN VICTORIA,Inner Eastern Melbourne,497,Monash (C),Metro,145.122666,-37.911944,Monash
Government,1,737,Milawa Primary School,Primary,O,133 Milawa-Bobinawarrah Road,Milawa,3678,NORTH-EASTERN VICTORIA,Ovens Murray,670,Wangaratta (RC),Non Metro,146.432484,-36.444544,Wangaratta
Government,1,744,Lockwood Primary School,Primary,O,190 Wiegards Road,Lockwood,3551,NORTH-WESTERN VICTORIA,Loddon Campaspe,262,Greater Bendigo (C),Non Metro,144.161558,-36.802579,Greater Bendigo
Government,1,749,Bealiba Primary School,Primary,O,9 Grant Street,Bealiba,3475,NORTH-WESTERN VICTORIA,Loddon Campaspe,167,Central Goldfields (S),Non Metro,143.551897,-36.789942,Central Goldfields
Government,1,754,Bairnsdale Primary School,Primary,O,324 Main Street,Bairnsdale,3875,SOUTH-EASTERN VICTORIA,Outer Gippsland,211,East Gippsland (S),Non Metro,147.6232285,-37.82742322,East Gippsland
Government,1,755,Gordon Primary School,Primary,O,1 Dicker Street,Gordon,3345,SOUTH-WESTERN VICTORIA,Central Highlands,515,Moorabool (S),Non Metro,144.105053,-37.58384869,Moorabool
Government,1,767,Hepburn Primary School,Primary,O,156 Main Road,Hepburn,3461,SOUTH-WESTERN VICTORIA,Central Highlands,291,Hepburn (S),Non Metro,144.1327626,-37.30971525,Hepburn
Government,1,769,Lara Lake Primary School,Primary,O,89 Forest Road South,Lara Lake,3212,SOUTH-WESTERN VICTORIA,Barwon,275,Greater Geelong (C),Non Metro,144.395642,-38.030405,Greater Geelong
Government,1,770,Rosedale Primary School,Primary,O,1-23 Cricket Street,Rosedale,3847,SOUTH-EASTERN VICTORIA,Outer Gippsland,681,Wellington (S),Non Metro,146.7739049,-38.15460171,Wellington
Government,1,776,Bright P-12 College,Pri/Sec,O,46 Bakers Gully Road,Bright,3741,NORTH-EASTERN VICTORIA,Ovens Murray,11,Alpine (S),Non Metro,146.960928,-36.733105,Alpine
Government,1,795,Rochester Primary School,Primary,O,2 George Street,Rochester,3561,NORTH-WESTERN VICTORIA,Loddon Campaspe,137,Campaspe (S),Non Metro,144.6979959,-36.35459709,Campaspe
Government,1,800,Ararat Primary School,Primary,O,70 - 78 Moore Street,Ararat,3377,SOUTH-WESTERN VICTORIA,Central Highlands,26,Ararat (RC),Non Metro,142.937307,-37.285942,Ararat
Government,1,814,Jamieson Primary School,Primary,O,1 The Sideling,Jamieson,3723,NORTH-EASTERN VICTORIA,Ovens Murray,425,Mansfield (S),Non Metro,146.139999,-37.301263,Mansfield
Government,1,824,Preston South Primary School,Primary,O,56B Hotham Street,Preston,3072,NORTH-WESTERN VICTORIA,North Eastern Melbourne,189,Darebin (C),Metro,145.007447,-37.747867,Darebin
Government,1,831,Omeo Primary School,Primary,O,167 Day Avenue,Omeo,3898,SOUTH-EASTERN VICTORIA,Outer Gippsland,211,East Gippsland (S),Non Metro,147.593082,-37.100217,East Gippsland
Government,1,843,Harrietville Primary School,Primary,O,165 Great Alpine Road,Harrietville,3741,NORTH-EASTERN VICTORIA,Ovens Murray,11,Alpine (S),Non Metro,147.064936,-36.887713,Alpine
Government,1,846,Mordialloc Beach Primary School,Primary,O,58 Barkly Street,Mordialloc,3195,SOUTH-EASTERN VICTORIA,Bayside Peninsula,343,Kingston (C),Metro,145.088809,-38.005582,Kingston
Government,1,849,Healesville Primary School,Primary,O,2 View Street,Healesville,3777,NORTH-EASTERN VICTORIA,Outer Eastern Melbourne,745,Yarra Ranges (S),Metro,145.5160425,-37.65713287,Yarra Ranges
Government,1,854,Lake Bolac College,Pri/Sec,O,90 Montgomery Street,Lake Bolac,3351,SOUTH-WESTERN VICTORIA,Central Highlands,26,Ararat (RC),Non Metro,142.837903,-37.720241,Ararat
Government,1,856,Toongabbie Primary School,Primary,O,Victoria Street,Toongabbie,3856,SOUTH-EASTERN VICTORIA,Inner Gippsland,381,Latrobe (C),Non Metro,146.625183,-38.056967,Latrobe
Government,1,859,Waubra Primary School,Primary,O,2110 Sunraysia Highway,Waubra,3352,SOUTH-WESTERN VICTORIA,Central Highlands,599,Pyrenees (S),Non Metro,143.634455,-37.353836,Pyrenees
Government,1,860,Great Western Primary School,Primary,O,Stephenson Street,Great Western,3374,SOUTH-WESTERN VICTORIA,Wimmera South West,581,Northern Grampians (S),Non Metro,142.85173,-37.148513,Northern Grampians
Government,1,861,Maffra Primary School,Primary,O,22-28 Church Street,Maffra,3860,SOUTH-EASTERN VICTORIA,Outer Gippsland,681,Wellington (S),Non Metro,146.97677,-37.964002,Wellington
Government,1,862,Broken Creek Primary School,Primary,O,413 Quinn Road,Broken Creek,3673,NORTH-EASTERN VICTORIA,Ovens Murray,101,Benalla (RC),Non Metro,145.889232,-36.423279,Benalla
Government,1,863,Lal Lal Primary School,Primary,O,12 Vaughan Street,Lal Lal,3352,SOUTH-WESTERN VICTORIA,Central Highlands,515,Moorabool (S),Non Metro,144.010707,-37.676724,Moorabool
Government,1,864,Cobden Primary School,Primary,O,18 Silvester Street,Cobden,3266,SOUTH-WESTERN VICTORIA,Wimmera South West,183,Corangamite (S),Non Metro,143.078121,-38.327119,Corangamite
Government,1,866,St Leonards Primary School,Primary,O,1341 Murradoc Road,St Leonards,3223,SOUTH-WESTERN VICTORIA,Barwon,275,Greater Geelong (C),Non Metro,144.714754,-38.171835,Greater Geelong
Government,1,876,Lilydale Primary School,Primary,O,63 - 65 Castella Street,Lilydale,3140,NORTH-EASTERN VICTORIA,Outer Eastern Melbourne,745,Yarra Ranges (S),Metro,145.3540681,-37.75367357,Yarra Ranges
Government,1,877,Bendigo Primary School,Primary,O,91 Old Violet Street,Bendigo,3550,NORTH-WESTERN VICTORIA,Loddon Campaspe,262,Greater Bendigo (C),Non Metro,144.265244,-36.757017,Greater Bendigo
Government,1,878,Darraweit Guim Primary School,Primary,O,2 Darraweit Valley Road,Darraweit Guim,3756,NORTH-WESTERN VICTORIA,Loddon Campaspe,413,Macedon Ranges (S),Non Metro,144.8935664,-37.4010281,Macedon Ranges
Government,1,880,Linton Primary School,Primary,O,28 Adair Street,Linton,3360,SOUTH-WESTERN VICTORIA,Central Highlands,249,Golden Plains (S),Non Metro,143.5613088,-37.68406827,Golden Plains
Government,1,882,Invermay Primary School,Primary,O,187 Swinglers Road,Invermay,3352,SOUTH-WESTERN VICTORIA,Central Highlands,57,Ballarat (C),Non Metro,143.874583,-37.520527,Ballarat
Government,1,887,Mitta Mitta Primary School,Primary,O,27 Giltrap Road,Mitta Mitta,3701,NORTH-EASTERN VICTORIA,Ovens Murray,667,Towong (S),Non Metro,147.379483,-36.533414,Towong
Government,1,888,Camberwell Primary School,Primary,O,290 Camberwell Road,Camberwell,3124,NORTH-EASTERN VICTORIA,Inner Eastern Melbourne,111,Boroondara (C),Metro,145.058048,-37.832684,Boroondara
Government,1,890,Greenvale Primary School,Primary,O,12-24 Bradford Avenue,Greenvale,3059,NORTH-WESTERN VICTORIA,Hume Merri-bek,327,Hume (C),Metro,144.886181,-37.639828,Hume
Government,1,912,Alexandra Primary School,Primary,O,15 Webster Street,Alexandra,3714,NORTH-EASTERN VICTORIA,Goulburn,562,Murrindindi (S),Non Metro,145.711704,-37.192568,Murrindindi
Government,1,919,Rockbank Primary School,Primary,O,97-105 Westcott Parade,Rockbank,3335,SOUTH-WESTERN VICTORIA,Brimbank Melton,465,Melton (C),Metro,144.661899,-37.732147,Melton
Government,1,932,Bannockburn P-12 College,Pri/Sec,O,139 Milton Street,Bannockburn,3331,SOUTH-WESTERN VICTORIA,Central Highlands,249,Golden Plains (S),Non Metro,144.160668,-38.042004,Golden Plains
Government,1,945,Doreen Primary School,Primary,O,75 Doctors Gully Road,Doreen,3754,NORTH-WESTERN VICTORIA,North Eastern Melbourne,571,Nillumbik (S),Metro,145.145539,-37.60601,Nillumbik
Government,1,954,Talbot Primary School,Primary,O,2 Rowe Street,Talbot,3371,NORTH-WESTERN VICTORIA,Loddon Campaspe,167,Central Goldfields (S),Non Metro,143.703604,-37.16865,Central Goldfields
Government,1,956,Yarra Glen Primary School,Primary,O,35 Symonds Street,Yarra Glen,3775,NORTH-EASTERN VICTORIA,Outer Eastern Melbourne,745,Yarra Ranges (S),Metro,145.372413,-37.649705,Yarra Ranges
Government,1,981,Kangaroo Flat Primary School,Primary,O,60-80 Olympic Parade,Kangaroo Flat,3555,NORTH-WESTERN VICTORIA,Loddon Campaspe,262,Greater Bendigo (C),Non Metro,144.234086,-36.787683,Greater Bendigo
Government,1,982,Westmeadows Primary School,Primary,O,34-46 Riddell Street,Westmeadows,3049,NORTH-WESTERN VICTORIA,Hume Merri-bek,327,Hume (C),Metro,144.895697,-37.675649,Hume
Government,1,1002,Sunbury Primary School,Primary,O,41 The Heights,Sunbury,3429,NORTH-WESTERN VICTORIA,Hume Merri-bek,327,Hume (C),Metro,144.728144,-37.597687,Hume
Government,1,1003,Diamond Creek Primary School,Primary,O,17 Clyde Street,Diamond Creek,3089,NORTH-WESTERN VICTORIA,North Eastern Melbourne,571,Nillumbik (S),Metro,145.1516539,-37.67184929,Nillumbik
Government,1,1004,Hesket Primary School,Primary,O,800 Romsey Road,Hesket,3442,NORTH-WESTERN VICTORIA,Loddon Campaspe,413,Macedon Ranges (S),Non Metro,144.6197775,-37.34780909,Macedon Ranges
Government,1,1008,Axedale Primary School,Primary,O,81 High Street,Axedale,3551,NORTH-WESTERN VICTORIA,Loddon Campaspe,262,Greater Bendigo (C),Non Metro,144.50146,-36.786228,Greater Bendigo
Government,1,1022,Vermont Primary School,Primary,O,4-10 Nurlendi Road,Vermont,3133,NORTH-EASTERN VICTORIA,Inner Eastern Melbourne,698,Whitehorse (C),Metro,145.194296,-37.837359,Whitehorse
Government,1,1023,Tarnagulla Primary School,Primary,O,51 Stanley Street,Tarnagulla,3551,NORTH-WESTERN VICTORIA,Loddon Campaspe,394,Loddon (S),Non Metro,143.828403,-36.771263,Loddon
Government,1,1026,Balwyn Primary School,Primary,O,86B Balwyn Road,Balwyn,3103,NORTH-EASTERN VICTORIA,Inner Eastern Melbourne,111,Boroondara (C),Metro,145.081378,-37.813938,Boroondara
Government,1,1028,Scoresby Primary School,Primary,O,11 Ingrid Street,Scoresby,3179,NORTH-EASTERN VICTORIA,Outer Eastern Melbourne,367,Knox (C),Metro,145.227501,-37.89395,Knox
Government,1,1030,Carisbrook Primary School,Primary,O,2  Camp Street,Carisbrook,3464,NORTH-WESTERN VICTORIA,Loddon Campaspe,167,Central Goldfields (S),Non Metro,143.812657,-37.052061,Central Goldfields
Government,1,1033,Wandin Yallock Primary School,Primary,O,105 Beenak Road,Wandin North,3139,NORTH-EASTERN VICTORIA,Outer Eastern Melbourne,745,Yarra Ranges (S),Metro,145.43595,-37.790251,Yarra Ranges
Government,1,1034,Yering Primary School,Primary,O,22-24 Melba Highway,Yering,3770,NORTH-EASTERN VICTORIA,Outer Eastern Melbourne,745,Yarra Ranges (S),Metro,145.3822185,-37.7053494,Yarra Ranges
Government,1,1035,Dartmoor Primary School,Primary,O,76 Greenham Street,Dartmoor,3304,SOUTH-WESTERN VICTORIA,Wimmera South West,241,Glenelg (S),Non Metro,141.276732,-37.923017,Glenelg
Government,1,1051,Mickleham Primary School,Primary,O,1880 Mickleham Road,Mickleham,3064,NORTH-WESTERN VICTORIA,Hume Merri-bek,327,Hume (C),Metro,144.876546,-37.563495,Hume
Government,1,1052,Inglewood Primary School,Primary,O,77 Sullivan Street,Inglewood,3517,NORTH-WESTERN VICTORIA,Loddon Campaspe,394,Loddon (S),Non Metro,143.870446,-36.573945,Loddon
Government,1,1054,Chewton Primary School,Primary,O,1 Hunter Street,Chewton,3451,NORTH-WESTERN VICTORIA,Loddon Campaspe,543,Mount Alexander (S),Non Metro,144.261164,-37.082327,Mount Alexander
Government,1,1070,Bolinda Primary School,Primary,O,1 Mullalys Road,Bolinda,3432,NORTH-WESTERN VICTORIA,Loddon Campaspe,413,Macedon Ranges (S),Non Metro,144.7454039,-37.43373498,Macedon Ranges
Government,1,1072,Napoleons Primary School,Primary,O,4721 Colac-Ballarat Road,Napoleons,3352,SOUTH-WESTERN VICTORIA,Central Highlands,249,Golden Plains (S),Non Metro,143.826459,-37.67862938,Golden Plains
Government,1,1075,Kew Primary School,Primary,O,Peel Street,Kew,3101,NORTH-EASTERN VICTORIA,Inner Eastern Melbourne,111,Boroondara (C),Metro,145.033386,-37.803639,Boroondara
Government,1,1076,Haddon Primary School,Primary,O,398 Sago Hill Road,Haddon,3351,SOUTH-WESTERN VICTORIA,Central Highlands,249,Golden Plains (S),Non Metro,143.7217144,-37.58863962,Golden Plains
Government,1,1090,Sorrento Primary School,Primary,O,32 Kerferd Avenue,Sorrento,3943,SOUTH-EASTERN VICTORIA,Bayside Peninsula,534,Mornington Peninsula (S),Metro,144.740685,-38.341482,Mornington Peninsula
Government,1,1091,Alfredton Primary School,Primary,O,89a Cuthberts Road,Alfredton,3350,SOUTH-WESTERN VICTORIA,Central Highlands,57,Ballarat (C),Non Metro,143.802104,-37.554797,Ballarat
Government,1,1097,Bridgewater Primary School,Primary,O,34 - 44 Eldon Street,Bridgewater On Loddon,3516,NORTH-WESTERN VICTORIA,Loddon Campaspe,394,Loddon (S),Non Metro,143.945917,-36.603101,Loddon
Government,1,1098,Hastings Primary School,Primary,O,10 - 20 Hodgins Road,Hastings,3915,SOUTH-EASTERN VICTORIA,Bayside Peninsula,534,Mornington Peninsula (S),Metro,145.189474,-38.299696,Mornington Peninsula
Government,1,1103,Yackandandah Primary School,Primary,O,39 High Street,Yackandandah,3749,NORTH-EASTERN VICTORIA,Ovens Murray,335,Indigo (S),Non Metro,146.836458,-36.312095,Indigo
Government,1,1104,Nagambie Primary School,Primary,O,31 Goulburn Street,Nagambie,3608,NORTH-EASTERN VICTORIA,Goulburn,643,Strathbogie (S),Non Metro,145.157226,-36.787589,Strathbogie
Government,1,1108,Heyfield Primary School,Primary,O,22 Temple Street,Heyfield,3858,SOUTH-EASTERN VICTORIA,Outer Gippsland,681,Wellington (S),Non Metro,146.784936,-37.982114,Wellington
Government,1,1111,Moorabbin Primary School,Primary,O,61 Worthing Road,Moorabbin,3189,SOUTH-EASTERN VICTORIA,Bayside Peninsula,343,Kingston (C),Metro,145.039587,-37.94202,Kingston
Government,1,1112,Mansfield Primary School,Primary,O,4 Apollo Street,Mansfield,3722,NORTH-EASTERN VICTORIA,Ovens Murray,425,Mansfield (S),Non Metro,146.084825,-37.055591,Mansfield
Government,1,1115,Middle Indigo Primary School,Primary,O,710 Indigo Creek Road,Indigo Valley,3688,NORTH-EASTERN VICTORIA,Ovens Murray,335,Indigo (S),Non Metro,146.72484,-36.156013,Indigo
Government,1,1117,Briagolong Primary School,Primary,O,2 Church Street,Briagolong,3860,SOUTH-EASTERN VICTORIA,Outer Gippsland,681,Wellington (S),Non Metro,147.067843,-37.842801,Wellington
Government,1,1120,Lindenow Primary School,Primary,O,140 Henry Street,Lindenow,3865,SOUTH-EASTERN VICTORIA,Outer Gippsland,211,East Gippsland (S),Non Metro,147.453266,-37.800879,East Gippsland
Government,1,1125,Broadford Primary School,Primary,O,17-23 Powlett Street,Broadford,3658,NORTH-EASTERN VICTORIA,Goulburn,485,Mitchell (S),Non Metro,145.046301,-37.20257,Mitchell
Government,1,1126,Murchison Primary School,Primary,O,8 - 10 Impey Street,Murchison,3610,NORTH-EASTERN VICTORIA,Goulburn,283,Greater Shepparton (C),Non Metro,145.214287,-36.61718,Greater Shepparton
Government,1,1134,Panton Hill Primary School,Primary,O,585 Kangaroo Grd-St Andrews Rd,Panton Hill,3759,NORTH-WESTERN VICTORIA,North Eastern Melbourne,571,Nillumbik (S),Metro,145.2395564,-37.64160566,Nillumbik
Government,1,1135,Glen Park Primary School,Primary,O,265 Ralstons Road,Glen Park,3352,SOUTH-WESTERN VICTORIA,Central Highlands,515,Moorabool (S),Non Metro,143.934795,-37.524779,Moorabool
Government,1,1136,Concongella Primary School,Primary,O,61 Concongella School Road,CONCONGELLA,3384,SOUTH-WESTERN VICTORIA,Wimmera South West,581,Northern Grampians (S),Non Metro,142.822316,-37.049558,Northern Grampians
Government,1,1141,Bruthen Primary School,Primary,O,31 Great Alpine Road,Bruthen,3885,SOUTH-EASTERN VICTORIA,Outer Gippsland,211,East Gippsland (S),Non Metro,147.833492,-37.704214,East Gippsland
Government,1,1142,Swan Hill Primary School,Primary,O,123 Gray Street,Swan Hill,3585,NORTH-WESTERN VICTORIA,Mallee,661,Swan Hill (RC),Non Metro,143.54325,-35.346911,Swan Hill
Government,1,1144,Porepunkah Primary School,Primary,O,2 Martley Street,Porepunkah,3740,NORTH-EASTERN VICTORIA,Ovens Murray,11,Alpine (S),Non Metro,146.911022,-36.699486,Alpine
Government,1,1146,Leopold Primary School,Primary,O,1 Kensington Road,Leopold,3224,SOUTH-WESTERN VICTORIA,Barwon,275,Greater Geelong (C),Non Metro,144.464367,-38.187261,Greater Geelong
Government,1,1147,Inverleigh Primary School,Primary,O,54 High Street,Inverleigh,3321,SOUTH-WESTERN VICTORIA,Central Highlands,249,Golden Plains (S),Non Metro,144.0546877,-38.10094228,Golden Plains
Government,1,1148,Glen Iris Primary School,Primary,O,170 Glen Iris Road,Glen Iris,3146,NORTH-EASTERN VICTORIA,Inner Eastern Melbourne,111,Boroondara (C),Metro,145.065894,-37.860483,Boroondara
Government,1,1150,Trawalla Primary School,Primary,O,11 Trawalla Road,Trawalla,3373,SOUTH-WESTERN VICTORIA,Central Highlands,599,Pyrenees (S),Non Metro,143.469859,-37.437731,Pyrenees
Government,1,1165,Quarry Hill Primary School,Primary,O,25 Peel Street,Quarry Hill,3550,NORTH-WESTERN VICTORIA,Loddon Campaspe,262,Greater Bendigo (C),Non Metro,144.279976,-36.775117,Greater Bendigo
Government,1,1167,Sebastopol Primary School,Primary,O,9 Warreen Street,Sebastopol,3356,SOUTH-WESTERN VICTORIA,Central Highlands,57,Ballarat (C),Non Metro,143.844719,-37.59643401,Ballarat
Government,1,1176,Woodside Primary School,Primary,O,39-41 Prince St,Woodside,3874,SOUTH-EASTERN VICTORIA,Outer Gippsland,681,Wellington (S),Non Metro,146.876739,-38.526332,Wellington
Government,1,1178,Noorat Primary School,Primary,O,MacKinnon's Bridge Road,Noorat,3265,SOUTH-WESTERN VICTORIA,Wimmera South West,183,Corangamite (S),Non Metro,142.928735,-38.190751,Corangamite
Government,1,1181,Albert Park Primary School,Primary,O,210 Bridport Street,Albert Park,3206,SOUTH-EASTERN VICTORIA,Bayside Peninsula,590,Port Phillip (C),Metro,144.952766,-37.841884,Port Phillip
Government,1,1183,Williamstown Primary School,Primary,O,Cnr. Electra & Parker Street,Williamstown,3016,SOUTH-WESTERN VICTORIA,Western Melbourne,311,Hobsons Bay (C),Metro,144.900409,-37.863798,Hobsons Bay
Government,1,1184,Boneo Primary School,Primary,O,582 Boneo Road,Boneo,3939,SOUTH-EASTERN VICTORIA,Bayside Peninsula,534,Mornington Peninsula (S),Metro,144.887114,-38.41198,Mornington Peninsula
Government,1,1190,Queenscliff Primary School,Primary,O,20 Stevens Street,Queenscliff,3225,SOUTH-WESTERN VICTORIA,Barwon,608,Queenscliffe (B),Non Metro,144.656211,-38.267224,Queenscliffe
Government,1,1194,Portland North Primary School,Primary,O,42 School Road,Portland North,3305,SOUTH-WESTERN VICTORIA,Wimmera South West,241,Glenelg (S),Non Metro,141.572331,-38.317639,Glenelg
Government,1,1207,Timor Primary School,Primary,O,395 Bet Bet Creek Road,Timor,3465,NORTH-WESTERN VICTORIA,Loddon Campaspe,167,Central Goldfields (S),Non Metro,143.711987,-36.984224,Central Goldfields
Government,1,1208,Apsley Primary School,Primary,O,46 Laidlaw Street,Apsley,3319,SOUTH-WESTERN VICTORIA,Wimmera South West,689,West Wimmera (S),Non Metro,141.082487,-36.973706,West Wimmera
Government,1,1211,Strathfieldsaye Primary School,Primary,O,9 Uxbridge Street,Strathfieldsaye,3551,NORTH-WESTERN VICTORIA,Loddon Campaspe,262,Greater Bendigo (C),Non Metro,144.352908,-36.804355,Greater Bendigo
Government,1,1222,Skye Primary School,Primary,O,395 Ballarto Road,Skye,3977,SOUTH-EASTERN VICTORIA,Bayside Peninsula,217,Frankston (C),Metro,145.201245,-38.117707,Frankston
Government,1,1231,Lucknow Primary School,Primary,O,35 Howitt Avenue,Eastwood,3875,SOUTH-EASTERN VICTORIA,Outer Gippsland,211,East Gippsland (S),Non Metro,147.630748,-37.812667,East Gippsland
Government,1,1244,Upper Plenty Primary School,Primary,O,10 Clarkes Road,Upper Plenty,3756,NORTH-EASTERN VICTORIA,Goulburn,485,Mitchell (S),Non Metro,145.057874,-37.423711,Mitchell
Government,1,1252,Carlton North Primary School,Primary,O,60 Lee Street,Carlton North,3054,NORTH-WESTERN VICTORIA,North Eastern Melbourne,735,Yarra (C),Metro,144.973028,-37.791064,Yarra
Government,1,1254,Maldon Primary School,Primary,O,109 High Street,Maldon,3463,NORTH-WESTERN VICTORIA,Loddon Campaspe,543,Mount Alexander (S),Non Metro,144.065814,-36.995039,Mount Alexander
Government,1,1259,Woori Yallock Primary School,Primary,O,1360 Healesville Road,Woori Yallock,3139,NORTH-EASTERN VICTORIA,Outer Eastern Melbourne,745,Yarra Ranges (S),Metro,145.5326881,-37.77737209,Yarra Ranges
Government,1,1263,Moyston Primary School,Primary,O,1349 Ararat-Halls Gap Road,Moyston,3377,SOUTH-WESTERN VICTORIA,Central Highlands,26,Ararat (RC),Non Metro,142.76785,-37.301664,Ararat
Government,1,1270,Buninyong Primary School,Primary,O,202 Simpson Street,Buninyong,3357,SOUTH-WESTERN VICTORIA,Central Highlands,57,Ballarat (C),Non Metro,143.886252,-37.654229,Ballarat
Government,1,1273,Marysville Primary School,Primary,O,15 Falls Road,Marysville,3779,NORTH-EASTERN VICTORIA,Goulburn,562,Murrindindi (S),Non Metro,145.748939,-37.511982,Murrindindi
Government,1,1275,Langley Primary School,Primary,O,Crn Kyneton/Heathcote & Parsells Rd,Langley,3444,NORTH-WESTERN VICTORIA,Loddon Campaspe,543,Mount Alexander (S),Non Metro,144.489657,-37.17118,Mount Alexander
Government,1,1277,Wandong Primary School,Primary,O,43-51 Rail Street,Wandong,3758,NORTH-EASTERN VICTORIA,Goulburn,485,Mitchell (S),Non Metro,145.027861,-37.360304,Mitchell
Government,1,1282,Cowes Primary School,Primary,O,177 Settlement Road,Cowes,3922,SOUTH-EASTERN VICTORIA,Inner Gippsland,74,Bass Coast (S),Non Metro,145.241315,-38.456278,Bass Coast
Government,1,1288,Bullarto Primary School,Primary,O,131 Bullarto South Road,Bullarto,3461,SOUTH-WESTERN VICTORIA,Central Highlands,291,Hepburn (S),Non Metro,144.218221,-37.405379,Hepburn
Government,1,1293,Lismore Primary School,Primary,O,77 William Street,Lismore,3324,SOUTH-WESTERN VICTORIA,Wimmera South West,183,Corangamite (S),Non Metro,143.3392983,-37.95459656,Corangamite
Government,1,1295,Lower Plenty Primary School,Primary,O,126-144 Main Road,Lower Plenty,3093,NORTH-WESTERN VICTORIA,North Eastern Melbourne,66,Banyule (C),Metro,145.115498,-37.726172,Banyule
Government,1,1316,Specimen Hill Primary School,Primary,O,25 Inglewood Street,Golden Square,3555,NORTH-WESTERN VICTORIA,Loddon Campaspe,262,Greater Bendigo (C),Non Metro,144.248335,-36.761874,Greater Bendigo
Government,1,1324,Bolwarra Primary School,Primary,O,249 Princes Highway,Bolwarra,3305,SOUTH-WESTERN VICTORIA,Wimmera South West,241,Glenelg (S),Non Metro,141.613797,-38.281613,Glenelg
Government,1,1330,Navarre Primary School,Primary,O,High Street,Navarre,3384,SOUTH-WESTERN VICTORIA,Wimmera South West,581,Northern Grampians (S),Non Metro,143.111337,-36.900737,Northern Grampians
Government,1,1334,Warracknabeal Primary School,Primary,O,5 Werrigar Street,Warracknabeal,3393,SOUTH-WESTERN VICTORIA,Wimmera South West,763,Yarriambiack (S),Non Metro,142.391263,-36.257875,Yarriambiack
Government,1,1335,Moyhu Primary School,Primary,O,2799 Wangaratta-Whitfield Road,Moyhu,3732,NORTH-EASTERN VICTORIA,Ovens Murray,670,Wangaratta (RC),Non Metro,146.383087,-36.593173,Wangaratta
Government,1,1347,Natte Yallock Primary School,Primary,O,10 School Road,Natte Yallock,3465,SOUTH-WESTERN VICTORIA,Central Highlands,599,Pyrenees (S),Non Metro,143.468003,-36.942129,Pyrenees
Government,1,1360,Clifton Hill Primary School,Primary,O,185 Gold St,Clifton Hill,3068,NORTH-WESTERN VICTORIA,North Eastern Melbourne,735,Yarra (C),Metro,144.989245,-37.792308,Yarra
Government,1,1362,Christmas Hills Primary School,Primary,O,1409 Eltham-yarra Glen Road,Christmas Hills,3775,NORTH-WESTERN VICTORIA,North Eastern Melbourne,571,Nillumbik (S),Metro,145.304199,-37.653515,Nillumbik
Government,1,1365,Tallangatta Primary School,Primary,O,1 Wonga Grove,Tallangatta,3700,NORTH-EASTERN VICTORIA,Ovens Murray,667,Towong (S),Non Metro,147.1741969,-36.21479715,Towong
Government,1,1366,Kialla Central Primary School,Primary,O,128 Central Kialla Road,Kialla,3631,NORTH-EASTERN VICTORIA,Goulburn,283,Greater Shepparton (C),Non Metro,145.431154,-36.452703,Greater Shepparton
Government,1,1368,Mount Eliza Primary School,Primary,O,Wooralla Drive,Mount Eliza,3930,SOUTH-EASTERN VICTORIA,Bayside Peninsula,534,Mornington Peninsula (S),Metro,145.092187,-38.195387,Mornington Peninsula
Government,1,1369,San Remo Primary School,Primary,O,22 Bergin Grove,San Remo,3925,SOUTH-EASTERN VICTORIA,Inner Gippsland,74,Bass Coast (S),Non Metro,145.369453,-38.523852,Bass Coast
Government,1,1372,Dimboola Primary School,Primary,O,Hindmarsh Street,Dimboola,3414,SOUTH-WESTERN VICTORIA,Wimmera South West,298,Hindmarsh (S),Non Metro,142.030403,-36.453364,Hindmarsh
Government,1,1373,Whorouly Primary School,Primary,O,18 Church Street,Whorouly,3735,NORTH-EASTERN VICTORIA,Ovens Murray,670,Wangaratta (RC),Non Metro,146.586653,-36.505442,Wangaratta
Government,1,1379,Merrijig Primary School,Primary,O,1820 Mount Buller Road,Merrijig,3723,NORTH-EASTERN VICTORIA,Ovens Murray,425,Mansfield (S),Non Metro,146.25688,-37.102798,Mansfield
Government,1,1386,Lethbridge Primary School,Primary,O,2 Stephenson Street,Lethbridge,3332,SOUTH-WESTERN VICTORIA,Central Highlands,249,Golden Plains (S),Non Metro,144.134564,-37.969062,Golden Plains
Government,1,1399,Oxley Primary School,Primary,O,1050 Wangaratta-Whitfield Road,Oxley,3678,NORTH-EASTERN VICTORIA,Ovens Murray,670,Wangaratta (RC),Non Metro,146.360637,-36.441561,Wangaratta
Government,1,1401,Northcote Primary School,Primary,O,33 Helen Street,Northcote,3070,NORTH-WESTERN VICTORIA,North Eastern Melbourne,189,Darebin (C),Metro,144.99688,-37.771758,Darebin
Government,1,1402,North Melbourne Primary School,Primary,O,210 Errol Street,North Melbourne,3051,SOUTH-WESTERN VICTORIA,Western Melbourne,460,Melbourne (C),Metro,144.950637,-37.798733,Melbourne
Government,1,1403,Dandenong Primary School,Primary,O,174-182 Foster Street,Dandenong,3175,SOUTH-EASTERN VICTORIA,Southern Melbourne,267,Greater Dandenong (C),Metro,145.219821,-37.987917,Greater Dandenong
Government,1,1408,Malmsbury Primary School,Primary,O,28 Cameron Street,Malmsbury,3446,NORTH-WESTERN VICTORIA,Loddon Campaspe,413,Macedon Ranges (S),Non Metro,144.3869427,-37.187315,Macedon Ranges
Government,1,1409,Williamstown North Primary School,Primary,O,133 Melbourne Road,Williamstown,3016,SOUTH-WESTERN VICTORIA,Western Melbourne,311,Hobsons Bay (C),Metro,144.891757,-37.855902,Hobsons Bay
Government,1,1410,Kerang Primary School,Primary,O,75 - 79 Victoria Street,Kerang,3579,NORTH-WESTERN VICTORIA,Mallee,225,Gannawarra (S),Non Metro,143.921138,-35.731693,Gannawarra
Government,1,1417,Drouin West Primary School,Primary,O,535 Main Neerim Road,Drouin West,3818,SOUTH-EASTERN VICTORIA,Inner Gippsland,83,Baw Baw (S),Non Metro,145.871719,-38.087115,Baw Baw
Government,1,1420,Meredith Primary School,Primary,O,5 Wallace Street,Meredith,3333,SOUTH-WESTERN VICTORIA,Central Highlands,249,Golden Plains (S),Non Metro,144.0778091,-37.84271017,Golden Plains
Government,1,1428,Eaglehawk North Primary School,Primary,O,1-9 Bendigo-Pyramid Road,Eaglehawk,3556,NORTH-WESTERN VICTORIA,Loddon Campaspe,262,Greater Bendigo (C),Non Metro,144.237269,-36.707066,Greater Bendigo
Government,1,1432,Mooroopna Primary School,Primary,O,16-18 O'Brien Street,Mooroopna,3629,NORTH-EASTERN VICTORIA,Goulburn,283,Greater Shepparton (C),Non Metro,145.360292,-36.391363,Greater Shepparton
Government,1,1434,Cairnlea Park Primary School,Primary,O,49 Carmody Drive,Cairnlea,3023,SOUTH-WESTERN VICTORIA,Brimbank Melton,118,Brimbank (C),Metro,144.787998,-37.758855,Brimbank
Government,1,1435,Ballan Primary School,Primary,O,8-14 Duncan Street,Ballan,3342,SOUTH-WESTERN VICTORIA,Central Highlands,515,Moorabool (S),Non Metro,144.2311016,-37.60168009,Moorabool
Government,1,1436,Mount Pleasant Primary School,Primary,O,401 Cobden Street,Ballarat,3350,SOUTH-WESTERN VICTORIA,Central Highlands,57,Ballarat (C),Non Metro,143.857806,-37.578357,Ballarat
Government,1,1441,Tatura Primary School,Primary,O,28-40 Albert Street,Tatura,3616,NORTH-EASTERN VICTORIA,Goulburn,283,Greater Shepparton (C),Non Metro,145.229923,-36.444966,Greater Shepparton
Government,1,1455,Toolamba Primary School,Primary,O,69-77 Wren Street,Toolamba,3614,NORTH-EASTERN VICTORIA,Goulburn,283,Greater Shepparton (C),Non Metro,145.344182,-36.490521,Greater Shepparton
Government,1,1458,Harston Primary School,Primary,O,155 Harston Road,HARSTON,3616,NORTH-EASTERN VICTORIA,Goulburn,283,Greater Shepparton (C),Non Metro,145.141754,-36.469859,Greater Shepparton
Government,1,1463,Osbornes Flat Primary School,Primary,O,354 Osbornes Flat Road,Osbornes Flat,3691,NORTH-EASTERN VICTORIA,Ovens Murray,335,Indigo (S),Non Metro,146.892571,-36.31716,Indigo
Government,1,1464,Frankston Primary School,Primary,O,40 Davey Street,Frankston,3199,SOUTH-EASTERN VICTORIA,Bayside Peninsula,217,Frankston (C),Metro,145.1240309,-38.14755735,Frankston
Government,1,1465,Donald Primary School,Primary,O,2A Walker Street,Donald,3480,SOUTH-WESTERN VICTORIA,Wimmera South West,127,Buloke (S),Non Metro,142.984628,-36.367208,Buloke
Government,1,1476,Beveridge Primary School,Primary,O,104 Arrowsmith Street,Beveridge,3753,NORTH-EASTERN VICTORIA,Goulburn,485,Mitchell (S),Non Metro,144.977755,-37.472062,Mitchell
Government,1,1479,St Kilda Primary School,Primary,O,2B Brighton Road,St Kilda,3182,SOUTH-EASTERN VICTORIA,Bayside Peninsula,590,Port Phillip (C),Metro,144.989019,-37.870223,Port Phillip
Government,1,1484,Cape Clear Primary School,Primary,O,1539 Scarsdale-pitfield Road,Cape Clear,3351,SOUTH-WESTERN VICTORIA,Central Highlands,249,Golden Plains (S),Non Metro,143.6082053,-37.79195536,Golden Plains
Government,1,1485,Warburton Primary School,Primary,O,16 Horners Road,Warburton,3799,NORTH-EASTERN VICTORIA,Outer Eastern Melbourne,745,Yarra Ranges (S),Metro,145.7017044,-37.75580451,Yarra Ranges
Government,1,1488,Tallarook Primary School,Primary,O,52 Main Road,Tallarook,3659,NORTH-EASTERN VICTORIA,Goulburn,485,Mitchell (S),Non Metro,145.10067,-37.096764,Mitchell
Government,1,1489,Barnawartha Primary School,Primary,O,11-17 Stanely Street,Barnawartha,3688,NORTH-EASTERN VICTORIA,Ovens Murray,335,Indigo (S),Non Metro,146.675889,-36.101309,Indigo
Government,1,1490,Fitzroy North Primary School,Primary,O,Fergie Street,Fitzroy North,3068,NORTH-WESTERN VICTORIA,North Eastern Melbourne,735,Yarra (C),Metro,144.984149,-37.78502,Yarra
Government,1,1492,Ashby Primary School,Primary,O,1-7 Waratah Street,Geelong West,3218,SOUTH-WESTERN VICTORIA,Barwon,275,Greater Geelong (C),Non Metro,144.347098,-38.138556,Greater Geelong
Government,1,1494,Preston Primary School,Primary,O,240 Tyler Street,Preston,3072,NORTH-WESTERN VICTORIA,North Eastern Melbourne,189,Darebin (C),Metro,145.01031,-37.730548,Darebin
Government,1,1503,Tooradin Primary School,Primary,O,Bayview Road,Tooradin,3980,SOUTH-EASTERN VICTORIA,Southern Melbourne,161,Casey (C),Metro,145.378493,-38.207631,Casey
Government,1,1508,Glenferrie Primary School,Primary,O,78 - 98 Manningtree Road,Hawthorn,3122,NORTH-EASTERN VICTORIA,Inner Eastern Melbourne,111,Boroondara (C),Metro,145.033974,-37.824048,Boroondara
Government,1,1515,Elmore Primary School,Primary,O,36 Michie Street,Elmore,3558,NORTH-WESTERN VICTORIA,Loddon Campaspe,262,Greater Bendigo (C),Non Metro,144.608912,-36.497198,Greater Bendigo
Government,1,1527,Dookie Primary School,Primary,O,Baldock Street,Dookie,3646,NORTH-EASTERN VICTORIA,Goulburn,283,Greater Shepparton (C),Non Metro,145.682794,-36.331067,Greater Shepparton
Government,1,1542,Brighton Primary School,Primary,O,59 Wilson Street,Brighton,3186,SOUTH-EASTERN VICTORIA,Bayside Peninsula,91,Bayside (C),Metro,145.001077,-37.912211,Bayside
Government,1,1548,Natimuk Primary School,Primary,O,38 Old Noradjuha Road,Natimuk,3409,SOUTH-WESTERN VICTORIA,Wimmera South West,319,Horsham (RC),Non Metro,141.950496,-36.741235,Horsham
Government,1,1549,Murtoa College,Pri/Sec,O,Webb Street,Murtoa,3390,SOUTH-WESTERN VICTORIA,Wimmera South West,763,Yarriambiack (S),Non Metro,142.475745,-36.623495,Yarriambiack
Government,1,1551,Big Hill Primary School,Primary,O,5644 Calder Highway,Big Hill,3555,NORTH-WESTERN VICTORIA,Loddon Campaspe,262,Greater Bendigo (C),Non Metro,144.24247,-36.830583,Greater Bendigo
Government,1,1552,Clunes Primary School,Primary,O,Canterbury Street,Clunes,3370,SOUTH-WESTERN VICTORIA,Central Highlands,291,Hepburn (S),Non Metro,143.7921149,-37.2907506,Hepburn
Government,1,1554,Marnoo Primary School,Primary,O,80 Newall Street,Marnoo,3387,SOUTH-WESTERN VICTORIA,Wimmera South West,581,Northern Grampians (S),Non Metro,142.870353,-36.676853,Northern Grampians
Government,1,1560,Beechworth Primary School,Primary,O,17 Junction Road,Beechworth,3747,NORTH-EASTERN VICTORIA,Ovens Murray,335,Indigo (S),Non Metro,146.693567,-36.355433,Indigo
Government,1,1563,Ardmona Primary School,Primary,O,580 Turnbull Road,Ardmona,3629,NORTH-EASTERN VICTORIA,Goulburn,283,Greater Shepparton (C),Non Metro,145.313066,-36.385458,Greater Shepparton
Government,1,1568,Kilmore Primary School,Primary,O,35 Lancefield Road,Kilmore,3764,NORTH-EASTERN VICTORIA,Goulburn,485,Mitchell (S),Non Metro,144.947521,-37.295768,Mitchell
Government,1,1571,Macarthur Primary School,Primary,O,23 Russell Street,Macarthur,3286,SOUTH-WESTERN VICTORIA,Wimmera South West,549,Moyne (S),Non Metro,142.001473,-38.030878,Moyne
Government,1,1574,Barwon Heads Primary School,Primary,O,Golf Links Road,Barwon Heads,3227,SOUTH-WESTERN VICTORIA,Barwon,275,Greater Geelong (C),Non Metro,144.487039,-38.281189,Greater Geelong
Government,1,1578,Keilor Primary School,Primary,O,25 Kennedy Street,Keilor,3036,SOUTH-WESTERN VICTORIA,Brimbank Melton,118,Brimbank (C),Metro,144.835704,-37.716896,Brimbank
Government,1,1582,Dunolly Primary School,Primary,O,8 Elgin Street,Dunolly,3472,NORTH-WESTERN VICTORIA,Loddon Campaspe,167,Central Goldfields (S),Non Metro,143.733581,-36.851552,Central Goldfields
Government,1,1583,Springhurst Primary School,Primary,O,121 Anzac Road,Springhurst,3682,NORTH-EASTERN VICTORIA,Ovens Murray,670,Wangaratta (RC),Non Metro,146.468103,-36.184673,Wangaratta
Government,1,1588,Trentham District Primary School,Primary,O,8 Bridge Street,Trentham,3458,SOUTH-WESTERN VICTORIA,Central Highlands,291,Hepburn (S),Non Metro,144.3280953,-37.38796656,Hepburn
Government,1,1591,Warrenheip Primary School,Primary,O,93 Warrenheip Road,Warrenheip,3352,SOUTH-WESTERN VICTORIA,Central Highlands,57,Ballarat (C),Non Metro,143.927428,-37.574097,Ballarat
Government,1,1592,Maiden Gully Primary School,Primary,O,10 Carolyn Way,Maiden Gully,3551,NORTH-WESTERN VICTORIA,Loddon Campaspe,262,Greater Bendigo (C),Non Metro,144.209702,-36.744193,Greater Bendigo
Government,1,1595,Rupanyup Primary School,Primary,O,22 Dyer Street,Rupanyup,3388,SOUTH-WESTERN VICTORIA,Wimmera South West,763,Yarriambiack (S),Non Metro,142.628612,-36.632224,Yarriambiack
Government,1,1598,Goornong Primary School,Primary,O,26 Grant Street,Goornong,3557,NORTH-WESTERN VICTORIA,Loddon Campaspe,262,Greater Bendigo (C),Non Metro,144.504683,-36.616997,Greater Bendigo
Government,1,1601,Oakleigh Primary School,Primary,O,20 Warrigal Road,Oakleigh,3166,NORTH-EASTERN VICTORIA,Inner Eastern Melbourne,497,Monash (C),Metro,145.088615,-37.894474,Monash
Government,1,1602,Ceres Primary School,Primary,O,605 Barrabool Road,Ceres,3221,SOUTH-WESTERN VICTORIA,Barwon,275,Greater Geelong (C),Non Metro,144.266732,-38.173549,Greater Geelong
Government,1,1604,Malvern Central School,Primary,O,Spring Road,Malvern,3144,SOUTH-EASTERN VICTORIA,Bayside Peninsula,635,Stonnington (C),Metro,145.034401,-37.856009,Stonnington
Government,1,1609,Daylesford Primary School,Primary,O,102-128 Vincent Street,Daylesford,3460,SOUTH-WESTERN VICTORIA,Central Highlands,291,Hepburn (S),Non Metro,144.1415552,-37.34510484,Hepburn
Government,1,1612,Mooroopna North Primary School,Primary,O,835 Ardmona Road,Mooroopna,3629,NORTH-EASTERN VICTORIA,Goulburn,283,Greater Shepparton (C),Non Metro,145.298488,-36.329139,Greater Shepparton
Government,1,1631,Swan Reach Primary School,Primary,O,21 School Road,Swan Reach,3903,SOUTH-EASTERN VICTORIA,Outer Gippsland,211,East Gippsland (S),Non Metro,147.864786,-37.821077,East Gippsland
Government,1,1637,Amphitheatre Primary School,Primary,O,16 School Road,Amphitheatre,3468,SOUTH-WESTERN VICTORIA,Central Highlands,599,Pyrenees (S),Non Metro,143.399236,-37.184128,Pyrenees
Government,1,1642,Deans Marsh Primary School,Primary,O,30 Deans Marsh-Lorne Road,Deans Marsh,3235,SOUTH-WESTERN VICTORIA,Barwon,649,Surf Coast (S),Non Metro,143.8857511,-38.39987507,Surf Coast
Government,1,1645,Drysdale Primary School,Primary,O,52-66 Clifton Springs Rd,Drysdale,3222,SOUTH-WESTERN VICTORIA,Barwon,275,Greater Geelong (C),Non Metro,144.571747,-38.169163,Greater Geelong
Government,1,1646,St Arnaud Primary School,Primary,O,Charlton Road,St Arnaud,3478,SOUTH-WESTERN VICTORIA,Wimmera South West,581,Northern Grampians (S),Non Metro,143.257542,-36.6102,Northern Grampians
Government,1,1652,Nullawarre and District Primary School,Primary,O,132 Henry's Sawmill Road,Nullawarre,3268,SOUTH-WESTERN VICTORIA,Wimmera South West,549,Moyne (S),Non Metro,142.734429,-38.466755,Moyne
Government,1,1660,Macedon Primary School,Primary,O,67 Smith Street,Macedon,3440,NORTH-WESTERN VICTORIA,Loddon Campaspe,413,Macedon Ranges (S),Non Metro,144.5626788,-37.41869064,Macedon Ranges
Government,1,1666,Arthurs Creek Primary School,Primary,O,900 Arthurs Creek Road,Arthurs Creek,3099,NORTH-WESTERN VICTORIA,North Eastern Melbourne,571,Nillumbik (S),Metro,145.2025016,-37.57900478,Nillumbik
Government,1,1667,Rye Primary School,Primary,O,12-22 Lyons St,Rye,3941,SOUTH-EASTERN VICTORIA,Bayside Peninsula,534,Mornington Peninsula (S),Metro,144.823824,-38.373116,Mornington Peninsula
Government,1,1669,Buxton Primary School,Primary,O,2208 Maroondah Highway,Buxton,3711,NORTH-EASTERN VICTORIA,Goulburn,562,Murrindindi (S),Non Metro,145.709051,-37.421398,Murrindindi
Government,1,1683,Moonambel Primary School,Primary,O,24 Humffray Street,Moonambel,3478,SOUTH-WESTERN VICTORIA,Central Highlands,599,Pyrenees (S),Non Metro,143.320743,-36.989858,Pyrenees
Government,1,1694,Longford Primary School,Primary,O,6380 South Gippsland Highway,Longford,3851,SOUTH-EASTERN VICTORIA,Outer Gippsland,681,Wellington (S),Non Metro,147.088411,-38.169564,Wellington
Government,1,1697,Harkaway Primary School,Primary,O,65-67 King Road,Harkaway,3806,SOUTH-EASTERN VICTORIA,Southern Melbourne,161,Casey (C),Metro,145.345173,-38.00085317,Casey
Government,1,1698,Balnarring Primary School,Primary,O,1 Civic Court,Balnarring,3926,SOUTH-EASTERN VICTORIA,Bayside Peninsula,534,Mornington Peninsula (S),Metro,145.122824,-38.376723,Mornington Peninsula
Government,1,1704,Carraragarmungee Primary School,Primary,O,1005 Wangaratta-Eldorado Road,Londrigan,3678,NORTH-EASTERN VICTORIA,Ovens Murray,670,Wangaratta (RC),Non Metro,146.460861,-36.328898,Wangaratta
Government,1,1706,Euroa Primary School,Primary,O,1C Clifton Street,Euroa,3666,NORTH-EASTERN VICTORIA,Goulburn,643,Strathbogie (S),Non Metro,145.572076,-36.755962,Strathbogie
Government,1,1712,Pyramid Hill College,Pri/Sec,O,97-101 Kelly Street,Pyramid Hill,3575,NORTH-WESTERN VICTORIA,Loddon Campaspe,394,Loddon (S),Non Metro,144.113679,-36.04736,Loddon
Government,1,1713,Shepparton East Primary School,Primary,O,15 School Road,Shepparton East,3631,NORTH-EASTERN VICTORIA,Goulburn,283,Greater Shepparton (C),Non Metro,145.479249,-36.399933,Greater Shepparton
Government,1,1716,Nicholson Primary School,Primary,O,Princes Highway,Nicholson,3882,SOUTH-EASTERN VICTORIA,Outer Gippsland,211,East Gippsland (S),Non Metro,147.747912,-37.815776,East Gippsland
Government,1,1727,Kialla West Primary School,Primary,O,7370 Goulburn Valley Highway,Kialla West,3631,NORTH-EASTERN VICTORIA,Goulburn,283,Greater Shepparton (C),Non Metro,145.389455,-36.466006,Greater Shepparton
Government,1,1739,Miners Rest Primary School,Primary,O,Dundas Street,Miners Rest,3352,SOUTH-WESTERN VICTORIA,Central Highlands,57,Ballarat (C),Non Metro,143.794703,-37.477884,Ballarat
Government,1,1742,Glenrowan Primary School,Primary,O,40 Beaconsfield Parade,Glenrowan,3675,NORTH-EASTERN VICTORIA,Ovens Murray,670,Wangaratta (RC),Non Metro,146.222337,-36.460189,Wangaratta
Government,1,1743,Warrnambool Primary School,Primary,O,Jamieson Street,Warrnambool,3280,SOUTH-WESTERN VICTORIA,Wimmera South West,673,Warrnambool (C),Non Metro,142.482572,-38.377278,Warrnambool
Government,1,1771,Undera Primary School,Primary,O,45-55 Anderson Street,Undera,3629,NORTH-EASTERN VICTORIA,Goulburn,283,Greater Shepparton (C),Non Metro,145.21893,-36.276362,Greater Shepparton
Government,1,1772,Dederang Primary School,Primary,O,4364 Kiewa Valley Highway,Dederang,3691,NORTH-EASTERN VICTORIA,Ovens Murray,11,Alpine (S),Non Metro,147.015314,-36.469255,Alpine
Government,1,1788,Eppalock Primary School,Primary,O,149 Patons Road,Axe Creek,3551,NORTH-WESTERN VICTORIA,Loddon Campaspe,262,Greater Bendigo (C),Non Metro,144.387727,-36.841773,Greater Bendigo
Government,1,1801,Silvan Primary School,Primary,O,269 Monbulk Road,Silvan,3795,NORTH-EASTERN VICTORIA,Outer Eastern Melbourne,745,Yarra Ranges (S),Metro,145.42132,-37.824597,Yarra Ranges
Government,1,1813,Wendouree Primary School,Primary,O,1224 Howitt Street,Wendouree,3355,SOUTH-WESTERN VICTORIA,Central Highlands,57,Ballarat (C),Non Metro,143.828156,-37.539275,Ballarat
Government,1,1814,Lancaster Primary School,Primary,O,8 Weller Road,Lancaster,3620,NORTH-WESTERN VICTORIA,Loddon Campaspe,137,Campaspe (S),Non Metro,145.132822,-36.31325,Campaspe
Government,1,1844,Raywood Primary School,Primary,O,18-22 Sandhurst Street,Raywood,3570,NORTH-WESTERN VICTORIA,Loddon Campaspe,262,Greater Bendigo (C),Non Metro,144.204801,-36.53947,Greater Bendigo
Government,1,1855,Puckapunyal Primary School,Primary,O,Alamein Road,Puckapunyal,3662,NORTH-EASTERN VICTORIA,Goulburn,485,Mitchell (S),Non Metro,145.033509,-37.00263,Mitchell
Government,1,1862,Landsborough Primary School,Primary,O,82 McKinlay Street,Landsborough,3384,SOUTH-WESTERN VICTORIA,Central Highlands,599,Pyrenees (S),Non Metro,143.135913,-37.005861,Pyrenees
Government,1,1866,Lysterfield Primary School,Primary,O,68 - 78 Bellfield Drive,Lysterfield,3156,NORTH-EASTERN VICTORIA,Outer Eastern Melbourne,367,Knox (C),Metro,145.276229,-37.911598,Knox
Government,1,1870,Winton Primary School,Primary,O,Fox Street,Winton,3673,NORTH-EASTERN VICTORIA,Ovens Murray,101,Benalla (RC),Non Metro,146.081337,-36.51633,Benalla
Government,1,1874,Merrigum Primary School,Primary,O,Judd Avenue,Merrigum,3618,NORTH-EASTERN VICTORIA,Goulburn,283,Greater Shepparton (C),Non Metro,145.12966,-36.369324,Greater Shepparton
Government,1,1883,Bethanga Primary School,Primary,O,5 Beardmore Street,Bethanga,3691,NORTH-EASTERN VICTORIA,Ovens Murray,667,Towong (S),Non Metro,147.09576,-36.120643,Towong
Government,1,1886,Abbotsford Primary School,Primary,O,Lithgow Street,Abbotsford,3067,NORTH-WESTERN VICTORIA,North Eastern Melbourne,735,Yarra (C),Metro,144.998814,-37.808979,Yarra
Government,1,1887,Newtown Primary School,Primary,O,157-161 Aberdeen Street,Newtown,3220,SOUTH-WESTERN VICTORIA,Barwon,275,Greater Geelong (C),Non Metro,144.337199,-38.145768,Greater Geelong
Government,1,1896,Windsor Primary School,Primary,O,12 Hornby Street,Windsor,3181,SOUTH-EASTERN VICTORIA,Bayside Peninsula,635,Stonnington (C),Metro,144.995689,-37.857298,Stonnington
Government,1,1901,Narre Warren North Primary School,Primary,O,15-31 A'beckett Road,Narre  Warren  North,3804,SOUTH-EASTERN VICTORIA,Southern Melbourne,161,Casey (C),Metro,145.316923,-37.978585,Casey
Government,1,1905,Buchan Primary School,Primary,O,4 Dalley Street,Buchan,3885,SOUTH-EASTERN VICTORIA,Outer Gippsland,211,East Gippsland (S),Non Metro,148.180816,-37.497737,East Gippsland
Government,1,1910,Anakie Primary School,Primary,O,2125-2135 Ballan Road,Anakie,3213,SOUTH-WESTERN VICTORIA,Barwon,275,Greater Geelong (C),Non Metro,144.255106,-37.912666,Greater Geelong
Government,1,1911,Moolap Primary School,Primary,O,30 Wills Cres,Moolap,3221,SOUTH-WESTERN VICTORIA,Barwon,275,Greater Geelong (C),Non Metro,144.424312,-38.170957,Greater Geelong
Government,1,1912,Footscray City Primary School,Primary,O,10 Hyde Street,Footscray,3011,SOUTH-WESTERN VICTORIA,Western Melbourne,433,Maribyrnong (C),Metro,144.900253,-37.8064,Maribyrnong
Government,1,1913,Newham Primary School,Primary,O,1271 Rochford Road,Newham,3442,NORTH-WESTERN VICTORIA,Loddon Campaspe,413,Macedon Ranges (S),Non Metro,144.5947612,-37.31214501,Macedon Ranges
Government,1,1915,Plenty Parklands Primary School,Primary,O,48 Blossom Park Drive,Mill Park,3082,NORTH-WESTERN VICTORIA,North Eastern Melbourne,707,Whittlesea (C),Metro,145.0769441,-37.6697252,Whittlesea
Government,1,1916,White Hills Primary School,Primary,O,16 Plumridge Street,White Hills,3550,NORTH-WESTERN VICTORIA,Loddon Campaspe,262,Greater Bendigo (C),Non Metro,144.304152,-36.727939,Greater Bendigo
Government,1,1918,Mount Egerton Primary School,Primary,O,58 Church Street,Mount Egerton,3352,SOUTH-WESTERN VICTORIA,Central Highlands,515,Moorabool (S),Non Metro,144.1021691,-37.6285209,Moorabool
Government,1,1924,Drouin Primary School,Primary,O,153-161 Princes Way,Drouin,3818,SOUTH-EASTERN VICTORIA,Inner Gippsland,83,Baw Baw (S),Non Metro,145.853844,-38.132857,Baw Baw
Government,1,1938,Wunghnu Primary School,Primary,O,12 Brunton Street,Wunghnu,3635,NORTH-EASTERN VICTORIA,Goulburn,490,Moira (S),Non Metro,145.4306,-36.150659,Moira
Government,1,1943,Maroona Primary School,Primary,O,7431 Mortlake-ararat Road,Maroona,3377,SOUTH-WESTERN VICTORIA,Central Highlands,26,Ararat (RC),Non Metro,142.858473,-37.432795,Ararat
Government,1,1951,Jindivick Primary School,Primary,O,1080 Jacksons Track,Jindivick,3818,SOUTH-EASTERN VICTORIA,Inner Gippsland,83,Baw Baw (S),Non Metro,145.901132,-38.027622,Baw Baw
Government,1,1954,Talgarno Primary School,Primary,O,14 Talgarno School Lane,Talgarno,3691,NORTH-EASTERN VICTORIA,Ovens Murray,667,Towong (S),Non Metro,147.159146,-36.065797,Towong
Government,1,1960,Bungaree Primary School,Primary,O,348 Bungaree-wallace Road,Bungaree,3352,SOUTH-WESTERN VICTORIA,Central Highlands,515,Moorabool (S),Non Metro,144.0070955,-37.55759492,Moorabool
Government,1,1961,Little River Primary School,Primary,O,21 Flinders Street,Little River,3211,SOUTH-WESTERN VICTORIA,Western Melbourne,726,Wyndham (C),Metro,144.50037,-37.965013,Wyndham
Government,1,1967,Cowwarr Primary School,Primary,O,1- 11 Church Street,Cowwarr,3857,SOUTH-EASTERN VICTORIA,Outer Gippsland,681,Wellington (S),Non Metro,146.698964,-38.013698,Wellington
Government,1,1975,Morang South Primary School,Primary,O,77 Gorge Road,South Morang,3752,NORTH-WESTERN VICTORIA,North Eastern Melbourne,707,Whittlesea (C),Metro,145.0946659,-37.65286941,Whittlesea
Government,1,1976,Camp Hill Primary School,Primary,O,50 Gaol Rd,Bendigo,3550,NORTH-WESTERN VICTORIA,Loddon Campaspe,262,Greater Bendigo (C),Non Metro,144.278038,-36.755712,Greater Bendigo
Government,1,2005,Pyalong Primary School,Primary,O,10-14 Bourke Street,Pyalong,3521,NORTH-EASTERN VICTORIA,Goulburn,485,Mitchell (S),Non Metro,144.857094,-37.117236,Mitchell
Government,1,2015,Winchelsea Primary School,Primary,O,60 Main Street,Winchelsea,3241,SOUTH-WESTERN VICTORIA,Barwon,649,Surf Coast (S),Non Metro,143.9842796,-38.24449281,Surf Coast
Government,1,2017,Buln Buln Primary School,Primary,O,15 Old Sale Road,Buln Buln,3821,SOUTH-EASTERN VICTORIA,Inner Gippsland,83,Baw Baw (S),Non Metro,145.938174,-38.099354,Baw Baw
Government,1,2022,Macarthur Street Primary School,Primary,O,401 Macarthur Street,Soldiers Hill,3350,SOUTH-WESTERN VICTORIA,Central Highlands,57,Ballarat (C),Non Metro,143.857486,-37.55114678,Ballarat
Government,1,2028,Elliminyt Primary School,Primary,O,135 Slater Street,Elliminyt,3249,SOUTH-WESTERN VICTORIA,Barwon,175,Colac-Otway (S),Non Metro,143.583697,-38.361351,Colac-Otway
Government,1,2033,Mornington Primary School,Primary,O,25 Vale Street,Mornington,3931,SOUTH-EASTERN VICTORIA,Bayside Peninsula,534,Mornington Peninsula (S),Metro,145.043087,-38.221806,Mornington Peninsula
Government,1,2035,Hamilton North Primary School,Primary,O,34 - 50 Andrews Street,Hamilton,3300,SOUTH-WESTERN VICTORIA,Wimmera South West,626,Southern Grampians (S),Non Metro,141.995148,-37.726456,Southern Grampians
Government,1,2037,Mount Blowhard Primary School,Primary,O,527 Millers Road,Blowhard,3352,SOUTH-WESTERN VICTORIA,Central Highlands,57,Ballarat (C),Non Metro,143.7864444,-37.42924282,Ballarat
Government,1,2041,Creswick North Primary School,Primary,O,93 Macs Street,Creswick,3363,SOUTH-WESTERN VICTORIA,Central Highlands,291,Hepburn (S),Non Metro,143.8908198,-37.40883711,Hepburn
Government,1,2043,Black Hill Primary School,Primary,O,601 Chisholm Street,Ballarat,3350,SOUTH-WESTERN VICTORIA,Central Highlands,57,Ballarat (C),Non Metro,143.869785,-37.549844,Ballarat
Government,1,2048,Brighton Beach Primary School,Primary,O,19 Windermere Crescent,Brighton,3186,SOUTH-EASTERN VICTORIA,Bayside Peninsula,91,Bayside (C),Metro,144.996107,-37.922105,Bayside
Government,1,2051,Castlemaine North Primary School,Primary,O,270 Barker Street,Castlemaine,3450,NORTH-WESTERN VICTORIA,Loddon Campaspe,543,Mount Alexander (S),Non Metro,144.218993,-37.057835,Mount Alexander
Government,1,2054,Yarrambat Primary School,Primary,O,552 Yan Yean Road,Yarrambat,3091,NORTH-WESTERN VICTORIA,North Eastern Melbourne,571,Nillumbik (S),Metro,145.133097,-37.641245,Nillumbik
Government,1,2058,Casterton Primary School,Primary,O,14 - 24 Mc Pherson Street,Casterton,3311,SOUTH-WESTERN VICTORIA,Wimmera South West,241,Glenelg (S),Non Metro,141.405196,-37.586549,Glenelg
Government,1,2060,Nathalia Primary School,Primary,O,5 Bromley Street,Nathalia,3638,NORTH-EASTERN VICTORIA,Goulburn,490,Moira (S),Non Metro,145.205888,-36.057524,Moira
Government,1,2061,Chilwell Primary School,Primary,O,313a Pakington Street,Newtown,3220,SOUTH-WESTERN VICTORIA,Barwon,275,Greater Geelong (C),Non Metro,144.345381,-38.155114,Greater Geelong
Government,1,2062,Greensborough Primary School,Primary,O,130 Grimshaw Street,Greensborough,3088,NORTH-WESTERN VICTORIA,North Eastern Melbourne,66,Banyule (C),Metro,145.100496,-37.703569,Banyule
Government,1,2065,Teesdale Primary School,Primary,O,Main Road,Teesdale,3328,SOUTH-WESTERN VICTORIA,Central Highlands,249,Golden Plains (S),Non Metro,144.0545907,-38.02923075,Golden Plains
Government,1,2068,Cranbourne Primary School,Primary,O,Bakewell Street,Cranbourne,3977,SOUTH-EASTERN VICTORIA,Southern Melbourne,161,Casey (C),Metro,145.287849,-38.111863,Casey
Government,1,2069,Katamatite Primary School,Primary,O,4 - 6 Currajong Avenue,Katamatite,3649,NORTH-EASTERN VICTORIA,Goulburn,490,Moira (S),Non Metro,145.685297,-36.077354,Moira
Government,1,2072,Buangor Primary School,Primary,O,26 School Road,Buangor,3375,SOUTH-WESTERN VICTORIA,Central Highlands,26,Ararat (RC),Non Metro,143.175019,-37.364043,Ararat
Government,1,2087,Leitchville Primary School,Primary,O,2-4 Hawken Street,Leitchville,3567,NORTH-WESTERN VICTORIA,Mallee,225,Gannawarra (S),Non Metro,144.302091,-35.909548,Gannawarra
Government,1,2090,Whittlesea Primary School,Primary,O,2425-2435 Plenty Road,Whittlesea,3757,NORTH-WESTERN VICTORIA,North Eastern Melbourne,707,Whittlesea (C),Metro,145.1140469,-37.51426809,Whittlesea
Government,1,2093,Little Bendigo Primary School,Primary,O,8 Monte Street,Nerrina,3350,SOUTH-WESTERN VICTORIA,Central Highlands,57,Ballarat (C),Non Metro,143.8950582,-37.54290101,Ballarat
Government,1,2103,Newington Primary School,Primary,O,49 Inkerman Street,Ballarat,3350,SOUTH-WESTERN VICTORIA,Central Highlands,57,Ballarat (C),Non Metro,143.8312189,-37.56601777,Ballarat
Government,1,2104,Warragul Primary School,Primary,O,44 Bowen Street,Warragul,3820,SOUTH-EASTERN VICTORIA,Inner Gippsland,83,Baw Baw (S),Non Metro,145.928145,-38.156345,Baw Baw
Government,1,2105,Kangaroo Ground Primary School,Primary,O,Cr Graham&Eltham-Yarra Glen Rd,Kangaroo Ground,3097,NORTH-WESTERN VICTORIA,North Eastern Melbourne,571,Nillumbik (S),Metro,145.214656,-37.691737,Nillumbik
Government,1,2114,Traralgon South Primary School,Primary,O,13 - 19 Keith Morgan Drive,Traralgon South,3844,SOUTH-EASTERN VICTORIA,Inner Gippsland,381,Latrobe (C),Non Metro,146.540146,-38.297258,Latrobe
Government,1,2118,Coleraine Primary School,Primary,O,124 Church Street,Coleraine,3315,SOUTH-WESTERN VICTORIA,Wimmera South West,626,Southern Grampians (S),Non Metro,141.684038,-37.601842,Southern Grampians
Government,1,2129,Ripplebrook Primary School,Primary,O,2260 Westernport Road,Ripplebrook,3818,SOUTH-EASTERN VICTORIA,Inner Gippsland,83,Baw Baw (S),Non Metro,145.758488,-38.203495,Baw Baw
Government,1,2134,Numurkah Primary School,Primary,O,12 Quinn Street,Numurkah,3636,NORTH-EASTERN VICTORIA,Goulburn,490,Moira (S),Non Metro,145.444996,-36.09024,Moira
Government,1,2142,Moe (Albert Street) Primary School,Primary,O,40 Albert Street,Moe,3825,SOUTH-EASTERN VICTORIA,Inner Gippsland,381,Latrobe (C),Non Metro,146.264349,-38.174709,Latrobe
Government,1,2143,Geelong South Primary School,Primary,O,200 Yarra Street,South Geelong,3220,SOUTH-WESTERN VICTORIA,Barwon,275,Greater Geelong (C),Non Metro,144.358566,-38.156945,Greater Geelong
Government,1,2163,Bayswater Primary School,Primary,O,2 Birch Street,Bayswater,3153,NORTH-EASTERN VICTORIA,Outer Eastern Melbourne,367,Knox (C),Metro,145.259358,-37.843305,Knox
Government,1,2167,Minyip Primary School,Primary,O,21 Main Street,Minyip,3392,SOUTH-WESTERN VICTORIA,Wimmera South West,763,Yarriambiack (S),Non Metro,142.584105,-36.462714,Yarriambiack
Government,1,2172,Mulgrave Primary School,Primary,O,23-31 Gladeswood Drive,Mulgrave,3170,NORTH-EASTERN VICTORIA,Inner Eastern Melbourne,497,Monash (C),Metro,145.197367,-37.932946,Monash
Government,1,2178,Yarragon Primary School,Primary,O,65 Loch Street,Yarragon,3823,SOUTH-EASTERN VICTORIA,Inner Gippsland,83,Baw Baw (S),Non Metro,146.0609594,-38.20937414,Baw Baw
Government,1,2182,Tyers Primary School,Primary,O,Main Road,Tyers,3844,SOUTH-EASTERN VICTORIA,Inner Gippsland,381,Latrobe (C),Non Metro,146.477545,-38.149113,Latrobe
Government,1,2185,Trafalgar Primary School,Primary,O,85 School Road,Trafalgar,3824,SOUTH-EASTERN VICTORIA,Inner Gippsland,83,Baw Baw (S),Non Metro,146.15987,-38.214764,Baw Baw
Government,1,2188,Kinglake Primary School,Primary,O,20 Mcmahons Rd,Kinglake,3763,NORTH-EASTERN VICTORIA,Goulburn,562,Murrindindi (S),Non Metro,145.356638,-37.521567,Murrindindi
Government,1,2189,Ellinbank Primary School,Primary,O,13 Community Place,Ellinbank,3821,SOUTH-EASTERN VICTORIA,Inner Gippsland,83,Baw Baw (S),Non Metro,145.935631,-38.240233,Baw Baw
Government,1,2216,Tambo Upper Primary School,Primary,O,890 Tambo Upper Road,Tambo Upper,3885,SOUTH-EASTERN VICTORIA,Outer Gippsland,211,East Gippsland (S),Non Metro,147.845203,-37.766199,East Gippsland
Government,1,2222,Baranduda Primary School,Primary,O,7 Verbena Street,Baranduda,3691,NORTH-EASTERN VICTORIA,Ovens Murray,717,Wodonga (C),Non Metro,146.948115,-36.180533,Wodonga
Government,1,2225,Tungamah Primary School,Primary,O,15 -17 Tower Street,Tungamah,3728,NORTH-EASTERN VICTORIA,Goulburn,490,Moira (S),Non Metro,145.879472,-36.161306,Moira
Government,1,2229,Bunyip Primary School,Primary,O,1290 Nar Nar Goon - Longwarry Road,Bunyip,3815,SOUTH-EASTERN VICTORIA,Southern Melbourne,145,Cardinia (S),Metro,145.712509,-38.09884,Cardinia
Government,1,2231,Gunbower Primary School,Primary,O,2 School Road,Gunbower,3566,NORTH-WESTERN VICTORIA,Loddon Campaspe,137,Campaspe (S),Non Metro,144.372318,-35.954628,Campaspe
Government,1,2248,Nar Nar Goon Primary School,Primary,O,27 Spencer Street,Nar Nar Goon,3812,SOUTH-EASTERN VICTORIA,Southern Melbourne,145,Cardinia (S),Metro,145.574014,-38.082766,Cardinia
Government,1,2253,Toora Primary School,Primary,O,5 Harriet Street,Toora,3962,SOUTH-EASTERN VICTORIA,Inner Gippsland,617,South Gippsland (S),Non Metro,146.327991,-38.663517,South Gippsland
Government,1,2259,Montrose Primary School,Primary,O,17-21 Leith Road,Montrose,3765,NORTH-EASTERN VICTORIA,Outer Eastern Melbourne,745,Yarra Ranges (S),Metro,145.343691,-37.808098,Yarra Ranges
Government,1,2265,Koondrook Primary School,Primary,O,9 Punt Road,Koondrook,3580,NORTH-WESTERN VICTORIA,Mallee,225,Gannawarra (S),Non Metro,144.129868,-35.634872,Gannawarra
Government,1,2271,Magpie Primary School,Primary,O,61 Docwra Street,Magpie,3352,SOUTH-WESTERN VICTORIA,Central Highlands,57,Ballarat (C),Non Metro,143.843266,-37.615709,Ballarat
Government,1,2282,Tawonga Primary School,Primary,O,Kiewa Valley Highway,Tawonga,3697,NORTH-EASTERN VICTORIA,Ovens Murray,11,Alpine (S),Non Metro,147.143253,-36.691398,Alpine
Government,1,2295,Narracan Primary School,Primary,O,32 School Road,Narracan,3824,SOUTH-EASTERN VICTORIA,Inner Gippsland,83,Baw Baw (S),Non Metro,146.231626,-38.261575,Baw Baw
Government,1,2313,Drouin South Primary School,Primary,O,3061 Westernport Road,Drouin South,3818,SOUTH-EASTERN VICTORIA,Inner Gippsland,83,Baw Baw (S),Non Metro,145.826818,-38.170566,Baw Baw
Government,1,2318,Eskdale Primary School,Primary,O,3790 Omeo Highway,Eskdale,3701,NORTH-EASTERN VICTORIA,Ovens Murray,667,Towong (S),Non Metro,147.251247,-36.465266,Towong
Government,1,2319,Darnum Primary School,Primary,O,6 Graham Street,Darnum,3822,SOUTH-EASTERN VICTORIA,Inner Gippsland,83,Baw Baw (S),Non Metro,145.999698,-38.187727,Baw Baw
Government,1,2327,Moorooduc Primary School,Primary,O,Cnr Derril Rd & Mornington Tyabb Rd,Moorooduc,3933,SOUTH-EASTERN VICTORIA,Bayside Peninsula,534,Mornington Peninsula (S),Metro,145.105166,-38.248085,Mornington Peninsula
Government,1,2329,The Basin Primary School,Primary,O,Cnr Liverpool Road & Mountain Highway,The Basin,3154,NORTH-EASTERN VICTORIA,Outer Eastern Melbourne,367,Knox (C),Metro,145.308425,-37.84951,Knox
Government,1,2343,Paynesville Primary School,Primary,O,31 - 47 Ashley Street,Paynesville,3880,SOUTH-EASTERN VICTORIA,Outer Gippsland,211,East Gippsland (S),Non Metro,147.714701,-37.91128,East Gippsland
Government,1,2367,Epsom Primary School,Primary,O,Howard Street,Epsom,3551,NORTH-WESTERN VICTORIA,Loddon Campaspe,262,Greater Bendigo (C),Non Metro,144.312687,-36.70505,Greater Bendigo
Government,1,2374,Kensington Primary School,Primary,O,62-74 McCracken Street,Kensington,3031,SOUTH-WESTERN VICTORIA,Western Melbourne,460,Melbourne (C),Metro,144.927615,-37.79267,Melbourne
Government,1,2382,Hazelwood North Primary School,Primary,O,121 Church Road,Hazelwood North,3840,SOUTH-EASTERN VICTORIA,Inner Gippsland,381,Latrobe (C),Non Metro,146.44768,-38.26819,Latrobe
Government,1,2383,Mirboo North Primary School,Primary,O,Balook Street,Mirboo North,3871,SOUTH-EASTERN VICTORIA,Inner Gippsland,617,South Gippsland (S),Non Metro,146.151092,-38.400492,South Gippsland
Government,1,2419,Yinnar Primary School,Primary,O,30 Main Street,Yinnar,3869,SOUTH-EASTERN VICTORIA,Inner Gippsland,381,Latrobe (C),Non Metro,146.328907,-38.321087,Latrobe
Government,1,2432,Neerim South Primary School,Primary,O,180 Main Neerim Road,Neerim South,3831,SOUTH-EASTERN VICTORIA,Inner Gippsland,83,Baw Baw (S),Non Metro,145.955358,-38.01531,Baw Baw
Government,1,2436,Ivanhoe Primary School,Primary,O,124 Waterdale Road,Ivanhoe,3079,NORTH-WESTERN VICTORIA,North Eastern Melbourne,66,Banyule (C),Metro,145.04298,-37.766573,Banyule
Government,1,2455,Portarlington Primary School,Primary,O,100 Newcombe Street,Portarlington,3223,SOUTH-WESTERN VICTORIA,Barwon,275,Greater Geelong (C),Non Metro,144.65498,-38.115522,Greater Geelong
Government,1,2457,Menzies Creek Primary School,Primary,O,12 School Road,Menzies Creek,3159,NORTH-EASTERN VICTORIA,Outer Eastern Melbourne,745,Yarra Ranges (S),Metro,145.394271,-37.917349,Yarra Ranges
Government,1,2460,St Kilda Park Primary School,Primary,O,68 Fitzroy Street,St Kilda,3182,SOUTH-EASTERN VICTORIA,Bayside Peninsula,590,Port Phillip (C),Metro,144.977794,-37.858117,Port Phillip
Government,1,2471,Labertouche Primary School,Primary,O,35 School Road,Labertouche,3816,SOUTH-EASTERN VICTORIA,Inner Gippsland,83,Baw Baw (S),Non Metro,145.804945,-38.037672,Baw Baw
Government,1,2479,Diggers Rest Primary School,Primary,O,70-90 Plumpton Road,Diggers Rest,3427,SOUTH-WESTERN VICTORIA,Brimbank Melton,465,Melton (C),Metro,144.709232,-37.622632,Melton
Government,1,2505,Longwarry Primary School,Primary,O,5 McCrae Street,Longwarry,3816,SOUTH-EASTERN VICTORIA,Inner Gippsland,83,Baw Baw (S),Non Metro,145.769135,-38.1141,Baw Baw
Government,1,2506,Gembrook Primary School,Primary,O,50 Main Street,Gembrook,3783,NORTH-EASTERN VICTORIA,Outer Eastern Melbourne,145,Cardinia (S),Metro,145.545319,-37.951638,Cardinia
Government,1,2518,Wurruk Primary School,Primary,O,13 -19 Fisk Street,Wurruk,3850,SOUTH-EASTERN VICTORIA,Outer Gippsland,681,Wellington (S),Non Metro,147.039947,-38.106803,Wellington
Government,1,2520,Willow Grove Primary School,Primary,O,39-45 Moe-Willow Grove Road,Willow Grove,3825,SOUTH-EASTERN VICTORIA,Inner Gippsland,83,Baw Baw (S),Non Metro,146.17734,-38.071392,Baw Baw
Government,1,2541,Hoddles Creek Primary School,Primary,O,700 Gembrook-Launching Place Road,Hoddles Creek,3139,NORTH-EASTERN VICTORIA,Outer Eastern Melbourne,745,Yarra Ranges (S),Metro,145.5977536,-37.83173912,Yarra Ranges
Government,1,2560,Beaconsfield Upper Primary School,Primary,O,40 Stoney Creek Road,BEACONSFIELD UPPER,3808,SOUTH-EASTERN VICTORIA,Southern Melbourne,145,Cardinia (S),Metro,145.414758,-37.995404,Cardinia
Government,1,2563,Congupna Primary School,Primary,O,3580 Katamatite Road,Congupna,3633,NORTH-EASTERN VICTORIA,Goulburn,283,Greater Shepparton (C),Non Metro,145.434275,-36.299866,Greater Shepparton
Government,1,2571,Redesdale Mia Mia Primary School,Primary,O,31 School Road,Redesdale,3444,NORTH-WESTERN VICTORIA,Loddon Campaspe,262,Greater Bendigo (C),Non Metro,144.530885,-37.019525,Greater Bendigo
Government,1,2586,Malvern Primary School,Primary,O,17 Tooronga Road,Malvern East,3145,SOUTH-EASTERN VICTORIA,Bayside Peninsula,635,Stonnington (C),Metro,145.038458,-37.871592,Stonnington
Government,1,2599,Launching Place Primary School,Primary,O,Carter Street,Launching Place,3139,NORTH-EASTERN VICTORIA,Outer Eastern Melbourne,745,Yarra Ranges (S),Metro,145.5707669,-37.78250174,Yarra Ranges
Government,1,2605,Carlton Gardens Primary School,Primary,O,215 Rathdowne Street,Carlton,3053,SOUTH-WESTERN VICTORIA,Western Melbourne,460,Melbourne (C),Metro,144.969512,-37.802047,Melbourne
Government,1,2608,Ascot Vale Primary School,Primary,O,Bank Street,Ascot Vale,3032,SOUTH-WESTERN VICTORIA,Western Melbourne,506,Moonee Valley (C),Metro,144.926119,-37.774322,Moonee Valley
Government,1,2617,Boolarra Primary School,Primary,O,Tarwin Street,Boolarra,3870,SOUTH-EASTERN VICTORIA,Inner Gippsland,381,Latrobe (C),Non Metro,146.268869,-38.382873,Latrobe
Government,1,2627,Rosebud Primary School,Primary,O,Point Nepean Road,Rosebud,3939,SOUTH-EASTERN VICTORIA,Bayside Peninsula,534,Mornington Peninsula (S),Metro,144.908999,-38.355761,Mornington Peninsula
Government,1,2629,Koo Wee Rup Primary School,Primary,O,28-34 Moody Street,Koo Wee Rup,3981,SOUTH-EASTERN VICTORIA,Southern Melbourne,145,Cardinia (S),Metro,145.492857,-38.194834,Cardinia
Government,1,2634,Armadale Primary School,Primary,O,9-23 Densham Road,Armadale,3143,SOUTH-EASTERN VICTORIA,Bayside Peninsula,635,Stonnington (C),Metro,145.017773,-37.852186,Stonnington
Government,1,2655,Osborne Primary School,Primary,O,120 Craigie Rd,Mount Martha,3934,SOUTH-EASTERN VICTORIA,Bayside Peninsula,534,Mornington Peninsula (S),Metro,145.040906,-38.257107,Mornington Peninsula
Government,1,2656,Somerville Primary School,Primary,O,37 Eramosa Road East,Somerville,3912,SOUTH-EASTERN VICTORIA,Bayside Peninsula,534,Mornington Peninsula (S),Metro,145.179139,-38.224016,Mornington Peninsula
Government,1,2662,Willaura Primary School,Primary,O,14 Warranooke Street,Willaura,3379,SOUTH-WESTERN VICTORIA,Central Highlands,26,Ararat (RC),Non Metro,142.739458,-37.54469,Ararat
Government,1,2667,Echuca East Primary School,Primary,O,21-31 Eyre Street,Echuca,3564,NORTH-WESTERN VICTORIA,Loddon Campaspe,137,Campaspe (S),Non Metro,144.761108,-36.134052,Campaspe
Government,1,2672,Lakes Entrance Primary School,Primary,O,49 Myer Street,Lakes Entrance,3909,SOUTH-EASTERN VICTORIA,Outer Gippsland,211,East Gippsland (S),Non Metro,147.994237,-37.875976,East Gippsland
Government,1,2677,Myrrhee Primary School,Primary,O,1673 Benalla Whitfield Road,Myrrhee,3732,NORTH-EASTERN VICTORIA,Ovens Murray,670,Wangaratta (RC),Non Metro,146.318249,-36.738189,Wangaratta
Government,1,2707,Longwood Primary School,Primary,O,1-21 Hurley Street,Longwood,3665,NORTH-EASTERN VICTORIA,Goulburn,643,Strathbogie (S),Non Metro,145.422063,-36.807932,Strathbogie
Government,1,2708,Forrest Primary School,Primary,O,10 Grant Street,Forrest,3236,SOUTH-WESTERN VICTORIA,Barwon,175,Colac-Otway (S),Non Metro,143.714415,-38.516287,Colac-Otway
Government,1,2711,Fairfield Primary School,Primary,O,Langridge Street,Fairfield,3078,NORTH-WESTERN VICTORIA,North Eastern Melbourne,189,Darebin (C),Metro,145.020401,-37.777993,Darebin
Government,1,2712,Nilma Primary School,Primary,O,76 Bloomfield Road,Nilma,3821,SOUTH-EASTERN VICTORIA,Inner Gippsland,83,Baw Baw (S),Non Metro,145.974293,-38.165737,Baw Baw
Government,1,2724,Garfield Primary School,Primary,O,84 Railway Avenue,Garfield,3814,SOUTH-EASTERN VICTORIA,Southern Melbourne,145,Cardinia (S),Metro,145.674153,-38.090563,Cardinia
Government,1,2730,Yinnar South Primary School,Primary,O,Brewsters Road,Yinnar South,3869,SOUTH-EASTERN VICTORIA,Inner Gippsland,381,Latrobe (C),Non Metro,146.3648129,-38.36891222,Latrobe
Government,1,2742,Officer Primary School,Primary,O,13-23 Tivendale Rd,Officer,3809,SOUTH-EASTERN VICTORIA,Southern Melbourne,145,Cardinia (S),Metro,145.410181,-38.058277,Cardinia
Government,1,2743,Brunswick South Primary School,Primary,O,56 Brunswick Road,Brunswick East,3057,NORTH-WESTERN VICTORIA,Hume Merri-bek,525,Merri-bek (C),Metro,144.972536,-37.778704,Merri-bek
Government,1,2776,Inverloch Primary School,Primary,O,Bayview Avenue,Inverloch,3996,SOUTH-EASTERN VICTORIA,Inner Gippsland,74,Bass Coast (S),Non Metro,145.728617,-38.631199,Bass Coast
Government,1,2778,Surrey Hills Primary School,Primary,O,2 Beatrice Avenue,Surrey Hills,3127,NORTH-EASTERN VICTORIA,Inner Eastern Melbourne,698,Whitehorse (C),Metro,145.100903,-37.825534,Whitehorse
Government,1,2784,Montague Continuing Education Centre,Special,O,100 Montague Street,South Melbourne,3205,SOUTH-EASTERN VICTORIA,Bayside Peninsula,590,Port Phillip (C),Metro,144.949738,-37.830602,Port Phillip
Government,1,2790,Strathmerton Primary School,Primary,O,Findlay Street,Strathmerton,3641,NORTH-EASTERN VICTORIA,Goulburn,490,Moira (S),Non Metro,145.478843,-35.92402,Moira
Government,1,2806,Walwa Primary School,Primary,O,4 Main Street,Walwa,3709,NORTH-EASTERN VICTORIA,Ovens Murray,667,Towong (S),Non Metro,147.732148,-35.964228,Towong
Government,1,2815,Middle Park Primary School,Primary,O,194 Richardson Street,Middle Park,3206,SOUTH-EASTERN VICTORIA,Bayside Peninsula,590,Port Phillip (C),Metro,144.957512,-37.847803,Port Phillip
Government,1,2820,Seville Primary School,Primary,O,639 Warburton Highway,Seville,3139,NORTH-EASTERN VICTORIA,Outer Eastern Melbourne,745,Yarra Ranges (S),Metro,145.4644066,-37.77389139,Yarra Ranges
Government,1,2832,Yarraville West Primary School,Primary,O,30 Powell Street,Yarraville,3013,SOUTH-WESTERN VICTORIA,Western Melbourne,433,Maribyrnong (C),Metro,144.885386,-37.814751,Maribyrnong
Government,1,2837,Merri-bek Primary School,Primary,O,157-163 Moreland Road,Coburg,3058,NORTH-WESTERN VICTORIA,Hume Merri-bek,525,Merri-bek (C),Metro,144.966478,-37.755046,Merri-bek
Government,1,2840,Tanjil South Primary School,Primary,O,253 Moe-Willow Grove Road,Tanjil South,3825,SOUTH-EASTERN VICTORIA,Inner Gippsland,83,Baw Baw (S),Non Metro,146.252395,-38.118867,Baw Baw
Government,1,2859,Pomonal Primary School,Primary,O,2859 Ararat - Halls Gap Road,Pomonal,3381,SOUTH-WESTERN VICTORIA,Central Highlands,26,Ararat (RC),Non Metro,142.608733,-37.193443,Ararat
Government,1,2870,Elsternwick Primary School,Primary,O,44 Murphy Street,Brighton,3186,SOUTH-EASTERN VICTORIA,Bayside Peninsula,91,Bayside (C),Metro,144.997293,-37.891416,Bayside
Government,1,2888,Glengarry Primary School,Primary,O,41 - 45 Cairnbrook Road,Glengarry,3854,SOUTH-EASTERN VICTORIA,Inner Gippsland,381,Latrobe (C),Non Metro,146.571338,-38.127576,Latrobe
Government,1,2897,Carnegie Primary School,Primary,O,51 Truganini Road,Carnegie,3163,SOUTH-EASTERN VICTORIA,Bayside Peninsula,231,Glen Eira (C),Metro,145.054505,-37.890739,Glen Eira
Government,1,2899,Lang Lang Primary School,Primary,O,52 Westernport Road,Lang Lang,3984,SOUTH-EASTERN VICTORIA,Southern Melbourne,145,Cardinia (S),Metro,145.569397,-38.263173,Cardinia
Government,1,2900,Croydon Primary School,Primary,O,1-29 Croydon Road,Croydon,3136,NORTH-EASTERN VICTORIA,Outer Eastern Melbourne,441,Maroondah (C),Metro,145.281321,-37.793171,Maroondah
Government,1,2901,Moonee Ponds West Primary School,Primary,O,150 Athol Street,Moonee Ponds,3039,SOUTH-WESTERN VICTORIA,Western Melbourne,506,Moonee Valley (C),Metro,144.909334,-37.768947,Moonee Valley
Government,1,2904,Mitcham Primary School,Primary,O,294 Mitcham Road,Mitcham,3132,NORTH-EASTERN VICTORIA,Inner Eastern Melbourne,698,Whitehorse (C),Metro,145.192719,-37.808986,Whitehorse
Government,1,2912,Loch Primary School,Primary,O,2 Victoria Road,Loch,3945,SOUTH-EASTERN VICTORIA,Inner Gippsland,617,South Gippsland (S),Non Metro,145.70295,-38.368623,South Gippsland
Government,1,2915,Mildura Primary School,Primary,O,175-189 San Mateo Avenue,Mildura,3500,NORTH-WESTERN VICTORIA,Mallee,478,Mildura (RC),Non Metro,142.160493,-34.194287,Mildura
Government,1,2923,Blackburn Primary School,Primary,O,185 Surrey Road,Blackburn,3130,NORTH-EASTERN VICTORIA,Inner Eastern Melbourne,698,Whitehorse (C),Metro,145.156696,-37.816566,Whitehorse
Government,1,2930,Newmerella Primary School,Primary,O,2-4 McLaughlins Road,Newmerella,3886,SOUTH-EASTERN VICTORIA,Outer Gippsland,211,East Gippsland (S),Non Metro,148.433995,-37.735473,East Gippsland
Government,1,2932,Port Melbourne Primary School,Primary,O,415 Graham Street,Port Melbourne,3207,SOUTH-EASTERN VICTORIA,Bayside Peninsula,590,Port Phillip (C),Metro,144.933812,-37.835322,Port Phillip
Government,1,2948,Auburn Primary School,Primary,O,51 Rathmines Road,Hawthorn East,3123,NORTH-EASTERN VICTORIA,Inner Eastern Melbourne,111,Boroondara (C),Metro,145.050484,-37.820278,Boroondara
Government,1,2950,Mentone Primary School,Primary,O,6 Childers Street,Mentone,3194,SOUTH-EASTERN VICTORIA,Bayside Peninsula,343,Kingston (C),Metro,145.067971,-37.982948,Kingston
Government,1,2955,Princes Hill Primary School,Primary,O,280 Pigdon Street,PRINCES HILL,3054,NORTH-WESTERN VICTORIA,North Eastern Melbourne,735,Yarra (C),Metro,144.9681013,-37.78039994,Yarra
Government,1,2959,Research Primary School,Primary,O,1570 Main Road,Research,3095,NORTH-WESTERN VICTORIA,North Eastern Melbourne,571,Nillumbik (S),Metro,145.1835697,-37.70291933,Nillumbik
Government,1,2961,Pearcedale Primary School,Primary,O,740 Baxter-Tooradin Road,Pearcedale,3912,SOUTH-EASTERN VICTORIA,Bayside Peninsula,161,Casey (C),Metro,145.231975,-38.203012,Casey
Government,1,2963,Lindenow South Primary School,Primary,O,607 Lindenow-Glenaladale Road,Lindenow South,3875,SOUTH-EASTERN VICTORIA,Outer Gippsland,211,East Gippsland (S),Non Metro,147.433901,-37.826941,East Gippsland
Government,1,2966,Thorpdale Primary School,Primary,O,19 Robinson Street,Thorpdale,3835,SOUTH-EASTERN VICTORIA,Inner Gippsland,83,Baw Baw (S),Non Metro,146.178792,-38.288457,Baw Baw
Government,1,2969,St Albans Primary School,Primary,O,39 West Esplanade,St Albans,3021,SOUTH-WESTERN VICTORIA,Brimbank Melton,118,Brimbank (C),Metro,144.795769,-37.738748,Brimbank
Government,1,2981,Leongatha Primary School,Primary,O,Nerrena Road,Leongatha,3953,SOUTH-EASTERN VICTORIA,Inner Gippsland,617,South Gippsland (S),Non Metro,145.9589823,-38.47892754,South Gippsland
Government,1,2988,Jeparit Primary School,Primary,O,Sands Avenue,Jeparit,3423,SOUTH-WESTERN VICTORIA,Wimmera South West,298,Hindmarsh (S),Non Metro,141.984051,-36.141338,Hindmarsh
Government,1,3016,Toorak Primary School,Primary,O,Canterbury Road,Toorak,3142,SOUTH-EASTERN VICTORIA,Bayside Peninsula,635,Stonnington (C),Metro,145.009909,-37.845076,Stonnington
Government,1,3023,Baxter Primary School,Primary,O,120 Grant Road,Baxter,3911,SOUTH-EASTERN VICTORIA,Bayside Peninsula,534,Mornington Peninsula (S),Metro,145.181553,-38.199663,Mornington Peninsula
Government,1,3028,Fish Creek and District Primary School,Primary,O,10 Foster Road,Fish Creek,3959,SOUTH-EASTERN VICTORIA,Inner Gippsland,617,South Gippsland (S),Non Metro,146.084419,-38.694749,South Gippsland
Government,1,3033,Beaconsfield Primary School,Primary,O,79 Old Princes Highway,Beaconsfield,3807,SOUTH-EASTERN VICTORIA,Southern Melbourne,145,Cardinia (S),Metro,145.3716379,-38.04862904,Cardinia
Government,1,3050,Metung Primary School,Primary,O,90 Stirling Road,Metung,3904,SOUTH-EASTERN VICTORIA,Outer Gippsland,211,East Gippsland (S),Non Metro,147.852464,-37.882955,East Gippsland
Government,1,3053,Newhaven Primary School,Primary,O,12-22 School Avenue,Newhaven,3925,SOUTH-EASTERN VICTORIA,Inner Gippsland,74,Bass Coast (S),Non Metro,145.356858,-38.513155,Bass Coast
Government,1,3058,Halls Gap Primary School,Primary,O,10-14 School Road,Halls Gap,3381,SOUTH-WESTERN VICTORIA,Wimmera South West,581,Northern Grampians (S),Non Metro,142.51743,-37.137482,Northern Grampians
Government,1,3067,Tallygaroopna Primary School,Primary,O,24-34 Victoria Street,Tallygaroopna,3634,NORTH-EASTERN VICTORIA,Goulburn,283,Greater Shepparton (C),Non Metro,145.436316,-36.238614,Greater Shepparton
Government,1,3074,Ormond Primary School,Primary,O,121 Wheatley Road,Ormond,3204,SOUTH-EASTERN VICTORIA,Bayside Peninsula,231,Glen Eira (C),Metro,145.033669,-37.907001,Glen Eira
Government,1,3077,Korumburra Primary School,Primary,O,6 - 16 Mine Road,Korumburra,3950,SOUTH-EASTERN VICTORIA,Inner Gippsland,617,South Gippsland (S),Non Metro,145.825636,-38.435133,South Gippsland
Government,1,3080,Crib Point Primary School,Primary,O,70 Milne Street,Crib Point,3919,SOUTH-EASTERN VICTORIA,Bayside Peninsula,534,Mornington Peninsula (S),Metro,145.200539,-38.360484,Mornington Peninsula
Government,1,3081,Pascoe Vale Primary School,Primary,O,362 Gaffney Street,Pascoe Vale,3044,NORTH-WESTERN VICTORIA,Hume Merri-bek,525,Merri-bek (C),Metro,144.937255,-37.731225,Merri-bek
Government,1,3098,Flowerdale Primary School,Primary,O,3377 Whittlesea Yea Road,Flowerdale,3717,NORTH-EASTERN VICTORIA,Goulburn,562,Murrindindi (S),Non Metro,145.291361,-37.316923,Murrindindi
Government,1,3100,Ocean Grove Primary School,Primary,O,1 - 23 Draper Street,Ocean Grove,3226,SOUTH-WESTERN VICTORIA,Barwon,275,Greater Geelong (C),Non Metro,144.521852,-38.263993,Greater Geelong
Government,1,3109,Beulah Primary School,Primary,O,Henty Highway,Beulah,3395,SOUTH-WESTERN VICTORIA,Wimmera South West,763,Yarriambiack (S),Non Metro,142.418256,-35.944942,Yarriambiack
Government,1,3110,Merri Creek Primary School,Primary,O,Miller Street,Fitzroy North,3068,NORTH-WESTERN VICTORIA,North Eastern Melbourne,735,Yarra (C),Metro,144.987386,-37.776966,Yarra
Government,1,3113,Sunshine Primary School,Primary,O,Cnr Hampshire & Derby Roads,Sunshine,3020,SOUTH-WESTERN VICTORIA,Brimbank Melton,118,Brimbank (C),Metro,144.831012,-37.790793,Brimbank
Government,1,3129,Tyabb Primary School,Primary,O,186 Mornington-Tyabb Road,Tyabb,3913,SOUTH-EASTERN VICTORIA,Bayside Peninsula,534,Mornington Peninsula (S),Metro,145.166635,-38.260708,Mornington Peninsula
Government,1,3139,Wales Street Primary School,Primary,O,49 Wales Street,Thornbury,3071,NORTH-WESTERN VICTORIA,North Eastern Melbourne,189,Darebin (C),Metro,145.008833,-37.76151,Darebin
Government,1,3145,Upper Sandy Creek Primary School,Primary,O,1037 Sandy Creek Road,Sandy Creek,3695,NORTH-EASTERN VICTORIA,Ovens Murray,335,Indigo (S),Non Metro,147.112896,-36.355178,Indigo
Government,1,3146,Spensley Street Primary School,Primary,O,193 Spensley Street,Clifton Hill,3068,NORTH-WESTERN VICTORIA,North Eastern Melbourne,735,Yarra (C),Metro,145.003879,-37.786794,Yarra
Government,1,3161,Kew East Primary School,Primary,O,35 Kitchener Street,Kew East,3102,NORTH-EASTERN VICTORIA,Inner Eastern Melbourne,111,Boroondara (C),Metro,145.049151,-37.796473,Boroondara
Government,1,3163,Nichols Point Primary School,Primary,O,110 Koorlong Avenue,Nichols Point,3501,NORTH-WESTERN VICTORIA,Mallee,478,Mildura (RC),Non Metro,142.204635,-34.2088,Mildura
Government,1,3174,Irymple Primary School,Primary,O,2032 15th Street,Irymple,3498,NORTH-WESTERN VICTORIA,Mallee,478,Mildura (RC),Non Metro,142.15908,-34.226605,Mildura
Government,1,3179,Brunswick East Primary School,Primary,O,195a Stewart Street,Brunswick East,3057,NORTH-WESTERN VICTORIA,Hume Merri-bek,525,Merri-bek (C),Metro,144.980001,-37.765271,Merri-bek
Government,1,3215,Eagle Point Primary School,Primary,O,43 School Road,Eagle Point,3878,SOUTH-EASTERN VICTORIA,Outer Gippsland,211,East Gippsland (S),Non Metro,147.680216,-37.892449,East Gippsland
Government,1,3216,Yarra Junction Primary School,Primary,O,2370 Warburton Highway,Yarra Junction,3797,NORTH-EASTERN VICTORIA,Outer Eastern Melbourne,745,Yarra Ranges (S),Metro,145.6060798,-37.779029,Yarra Ranges
Government,1,3222,Sassafras Primary School,Primary,O,399 Mt Dandenong Tourist Road,Sassafras,3787,NORTH-EASTERN VICTORIA,Outer Eastern Melbourne,745,Yarra Ranges (S),Metro,145.354552,-37.861625,Yarra Ranges
Government,1,3228,Ferny Creek Primary School,Primary,O,School Road,Ferny Creek,3786,NORTH-EASTERN VICTORIA,Outer Eastern Melbourne,745,Yarra Ranges (S),Metro,145.3347256,-37.8842124,Yarra Ranges
Government,1,3237,Toolangi Primary School,Primary,O,Main Road,Toolangi,3777,NORTH-EASTERN VICTORIA,Outer Eastern Melbourne,562,Murrindindi (S),Non Metro,145.472501,-37.535374,Murrindindi
Government,1,3241,Wonga Park Primary School,Primary,O,Dudley Road,Wonga Park,3115,NORTH-EASTERN VICTORIA,Inner Eastern Melbourne,421,Manningham (C),Metro,145.273999,-37.730641,Manningham
Government,1,3255,Kinglake West Primary School,Primary,O,1041-1061 Whittlesea-Kinglake Rd,Kinglake West,3757,NORTH-EASTERN VICTORIA,Goulburn,562,Murrindindi (S),Non Metro,145.259597,-37.481303,Murrindindi
Government,1,3261,Perseverance Primary School,Primary,O,Centreway,French Island,3921,SOUTH-EASTERN VICTORIA,Bayside Peninsula,939,Unincorporated Vic,Unknown,145.3334052,-38.38337735,Unincorporated Vic
Government,1,3265,Monbulk Primary School,Primary,O,1 Main Road,Monbulk,3793,NORTH-EASTERN VICTORIA,Outer Eastern Melbourne,745,Yarra Ranges (S),Metro,145.4102612,-37.87685153,Yarra Ranges
Government,1,3278,Lake Boga Primary School,Primary,O,8 Williams Street,Lake Boga,3584,NORTH-WESTERN VICTORIA,Mallee,661,Swan Hill (RC),Non Metro,143.63207,-35.464511,Swan Hill
Government,1,3279,Chum Creek Primary School,Primary,O,705 Chum Creek Road,Chum Creek,3777,NORTH-EASTERN VICTORIA,Outer Eastern Melbourne,745,Yarra Ranges (S),Metro,145.4892499,-37.60595782,Yarra Ranges
Government,1,3284,Mount Dandenong Primary School,Primary,O,13 - 15 Farndons Road,Mount Dandenong,3767,NORTH-EASTERN VICTORIA,Outer Eastern Melbourne,745,Yarra Ranges (S),Metro,145.362166,-37.83074276,Yarra Ranges
Government,1,3309,Badger Creek Primary School,Primary,O,139 Badger Creek Rd,Healesville,3777,NORTH-EASTERN VICTORIA,Outer Eastern Melbourne,745,Yarra Ranges (S),Metro,145.533243,-37.681338,Yarra Ranges
Government,1,3315,Middle Kinglake Primary School,Primary,O,RSD 1 Extons Road,Kinglake Central,3757,NORTH-EASTERN VICTORIA,Goulburn,562,Murrindindi (S),Non Metro,145.315679,-37.505206,Murrindindi
Government,1,3322,Point Lonsdale Primary School,Primary,O,22 Bowen Road,Point Lonsdale,3225,SOUTH-WESTERN VICTORIA,Barwon,608,Queenscliffe (B),Non Metro,144.621127,-38.274428,Queenscliffe
Government,1,3323,Kongwak Primary School,Primary,O,1445 Wonthaggi Korumburra Road,Kongwak,3951,SOUTH-EASTERN VICTORIA,Inner Gippsland,617,South Gippsland (S),Non Metro,145.712865,-38.515106,South Gippsland
Government,1,3336,Clarinda Primary School,Primary,O,1166 Centre Road,Clarinda,3169,SOUTH-EASTERN VICTORIA,Bayside Peninsula,343,Kingston (C),Metro,145.102924,-37.926995,Kingston
Government,1,3341,Chelsea Heights Primary School,Primary,O,194 Thames Promenade,Chelsea Heights,3196,SOUTH-EASTERN VICTORIA,Bayside Peninsula,343,Kingston (C),Metro,145.138057,-38.045019,Kingston
Government,1,3345,Wallington Primary School,Primary,O,608 - 610 Wallington Road,Wallington,3222,SOUTH-WESTERN VICTORIA,Barwon,275,Greater Geelong (C),Non Metro,144.506853,-38.217881,Greater Geelong
Government,1,3356,Tecoma Primary School,Primary,O,1536 Burwood Highway,Tecoma,3160,NORTH-EASTERN VICTORIA,Outer Eastern Melbourne,745,Yarra Ranges (S),Metro,145.3449218,-37.90695837,Yarra Ranges
Government,1,3368,Torquay P-6 College,Primary,O,45-55 Grossmans Road,Torquay,3228,SOUTH-WESTERN VICTORIA,Barwon,649,Surf Coast (S),Non Metro,144.3123081,-38.32176711,Surf Coast
Government,1,3381,Emerald Primary School,Primary,O,10 Heroes Avenue,Emerald,3782,NORTH-EASTERN VICTORIA,Outer Eastern Melbourne,145,Cardinia (S),Metro,145.4424276,-37.93338297,Cardinia
Government,1,3385,Carrum Primary School,Primary,O,2-6 Church Road,Carrum,3197,SOUTH-EASTERN VICTORIA,Bayside Peninsula,343,Kingston (C),Metro,145.126705,-38.07812,Kingston
Government,1,3401,Nyora Primary School,Primary,O,Grundy Avenue,Nyora,3987,SOUTH-EASTERN VICTORIA,Inner Gippsland,617,South Gippsland (S),Non Metro,145.674891,-38.336244,South Gippsland
Government,1,3423,Exford Primary School,Primary,O,1137 Exford Road,Exford,3338,SOUTH-WESTERN VICTORIA,Brimbank Melton,465,Melton (C),Metro,144.558791,-37.745287,Melton
Government,1,3432,Mount Waverley Primary School,Primary,O,37-45 Park Lane,Mount Waverley,3149,NORTH-EASTERN VICTORIA,Inner Eastern Melbourne,497,Monash (C),Metro,145.124111,-37.881266,Monash
Government,1,3433,Marlo Primary School,Primary,O,Jorgensen Street,Marlo,3888,SOUTH-EASTERN VICTORIA,Outer Gippsland,211,East Gippsland (S),Non Metro,148.535038,-37.796269,East Gippsland
Government,1,3449,Murrumbeena Primary School,Primary,O,Hobart Road,Murrumbeena,3163,SOUTH-EASTERN VICTORIA,Bayside Peninsula,231,Glen Eira (C),Metro,145.070409,-37.88617,Glen Eira
Government,1,3466,Wesburn Primary School,Primary,O,2850 Warburton Highway,Wesburn,3799,NORTH-EASTERN VICTORIA,Outer Eastern Melbourne,745,Yarra Ranges (S),Metro,145.6470677,-37.76869153,Yarra Ranges
Government,1,3470,Koorlong Primary School,Primary,O,3645 Benetook Ave,Koorlong,3501,NORTH-WESTERN VICTORIA,Mallee,478,Mildura (RC),Non Metro,142.08485,-34.278056,Mildura
Government,1,3476,Warranwood Primary School,Primary,O,1 Wellington Park Drive,Warranwood,3134,NORTH-EASTERN VICTORIA,Outer Eastern Melbourne,441,Maroondah (C),Metro,145.246981,-37.774347,Maroondah
Government,1,3479,Willowmavin Primary School,Primary,O,690 Willowmavin Road,Willowmavin,3764,NORTH-EASTERN VICTORIA,Goulburn,485,Mitchell (S),Non Metro,144.888229,-37.259424,Mitchell
Government,1,3494,Olinda Primary School,Primary,O,45 Charlemont Lane,Olinda,3788,NORTH-EASTERN VICTORIA,Outer Eastern Melbourne,745,Yarra Ranges (S),Metro,145.3661919,-37.85469614,Yarra Ranges
Government,1,3497,Carlisle River Primary School,Primary,O,49 Moomowroong Road,Carlisle River,3239,SOUTH-WESTERN VICTORIA,Barwon,175,Colac-Otway (S),Non Metro,143.395026,-38.563929,Colac-Otway
Government,1,3505,Spring Gully Primary School,Primary,O,104-110 Spring Gully Road,Bendigo,3550,NORTH-WESTERN VICTORIA,Loddon Campaspe,262,Greater Bendigo (C),Non Metro,144.284455,-36.793185,Greater Bendigo
Government,1,3515,Mallacoota P-12 College,Pri/Sec,O,25 Bucknall Street,Mallacoota,3892,SOUTH-EASTERN VICTORIA,Outer Gippsland,211,East Gippsland (S),Non Metro,149.754296,-37.559427,East Gippsland
Government,1,3531,Langwarrin Primary School,Primary,O,90 Warrandyte Road,Langwarrin,3910,SOUTH-EASTERN VICTORIA,Bayside Peninsula,217,Frankston (C),Metro,145.189852,-38.160389,Frankston
Government,1,3535,Cockatoo Primary School,Primary,O,19-33 Belgrave-Gembrook Road,Cockatoo,3781,NORTH-EASTERN VICTORIA,Outer Eastern Melbourne,145,Cardinia (S),Metro,145.496384,-37.939374,Cardinia
Government,1,3544,Tyabb Railway Station Primary School,Primary,O,88 The Crescent,Tyabb,3913,SOUTH-EASTERN VICTORIA,Bayside Peninsula,534,Mornington Peninsula (S),Metro,145.192501,-38.261946,Mornington Peninsula
Government,1,3551,Belgrave South Primary School,Primary,O,175 Colby Drive,Belgrave South,3160,NORTH-EASTERN VICTORIA,Outer Eastern Melbourne,745,Yarra Ranges (S),Metro,145.3579203,-37.93119813,Yarra Ranges
Government,1,3559,Sydenham - Hillside Primary School,Primary,O,39-49 Community Hub,Sydenham,3037,SOUTH-WESTERN VICTORIA,Brimbank Melton,118,Brimbank (C),Metro,144.762327,-37.702046,Brimbank
Government,1,3572,Canterbury Primary School,Primary,O,Molesworth Street,Canterbury,3126,NORTH-EASTERN VICTORIA,Inner Eastern Melbourne,111,Boroondara (C),Metro,145.083144,-37.830963,Boroondara
Government,1,3581,The Lake Primary School,Primary,O,225 Seventeenth Street,Cabarita,3505,NORTH-WESTERN VICTORIA,Mallee,478,Mildura (RC),Non Metro,142.093145,-34.205917,Mildura
Government,1,3584,Grey Street Primary School (Traralgon),Primary,O,30 - 44 Grey Street,Traralgon,3844,SOUTH-EASTERN VICTORIA,Inner Gippsland,381,Latrobe (C),Non Metro,146.537121,-38.193048,Latrobe
Government,1,3585,Brunswick North Primary School,Primary,O,Pearson Street,Brunswick West,3055,NORTH-WESTERN VICTORIA,Hume Merri-bek,525,Merri-bek (C),Metro,144.95043,-37.759837,Merri-bek
Government,1,3590,Fawkner Primary School,Primary,O,Lorne Street,Fawkner,3060,NORTH-WESTERN VICTORIA,Hume Merri-bek,525,Merri-bek (C),Metro,144.974756,-37.715235,Merri-bek
Government,1,3599,Alphington Primary School,Primary,O,Yarralea Street,Alphington,3078,NORTH-WESTERN VICTORIA,North Eastern Melbourne,735,Yarra (C),Metro,145.032006,-37.783523,Yarra
Government,1,3612,Bona Vista Primary School,Primary,O,520 Bona Vista Road,Bona Vista,3820,SOUTH-EASTERN VICTORIA,Inner Gippsland,83,Baw Baw (S),Non Metro,145.95991,-38.210521,Baw Baw
Government,1,3613,Banyan Fields Primary School,Primary,O,90 Cadles Road,Carrum Downs,3201,SOUTH-EASTERN VICTORIA,Bayside Peninsula,217,Frankston (C),Metro,145.187909,-38.094598,Frankston
Government,1,3618,Norris Bank Primary School,Primary,O,146 Settlement Road,Bundoora,3083,NORTH-WESTERN VICTORIA,North Eastern Melbourne,707,Whittlesea (C),Metro,145.0426341,-37.6945118,Whittlesea
Government,1,3620,Macclesfield Primary School,Primary,O,405 Macclesfield Road,Macclesfield,3782,NORTH-EASTERN VICTORIA,Outer Eastern Melbourne,745,Yarra Ranges (S),Metro,145.4753695,-37.88979216,Yarra Ranges
Government,1,3631,Black Rock Primary School,Primary,O,71 Arkaringa Crescent,Black Rock,3193,SOUTH-EASTERN VICTORIA,Bayside Peninsula,91,Bayside (C),Metro,145.021651,-37.969869,Bayside
Government,1,3642,Mount Evelyn Primary School,Primary,O,33 Monbulk Road,Mount Evelyn,3796,NORTH-EASTERN VICTORIA,Outer Eastern Melbourne,745,Yarra Ranges (S),Metro,145.3888224,-37.79092979,Yarra Ranges
Government,1,3645,Kilsyth Primary School,Primary,O,555 Mt Dandenong Road,Kilsyth,3137,NORTH-EASTERN VICTORIA,Outer Eastern Melbourne,745,Yarra Ranges (S),Metro,145.3149427,-37.80210649,Yarra Ranges
Government,1,3650,Wonthaggi Primary School,Primary,O,18 Billson Street,Wonthaggi,3995,SOUTH-EASTERN VICTORIA,Inner Gippsland,74,Bass Coast (S),Non Metro,145.588636,-38.607947,Bass Coast
Government,1,3659,Spotswood Primary School,Primary,O,Melbourne Road,Spotswood,3015,SOUTH-WESTERN VICTORIA,Western Melbourne,311,Hobsons Bay (C),Metro,144.881736,-37.830451,Hobsons Bay
Government,1,3664,Clyde Primary School,Primary,O,13 Oroya Grove,Clyde,3978,SOUTH-EASTERN VICTORIA,Southern Melbourne,161,Casey (C),Metro,145.326386,-38.132323,Casey
Government,1,3675,Noble Park Primary School,Primary,O,65 Buckley Street,Noble Park,3174,SOUTH-EASTERN VICTORIA,Southern Melbourne,267,Greater Dandenong (C),Metro,145.173906,-37.970627,Greater Dandenong
Government,1,3680,Deepdene Primary School,Primary,O,958a Burke Road,Deepdene,3103,NORTH-EASTERN VICTORIA,Inner Eastern Melbourne,111,Boroondara (C),Metro,145.061355,-37.808366,Boroondara
Government,1,3684,Clifton Creek Primary School,Primary,O,1020 Deptford Road,Clifton Creek,3875,SOUTH-EASTERN VICTORIA,Outer Gippsland,211,East Gippsland (S),Non Metro,147.659395,-37.70208,East Gippsland
Government,1,3686,Kennington Primary School,Primary,O,60 Crook Street,Kennington,3550,NORTH-WESTERN VICTORIA,Loddon Campaspe,262,Greater Bendigo (C),Non Metro,144.307498,-36.768805,Greater Bendigo
Government,1,3689,Cardinia Primary School,Primary,O,2405 Ballarto Road,Cardinia,3978,SOUTH-EASTERN VICTORIA,Southern Melbourne,145,Cardinia (S),Metro,145.423771,-38.145803,Cardinia
Government,1,3696,Grahamvale Primary School,Primary,O,85 Grahamvale Road,Grahamvale,3631,NORTH-EASTERN VICTORIA,Goulburn,283,Greater Shepparton (C),Non Metro,145.430716,-36.357202,Greater Shepparton
Government,1,3702,Irymple South Primary School,Primary,O,3208 Fifteenth Street,Irymple,3498,NORTH-WESTERN VICTORIA,Mallee,478,Mildura (RC),Non Metro,142.190619,-34.252489,Mildura
Government,1,3703,Glen Huntly Primary School,Primary,O,170 Grange Road,Glen Huntly,3163,SOUTH-EASTERN VICTORIA,Bayside Peninsula,231,Glen Eira (C),Metro,145.0462294,-37.89377084,Glen Eira
Government,1,3708,Nanneella Estate Primary School,Primary,O,159 Bennett Road,Nanneella,3561,NORTH-WESTERN VICTORIA,Loddon Campaspe,137,Campaspe (S),Non Metro,144.778037,-36.312971,Campaspe
Government,1,3709,Wantirna Primary School,Primary,O,120 Mountain Highway,Wantirna,3152,NORTH-EASTERN VICTORIA,Outer Eastern Melbourne,367,Knox (C),Metro,145.216509,-37.856256,Knox
Government,1,3716,Wonthaggi North Primary School,Primary,O,Cnr White & Wentworth Road,Wonthaggi,3995,SOUTH-EASTERN VICTORIA,Inner Gippsland,74,Bass Coast (S),Non Metro,145.600234,-38.59882,Bass Coast
Government,1,3717,Melton South Primary School,Primary,O,38 - 46 Exford Road,Melton South,3338,SOUTH-WESTERN VICTORIA,Brimbank Melton,465,Melton (C),Metro,144.574264,-37.70872,Melton
Government,1,3729,Chelsea Primary School,Primary,O,34-44 Argyle Ave,Chelsea,3196,SOUTH-EASTERN VICTORIA,Bayside Peninsula,343,Kingston (C),Metro,145.12231,-38.054889,Kingston
Government,1,3754,Hampton Primary School,Primary,O,528 Hampton Street,Hampton,3188,SOUTH-EASTERN VICTORIA,Bayside Peninsula,91,Bayside (C),Metro,145.003476,-37.93339,Bayside
Government,1,3774,Victorian College For The Deaf,Special,O,597 St Kilda Road,Melbourne,3004,SOUTH-WESTERN VICTORIA,Western Melbourne,460,Melbourne (C),Metro,144.982306,-37.849774,Melbourne
Government,1,3787,Balliang East Primary School,Primary,O,4 School Road,Balliang East,3340,SOUTH-WESTERN VICTORIA,Central Highlands,515,Moorabool (S),Non Metro,144.4153538,-37.79497592,Moorabool
Government,1,3790,Edithvale Primary School,Primary,O,42-54 Edithvale Road,Edithvale,3196,SOUTH-EASTERN VICTORIA,Bayside Peninsula,343,Kingston (C),Metro,145.11297,-38.037494,Kingston
Government,1,3805,Orrvale Primary School,Primary,O,300 Channel Road,Orrvale,3631,NORTH-EASTERN VICTORIA,Goulburn,283,Greater Shepparton (C),Non Metro,145.440539,-36.410409,Greater Shepparton
Government,1,3806,Penders Grove Primary School,Primary,O,370 Victoria Road,Thornbury,3071,NORTH-WESTERN VICTORIA,North Eastern Melbourne,189,Darebin (C),Metro,145.01427,-37.754517,Darebin
Government,1,3819,Underbool Primary School,Primary,O,67 Cotter Street,Underbool,3509,NORTH-WESTERN VICTORIA,Mallee,478,Mildura (RC),Non Metro,141.814054,-35.170573,Mildura
Government,1,3820,Caulfield Junior College,Primary,O,186 Balaclava Road,Caulfield North,3161,SOUTH-EASTERN VICTORIA,Bayside Peninsula,231,Glen Eira (C),Metro,145.021561,-37.87211,Glen Eira
Government,1,3835,Seaford Primary School,Primary,O,Mcrae Street,Seaford,3198,SOUTH-EASTERN VICTORIA,Bayside Peninsula,217,Frankston (C),Metro,145.130496,-38.104436,Frankston
Government,1,3841,Wattle Park Primary School,Primary,O,225 Warrigal Road,Burwood,3125,NORTH-EASTERN VICTORIA,Inner Eastern Melbourne,698,Whitehorse (C),Metro,145.09737,-37.842635,Whitehorse
Government,1,3859,Murrabit Group School,Primary,O,61 Browning Avenue,Murrabit,3579,NORTH-WESTERN VICTORIA,Mallee,225,Gannawarra (S),Non Metro,143.950749,-35.528838,Gannawarra
Government,1,3885,Preston West Primary School,Primary,O,383 Murray Road,Preston,3072,NORTH-WESTERN VICTORIA,North Eastern Melbourne,189,Darebin (C),Metro,144.99553,-37.737366,Darebin
Government,1,3889,Thornbury Primary School,Primary,O,16-22 Hutton Street,Thornbury,3071,NORTH-WESTERN VICTORIA,North Eastern Melbourne,189,Darebin (C),Metro,144.996748,-37.755425,Darebin
Government,1,3890,Footscray West Primary School,Primary,O,17 Argyle Street,West Footscray,3012,SOUTH-WESTERN VICTORIA,Western Melbourne,433,Maribyrnong (C),Metro,144.875267,-37.794867,Maribyrnong
Government,1,3892,Wandin North Primary School,Primary,O,220 Warburton Highway,Wandin North,3139,NORTH-EASTERN VICTORIA,Outer Eastern Melbourne,745,Yarra Ranges (S),Metro,145.409713,-37.769783,Yarra Ranges
Government,1,3897,Gardenvale Primary School,Primary,O,66 Landcox Street,Brighton East,3187,SOUTH-EASTERN VICTORIA,Bayside Peninsula,91,Bayside (C),Metro,145.015034,-37.904679,Bayside
Government,1,3899,Beaumaris Primary School,Primary,O,99 Dalgetty Road,Beaumaris,3193,SOUTH-EASTERN VICTORIA,Bayside Peninsula,91,Bayside (C),Metro,145.037586,-37.985272,Bayside
Government,1,3920,Cann River P-12 College,Pri/Sec,O,20-24 Tamboon Road,Cann River,3890,SOUTH-EASTERN VICTORIA,Outer Gippsland,211,East Gippsland (S),Non Metro,149.153022,-37.5697,East Gippsland
Government,1,3923,Altona Primary School,Primary,O,109 Blyth Street,Altona,3018,SOUTH-WESTERN VICTORIA,Western Melbourne,311,Hobsons Bay (C),Metro,144.822742,-37.867708,Hobsons Bay
Government,1,3924,Devon Meadows Primary School,Primary,O,50 Worthing Road,Devon Meadows,3977,SOUTH-EASTERN VICTORIA,Southern Melbourne,161,Casey (C),Metro,145.301384,-38.162026,Casey
Government,1,3926,Upper Ferntree Gully Primary School,Primary,O,Talaskia Road,Upper Ferntree Gully,3156,NORTH-EASTERN VICTORIA,Outer Eastern Melbourne,367,Knox (C),Metro,145.314325,-37.895604,Knox
Government,1,3931,Eildon Primary School,Primary,O,45 High Street,Eildon,3713,NORTH-EASTERN VICTORIA,Goulburn,562,Murrindindi (S),Non Metro,145.906761,-37.233967,Murrindindi
Government,1,3933,Bittern Primary School,Primary,O,Portsmouth Road,Bittern,3918,SOUTH-EASTERN VICTORIA,Bayside Peninsula,534,Mornington Peninsula (S),Metro,145.171678,-38.339857,Mornington Peninsula
Government,1,3936,Colbinabbin Primary School,Primary,O,56 Mitchell Street,Colbinabbin,3559,NORTH-WESTERN VICTORIA,Loddon Campaspe,137,Campaspe (S),Non Metro,144.801658,-36.589881,Campaspe
Government,1,3937,Stanhope Primary School,Primary,O,48 Midland Highway,Stanhope,3623,NORTH-WESTERN VICTORIA,Loddon Campaspe,137,Campaspe (S),Non Metro,144.988016,-36.448102,Campaspe
Government,1,3939,Hurstbridge Primary School,Primary,O,961-989 Heidelberg-Kinglake Rd,Hurstbridge,3099,NORTH-WESTERN VICTORIA,North Eastern Melbourne,571,Nillumbik (S),Metro,145.19812,-37.635897,Nillumbik
Government,1,3941,Coburg West Primary School,Primary,O,185-187 Reynard Street,Coburg,3058,NORTH-WESTERN VICTORIA,Hume Merri-bek,525,Merri-bek (C),Metro,144.947624,-37.74715,Merri-bek
Government,1,3942,Elwood Primary School,Primary,O,Scott Street,Elwood,3184,SOUTH-EASTERN VICTORIA,Bayside Peninsula,590,Port Phillip (C),Metro,144.988364,-37.881505,Port Phillip
Government,1,3943,Mont Albert Primary School,Primary,O,Barloa Road,Mont Albert,3127,NORTH-EASTERN VICTORIA,Inner Eastern Melbourne,698,Whitehorse (C),Metro,145.102727,-37.813079,Whitehorse
Government,1,3947,Strathewen Primary School,Primary,O,5 School Ridge Road,Strathewen,3099,NORTH-WESTERN VICTORIA,North Eastern Melbourne,571,Nillumbik (S),Metro,145.270094,-37.547579,Nillumbik
Government,1,3956,Don Valley Primary School,Primary,O,Old Dalry Road,Don Valley,3139,NORTH-EASTERN VICTORIA,Outer Eastern Melbourne,745,Yarra Ranges (S),Metro,145.5874128,-37.76019989,Yarra Ranges
Government,1,3960,Reservoir Primary School,Primary,O,Duffy Street,Reservoir,3073,NORTH-WESTERN VICTORIA,North Eastern Melbourne,189,Darebin (C),Metro,145.00677,-37.71142,Darebin
Government,1,3967,Yallourn North Primary School,Primary,O,2A Reserve Street,Yallourn North,3825,SOUTH-EASTERN VICTORIA,Inner Gippsland,381,Latrobe (C),Non Metro,146.362224,-38.163208,Latrobe
Government,1,3968,Toorloo Arm Primary School,Primary,O,315 Lake Tyers Beach Road,Lake Tyers Beach,3909,SOUTH-EASTERN VICTORIA,Outer Gippsland,211,East Gippsland (S),Non Metro,148.05097,-37.852539,East Gippsland
Government,1,3971,Girgarre Primary School,Primary,O,528 Winter Road,Girgarre,3624,NORTH-WESTERN VICTORIA,Loddon Campaspe,137,Campaspe (S),Non Metro,144.973758,-36.398106,Campaspe
Government,1,3982,Gladysdale Primary School,Primary,O,550 Little Yarra Road,Gladysdale,3797,NORTH-EASTERN VICTORIA,Outer Eastern Melbourne,745,Yarra Ranges (S),Metro,145.6509863,-37.82025309,Yarra Ranges
Government,1,3983,Mildura West Primary School,Primary,O,219-227  Ninth Street,Mildura,3500,NORTH-WESTERN VICTORIA,Mallee,478,Mildura (RC),Non Metro,142.152392,-34.179726,Mildura
Government,1,3987,Moonee Ponds Primary School,Primary,O,87 Wilson Street,Moonee Ponds,3039,SOUTH-WESTERN VICTORIA,Western Melbourne,506,Moonee Valley (C),Metro,144.932986,-37.763341,Moonee Valley
Government,1,3988,Kingsville Primary School,Primary,O,58 Bishop Street,Yarraville,3013,SOUTH-WESTERN VICTORIA,Western Melbourne,433,Maribyrnong (C),Metro,144.874657,-37.812595,Maribyrnong
Government,1,3993,Kallista Primary School,Primary,O,72 Monbulk Road,Kallista,3791,NORTH-EASTERN VICTORIA,Outer Eastern Melbourne,745,Yarra Ranges (S),Metro,145.370004,-37.885086,Yarra Ranges
Government,1,4015,Essendon North Primary School,Primary,O,112 Keilor Road,Essendon North,3041,SOUTH-WESTERN VICTORIA,Western Melbourne,506,Moonee Valley (C),Metro,144.903193,-37.741516,Moonee Valley
Government,1,4025,Ascot Vale West Primary School,Primary,O,8 Langs Rd,Ascot Vale,3032,SOUTH-WESTERN VICTORIA,Western Melbourne,506,Moonee Valley (C),Metro,144.911125,-37.78068,Moonee Valley
Government,1,4055,Hartwell Primary School,Primary,O,Milverton St,Camberwell,3124,NORTH-EASTERN VICTORIA,Inner Eastern Melbourne,111,Boroondara (C),Metro,145.084466,-37.848051,Boroondara
Government,1,4057,Red Cliffs Primary School,Primary,O,Murray Avenue,Red Cliffs,3496,NORTH-WESTERN VICTORIA,Mallee,478,Mildura (RC),Non Metro,142.185312,-34.311566,Mildura
Government,1,4060,Wattle Glen Primary School,Primary,O,16-24 Reynolds Road,Wattle Glen,3096,NORTH-WESTERN VICTORIA,North Eastern Melbourne,571,Nillumbik (S),Metro,145.182037,-37.66884,Nillumbik
Government,1,4062,Hampton Park Primary School,Primary,O,32 Somerville Road,Hampton Park,3976,SOUTH-EASTERN VICTORIA,Southern Melbourne,161,Casey (C),Metro,145.252893,-38.030413,Casey
Government,1,4064,Colac West Primary School,Primary,O,12 Ligar Street,Colac,3250,SOUTH-WESTERN VICTORIA,Barwon,175,Colac-Otway (S),Non Metro,143.579749,-38.336417,Colac-Otway
Government,1,4087,Ripponlea Primary School,Primary,O,25 Carrington Grove,St Kilda East,3183,SOUTH-EASTERN VICTORIA,Bayside Peninsula,231,Glen Eira (C),Metro,145.005054,-37.874608,Glen Eira
Government,1,4112,Montmorency Primary School,Primary,O,60a Rattray Road,Montmorency,3094,NORTH-WESTERN VICTORIA,North Eastern Melbourne,66,Banyule (C),Metro,145.121599,-37.717652,Banyule
Government,1,4117,Moriac Primary School,Primary,O,785 Hendy Main Road,Moriac,3240,SOUTH-WESTERN VICTORIA,Barwon,649,Surf Coast (S),Non Metro,144.175572,-38.24138556,Surf Coast
Government,1,4120,Ringwood North Primary School,Primary,O,172 Oban Road,Ringwood North,3134,NORTH-EASTERN VICTORIA,Outer Eastern Melbourne,441,Maroondah (C),Metro,145.230739,-37.79313,Maroondah
Government,1,4123,Red Cliffs East Primary School,Primary,O,Block 19 Nerrum Avenue,Red Cliffs,3496,NORTH-WESTERN VICTORIA,Mallee,478,Mildura (RC),Non Metro,142.214274,-34.305108,Mildura
Government,1,4139,Lloyd Street Primary School,Primary,O,Lloyd Street,Malvern East,3145,SOUTH-EASTERN VICTORIA,Bayside Peninsula,635,Stonnington (C),Metro,145.056108,-37.872416,Stonnington
Government,1,4143,Bayswater North Primary School,Primary,O,Stuart Street,Bayswater North,3153,NORTH-EASTERN VICTORIA,Outer Eastern Melbourne,441,Maroondah (C),Metro,145.295621,-37.8288,Maroondah
Government,1,4158,Westbreen Primary School,Primary,O,2-10 Pascoe Street,Pascoe Vale,3044,NORTH-WESTERN VICTORIA,Hume Merri-bek,525,Merri-bek (C),Metro,144.935476,-37.716291,Merri-bek
Government,1,4159,Point Cook Prep - Year 9 College,Pri/Sec,O,18 - 50 Ponsford Drive,Point Cook,3030,SOUTH-WESTERN VICTORIA,Western Melbourne,726,Wyndham (C),Metro,144.7244931,-37.89380261,Wyndham
Government,1,4160,Footscray North Primary School,Primary,O,14 Rosamond Road,Footscray,3011,SOUTH-WESTERN VICTORIA,Western Melbourne,433,Maribyrnong (C),Metro,144.883372,-37.787746,Maribyrnong
Government,1,4169,Airly Primary School,Primary,O,226 Airly Estate Road,Airly,3851,SOUTH-EASTERN VICTORIA,Outer Gippsland,681,Wellington (S),Non Metro,147.113897,-38.025712,Wellington
Government,1,4170,Camberwell South Primary School,Primary,O,4 Peate Avenue,Glen Iris,3146,NORTH-EASTERN VICTORIA,Inner Eastern Melbourne,111,Boroondara (C),Metro,145.062612,-37.847905,Boroondara
Government,1,4171,Parkdale Primary School,Primary,O,305-311 Nepean Highway,Parkdale,3195,SOUTH-EASTERN VICTORIA,Bayside Peninsula,343,Kingston (C),Metro,145.083098,-37.992792,Kingston
Government,1,4176,Hughesdale Primary School,Primary,O,Brine Street,Hughesdale,3166,NORTH-EASTERN VICTORIA,Inner Eastern Melbourne,497,Monash (C),Metro,145.077639,-37.905839,Monash
Government,1,4177,Westgarth Primary School,Primary,O,45 Brooke St & 311 Clarke St,Northcote,3070,NORTH-WESTERN VICTORIA,North Eastern Melbourne,189,Darebin (C),Metro,145.005561,-37.776471,Darebin
Government,1,4183,Auburn South Primary School,Primary,O,419 Tooronga Road,Hawthorn East,3123,NORTH-EASTERN VICTORIA,Inner Eastern Melbourne,111,Boroondara (C),Metro,145.045894,-37.839263,Boroondara
Government,1,4193,Aspendale Primary School,Primary,O,23 Laura Street,Aspendale,3195,SOUTH-EASTERN VICTORIA,Bayside Peninsula,343,Kingston (C),Metro,145.099756,-38.020273,Kingston
Government,1,4212,Eltham North Primary School,Primary,O,35-47 Wattletree Road,Eltham North,3095,NORTH-WESTERN VICTORIA,North Eastern Melbourne,571,Nillumbik (S),Metro,145.1508655,-37.70011091,Nillumbik
Government,1,4215,Merrivale Primary School,Primary,O,158 Merrivale Drive,Warrnambool,3280,SOUTH-WESTERN VICTORIA,Wimmera South West,673,Warrnambool (C),Non Metro,142.456146,-38.378018,Warrnambool
Government,1,4217,Dandenong West Primary School,Primary,O,32 Birdwood Avenue,Dandenong,3175,SOUTH-EASTERN VICTORIA,Southern Melbourne,267,Greater Dandenong (C),Metro,145.200416,-37.980741,Greater Dandenong
Government,1,4219,Yarra Road Primary School,Primary,O,222 - 228 Yarra Road,CROYDON NORTH,3136,NORTH-EASTERN VICTORIA,Outer Eastern Melbourne,441,Maroondah (C),Metro,145.272227,-37.766401,Maroondah
Government,1,4220,Aberfeldie Primary School,Primary,O,1 Doone Street,ABERFELDIE,3040,SOUTH-WESTERN VICTORIA,Western Melbourne,506,Moonee Valley (C),Metro,144.894774,-37.756488,Moonee Valley
Government,1,4224,Manifold Heights Primary School,Primary,O,20-24 Strachan Avenue,Manifold Heights,3218,SOUTH-WESTERN VICTORIA,Barwon,275,Greater Geelong (C),Non Metro,144.332922,-38.135971,Greater Geelong
Government,1,4226,Nungurner Primary School,Primary,O,455 Nungurner Road,Nungurner,3909,SOUTH-EASTERN VICTORIA,Outer Gippsland,211,East Gippsland (S),Non Metro,147.888387,-37.865917,East Gippsland
Government,1,4257,Dingley Primary School,Primary,O,111-115 Centre Dandenong Road,Dingley Village,3172,SOUTH-EASTERN VICTORIA,Bayside Peninsula,343,Kingston (C),Metro,145.132498,-37.982602,Kingston
Government,1,4263,Cardross Primary School,Primary,O,415 Dairtnunk Avenue,Cardross,3496,NORTH-WESTERN VICTORIA,Mallee,478,Mildura (RC),Non Metro,142.145041,-34.288009,Mildura
Government,1,4265,Albion Primary School,Primary,O,61-81 Adelaide Street,Albion,3020,SOUTH-WESTERN VICTORIA,Brimbank Melton,118,Brimbank (C),Metro,144.819753,-37.778083,Brimbank
Government,1,4269,Lemnos Primary School,Primary,O,Lemnos Road,Lemnos,3631,NORTH-EASTERN VICTORIA,Goulburn,283,Greater Shepparton (C),Non Metro,145.462459,-36.358053,Greater Shepparton
Government,1,4275,Tarwin Lower Primary School,Primary,O,34 School Road,Tarwin Lower,3956,SOUTH-EASTERN VICTORIA,Inner Gippsland,617,South Gippsland (S),Non Metro,145.86706,-38.702574,South Gippsland
Government,1,4290,Nepean Special School,Special,O,33 Klauer St,Seaford,3198,SOUTH-EASTERN VICTORIA,Bayside Peninsula,217,Frankston (C),Metro,145.14233,-38.119433,Frankston
Government,1,4304,Brunswick South West Primary School,Primary,O,South Daly Street,Brunswick West,3055,NORTH-WESTERN VICTORIA,Hume Merri-bek,525,Merri-bek (C),Metro,144.943522,-37.770575,Merri-bek
Government,1,4309,Bell Primary School,Primary,O,78A Oakover Road,Preston,3072,NORTH-WESTERN VICTORIA,North Eastern Melbourne,189,Darebin (C),Metro,144.990613,-37.747698,Darebin
Government,1,4314,Chatham Primary School,Primary,O,Weybridge Street,Surrey Hills,3127,NORTH-EASTERN VICTORIA,Inner Eastern Melbourne,111,Boroondara (C),Metro,145.091603,-37.817647,Boroondara
Government,1,4315,Caulfield South Primary School,Primary,O,24 Bundeera Road,Caulfield South,3162,SOUTH-EASTERN VICTORIA,Bayside Peninsula,231,Glen Eira (C),Metro,145.030799,-37.895253,Glen Eira
Government,1,4317,Ashburton Primary School,Primary,O,Fakenham Road,Ashburton,3147,NORTH-EASTERN VICTORIA,Inner Eastern Melbourne,111,Boroondara (C),Metro,145.083622,-37.862199,Boroondara
Government,1,4318,Bentleigh West Primary School,Primary,O,23 Brewer Road,Bentleigh,3204,SOUTH-EASTERN VICTORIA,Bayside Peninsula,231,Glen Eira (C),Metro,145.026767,-37.920585,Glen Eira
Government,1,4332,Anglesea Primary School,Primary,O,85 Camp Road,Anglesea,3230,SOUTH-WESTERN VICTORIA,Barwon,649,Surf Coast (S),Non Metro,144.191837,-38.39678,Surf Coast
Government,1,4341,Briar Hill Primary School,Primary,O,25 Gladstone Road,Briar Hill,3088,NORTH-WESTERN VICTORIA,North Eastern Melbourne,66,Banyule (C),Metro,145.116219,-37.708307,Banyule
Government,1,4359,Zeerust Primary School,Primary,O,245 Zeerust Road,Zeerust,3634,NORTH-EASTERN VICTORIA,Goulburn,283,Greater Shepparton (C),Non Metro,145.405067,-36.277196,Greater Shepparton
Government,1,4366,McKinnon Primary School,Primary,O,253 Tucker Road,Ormond,3204,SOUTH-EASTERN VICTORIA,Bayside Peninsula,231,Glen Eira (C),Metro,145.052795,-37.908049,Glen Eira
Government,1,4384,Clayton South Primary School,Primary,O,539 Clayton Road,Clayton South,3169,SOUTH-EASTERN VICTORIA,Bayside Peninsula,343,Kingston (C),Metro,145.11644,-37.940477,Kingston
Government,1,4386,Ivanhoe East Primary School,Primary,O,35 Warncliffe Road,Ivanhoe East,3079,NORTH-WESTERN VICTORIA,North Eastern Melbourne,66,Banyule (C),Metro,145.059453,-37.774587,Banyule
Government,1,4387,Cobains Primary School,Primary,O,3 Crofts Road,Cobains,3851,SOUTH-EASTERN VICTORIA,Outer Gippsland,681,Wellington (S),Non Metro,147.132279,-38.074794,Wellington
Government,1,4389,Mildura South Primary School,Primary,O,593 Deakin Avenue,Mildura South,3501,NORTH-WESTERN VICTORIA,Mallee,478,Mildura (RC),Non Metro,142.126787,-34.213477,Mildura
Government,1,4398,Tate Street Primary School Geelong,Primary,O,1B Tate Street,Geelong East,3219,SOUTH-WESTERN VICTORIA,Barwon,275,Greater Geelong (C),Non Metro,144.379195,-38.166053,Greater Geelong
Government,1,4399,Brunswick North West Primary School,Primary,O,Culloden Street,Brunswick West,3055,NORTH-WESTERN VICTORIA,Hume Merri-bek,525,Merri-bek (C),Metro,144.943592,-37.756708,Merri-bek
Government,1,4401,Katandra West Primary School,Primary,O,17-27 Bankin Street,Katandra West,3634,NORTH-EASTERN VICTORIA,Goulburn,283,Greater Shepparton (C),Non Metro,145.560714,-36.225467,Greater Shepparton
Government,1,4407,Fleetwood Primary School,Primary,O,97 Fleetwood Drive,Narre Warren,3805,SOUTH-EASTERN VICTORIA,Southern Melbourne,161,Casey (C),Metro,145.318095,-38.039305,Casey
Government,1,4429,Sandringham East Primary School,Primary,O,9 Holloway Road,Sandringham,3191,SOUTH-EASTERN VICTORIA,Bayside Peninsula,91,Bayside (C),Metro,145.022221,-37.956668,Bayside
Government,1,4440,Seaholme Primary School,Primary,O,33 Civic Parade,Seaholme,3018,SOUTH-WESTERN VICTORIA,Western Melbourne,311,Hobsons Bay (C),Metro,144.839906,-37.864212,Hobsons Bay
Government,1,4458,Somers Primary School,Primary,O,87 Camp Hill Road,Somers,3927,SOUTH-EASTERN VICTORIA,Bayside Peninsula,534,Mornington Peninsula (S),Metro,145.164606,-38.392117,Mornington Peninsula
Government,1,4530,Upwey Primary School,Primary,O,15 Darling Avenue,Upwey,3158,NORTH-EASTERN VICTORIA,Outer Eastern Melbourne,745,Yarra Ranges (S),Metro,145.3328027,-37.90286736,Yarra Ranges
Government,1,4543,Coburg North Primary School,Primary,O,180 O'Hea Street,Coburg,3058,NORTH-WESTERN VICTORIA,Hume Merri-bek,525,Merri-bek (C),Metro,144.951854,-37.736171,Merri-bek
Government,1,4568,Rosanna Primary School,Primary,O,Grandview Grove,Rosanna,3084,NORTH-WESTERN VICTORIA,North Eastern Melbourne,66,Banyule (C),Metro,145.062899,-37.735395,Banyule
Government,1,4582,Wantirna South Primary School,Primary,O,16 Tyner Road,Wantirna South,3152,NORTH-EASTERN VICTORIA,Outer Eastern Melbourne,367,Knox (C),Metro,145.237339,-37.872529,Knox
Government,1,4612,Strathmore Primary School,Primary,O,14-34 Lloyd Street,Strathmore,3041,SOUTH-WESTERN VICTORIA,Western Melbourne,506,Moonee Valley (C),Metro,144.917004,-37.735512,Moonee Valley
Government,1,4638,Balwyn North Primary School,Primary,O,Buchanan Avenue,Balwyn North,3104,NORTH-EASTERN VICTORIA,Inner Eastern Melbourne,111,Boroondara (C),Metro,145.077044,-37.796699,Boroondara
Government,1,4641,Solway Primary School,Primary,O,Winton Road,Ashburton,3147,NORTH-EASTERN VICTORIA,Inner Eastern Melbourne,111,Boroondara (C),Metro,145.07283,-37.873238,Boroondara
Government,1,4642,Wangaratta West Primary School,Primary,O,47-49 Phillipson Street,Wangaratta,3677,NORTH-EASTERN VICTORIA,Ovens Murray,670,Wangaratta (RC),Non Metro,146.304421,-36.35413,Wangaratta
Government,1,4644,Mount Beauty Primary School,Primary,O,Lakeside Avenue,Mount Beauty,3699,NORTH-EASTERN VICTORIA,Ovens Murray,11,Alpine (S),Non Metro,147.17159,-36.739498,Alpine
Government,1,4646,Newlands Primary School,Primary,O,2-26 Murphy Street,Preston,3072,NORTH-WESTERN VICTORIA,North Eastern Melbourne,189,Darebin (C),Metro,144.985377,-37.730113,Darebin
Government,1,4650,Newborough Primary School,Primary,O,24 Murray Road,Newborough,3825,SOUTH-EASTERN VICTORIA,Inner Gippsland,381,Latrobe (C),Non Metro,146.292787,-38.188582,Latrobe
Government,1,4652,Traralgon (Stockdale Road) Primary School,Primary,O,7 Stockdale Road,Traralgon,3844,SOUTH-EASTERN VICTORIA,Inner Gippsland,381,Latrobe (C),Non Metro,146.524169,-38.18998,Latrobe
Government,1,4657,Gowrie Street Primary School Shepparton,Primary,O,1-19 Gowrie Street,Shepparton,3630,NORTH-EASTERN VICTORIA,Goulburn,283,Greater Shepparton (C),Non Metro,145.396348,-36.366802,Greater Shepparton
Government,1,4661,Tootgarook Primary School,Primary,O,Carmichael Street,Tootgarook,3941,SOUTH-EASTERN VICTORIA,Bayside Peninsula,534,Mornington Peninsula (S),Metro,144.857321,-38.369477,Mornington Peninsula
Government,1,4662,Moe (South Street) Primary School,Primary,O,34 South Street,Moe,3825,SOUTH-EASTERN VICTORIA,Inner Gippsland,381,Latrobe (C),Non Metro,146.260064,-38.183188,Latrobe
Government,1,4663,Roslyn Primary School,Primary,O,183 Roslyn Road,Belmont,3216,SOUTH-WESTERN VICTORIA,Barwon,275,Greater Geelong (C),Non Metro,144.329816,-38.174006,Greater Geelong
Government,1,4665,Newport Gardens Primary School,Primary,O,Cnr Woods St & Maddox Rd,Newport,3015,SOUTH-WESTERN VICTORIA,Western Melbourne,311,Hobsons Bay (C),Metro,144.868832,-37.845209,Hobsons Bay
Government,1,4666,St Georges Road Primary School Shepparton,Primary,O,120 St Georges Road,Shepparton,3630,NORTH-EASTERN VICTORIA,Goulburn,283,Greater Shepparton (C),Non Metro,145.405737,-36.390092,Greater Shepparton
Government,1,4669,Malvern Valley Primary School,Primary,O,1A Abbotsford Avenue,Malvern East,3145,SOUTH-EASTERN VICTORIA,Bayside Peninsula,635,Stonnington (C),Metro,145.08149,-37.880704,Stonnington
Government,1,4670,Newborough East Primary School,Primary,O,300 Old Sale Road,Newborough,3825,SOUTH-EASTERN VICTORIA,Inner Gippsland,381,Latrobe (C),Non Metro,146.29376,-38.179,Latrobe
Government,1,4675,Belmore School,Special,O,49 Stroud Street,Balwyn,3103,NORTH-EASTERN VICTORIA,Inner Eastern Melbourne,111,Boroondara (C),Metro,145.081145,-37.804284,Boroondara
Government,1,4679,Croxton Special School,Special,O,159-165 Beaconsfield Parade,Northcote,3070,NORTH-WESTERN VICTORIA,North Eastern Melbourne,189,Darebin (C),Metro,144.9873978,-37.76399724,Darebin
Government,1,4681,Herne Hill Primary School,Primary,O,2-24 Gwynne Street,Hamlyn Heights,3215,SOUTH-WESTERN VICTORIA,Barwon,275,Greater Geelong (C),Non Metro,144.332449,-38.12936,Greater Geelong
Government,1,4682,Frankston East Primary School,Primary,O,6A Ashleigh Avenue,Frankston,3199,SOUTH-EASTERN VICTORIA,Bayside Peninsula,217,Frankston (C),Metro,145.145528,-38.14663,Frankston
Government,1,4685,Selby Primary School,Primary,O,2 Morley Street,Selby,3159,NORTH-EASTERN VICTORIA,Outer Eastern Melbourne,745,Yarra Ranges (S),Metro,145.367517,-37.911431,Yarra Ranges
Government,1,4686,Reservoir East Primary School,Primary,O,58 Boldrewood Parade,Reservoir,3073,NORTH-WESTERN VICTORIA,North Eastern Melbourne,189,Darebin (C),Metro,145.021837,-37.719975,Darebin
Government,1,4687,Tucker Road Bentleigh Primary School,Primary,O,16 Tucker Rd,Bentleigh,3204,SOUTH-EASTERN VICTORIA,Bayside Peninsula,231,Glen Eira (C),Metro,145.049012,-37.932543,Glen Eira
Government,1,4689,Katunga Primary School,Primary,O,24 CARTER STREET,Katunga,3640,NORTH-EASTERN VICTORIA,Goulburn,490,Moira (S),Non Metro,145.455613,-35.998559,Moira
Government,1,4690,Ballarat North Primary School,Primary,O,513 Landsborough Street,Ballarat,3350,SOUTH-WESTERN VICTORIA,Central Highlands,57,Ballarat (C),Non Metro,143.8628108,-37.54009926,Ballarat
Government,1,4691,Bandiana Primary School,Primary,O,44 Leumeah Road,Bandiana,3694,NORTH-EASTERN VICTORIA,Ovens Murray,717,Wodonga (C),Non Metro,146.927135,-36.152965,Wodonga
Government,1,4694,Greythorn Primary School,Primary,O,Reading Avenue,Balwyn North,3104,NORTH-EASTERN VICTORIA,Inner Eastern Melbourne,111,Boroondara (C),Metro,145.095963,-37.801427,Boroondara
Government,1,4695,Warragul North Primary School,Primary,O,5 O'Dowds Road,Warragul,3820,SOUTH-EASTERN VICTORIA,Inner Gippsland,83,Baw Baw (S),Non Metro,145.939854,-38.148107,Baw Baw
Government,1,4697,Horsham West and Haven Primary School,Primary,O,24 Hillary Street,Horsham,3400,SOUTH-WESTERN VICTORIA,Wimmera South West,319,Horsham (RC),Non Metro,142.179993,-36.717424,Horsham
Government,1,4699,Traralgon (Kosciuszko Street) Primary School,Primary,O,36 Kosciuszko Street,Traralgon,3844,SOUTH-EASTERN VICTORIA,Inner Gippsland,381,Latrobe (C),Non Metro,146.515364,-38.199268,Latrobe
Government,1,4700,Traralgon (Liddiard Road) Primary School,Primary,O,148 Liddiard Road,Traralgon,3844,SOUTH-EASTERN VICTORIA,Inner Gippsland,381,Latrobe (C),Non Metro,146.551488,-38.201551,Latrobe
Government,1,4702,Eastwood Primary School,Primary,O,49a Alexandra Road,Ringwood East,3135,NORTH-EASTERN VICTORIA,Outer Eastern Melbourne,441,Maroondah (C),Metro,145.252949,-37.817239,Maroondah
Government,1,4704,Pascoe Vale South Primary School,Primary,O,411-429 Reynard Street,Pascoe Vale South,3044,NORTH-WESTERN VICTORIA,Hume Merri-bek,525,Merri-bek (C),Metro,144.935615,-37.745716,Merri-bek
Government,1,4709,Lalor Primary School,Primary,O,26 Maxwell Street,Lalor,3075,NORTH-WESTERN VICTORIA,North Eastern Melbourne,707,Whittlesea (C),Metro,145.025391,-37.670077,Whittlesea
Government,1,4711,Reservoir West Primary School,Primary,O,5a Carrington Road,Reservoir,3073,NORTH-WESTERN VICTORIA,North Eastern Melbourne,189,Darebin (C),Metro,144.990229,-37.722135,Darebin
Government,1,4712,Coatesville Primary School,Primary,O,21 Mackie Road,Bentleigh East,3165,SOUTH-EASTERN VICTORIA,Bayside Peninsula,231,Glen Eira (C),Metro,145.073631,-37.920083,Glen Eira
Government,1,4715,Old Orchard Primary School,Primary,O,88 Koonung Road,Blackburn North,3130,NORTH-EASTERN VICTORIA,Inner Eastern Melbourne,698,Whitehorse (C),Metro,145.152511,-37.807568,Whitehorse
Government,1,4716,Huntingdale Primary School,Primary,O,1 Grange Street,Oakleigh South,3167,NORTH-EASTERN VICTORIA,Inner Eastern Melbourne,497,Monash (C),Metro,145.102359,-37.913075,Monash
Government,1,4717,Box Hill North Primary School,Primary,O,Elizabeth Street,Box Hill North,3129,NORTH-EASTERN VICTORIA,Inner Eastern Melbourne,698,Whitehorse (C),Metro,145.123311,-37.800792,Whitehorse
Government,1,4718,Ferntree Gully North Primary School,Primary,O,111 Forest Road,Ferntree Gully,3156,NORTH-EASTERN VICTORIA,Outer Eastern Melbourne,367,Knox (C),Metro,145.299422,-37.874787,Knox
Government,1,4720,Ararat West Primary School,Primary,O,Kneebone Street,Ararat,3377,SOUTH-WESTERN VICTORIA,Central Highlands,26,Ararat (RC),Non Metro,142.920999,-37.277361,Ararat
Government,1,4721,Oak Park Primary School,Primary,O,23-33 Willett Avenue,Oak Park,3046,NORTH-WESTERN VICTORIA,Hume Merri-bek,525,Merri-bek (C),Metro,144.915042,-37.715528,Merri-bek
Government,1,4723,Dandenong North Primary School,Primary,O,117-125 Cleeland Street,Dandenong,3175,SOUTH-EASTERN VICTORIA,Southern Melbourne,267,Greater Dandenong (C),Metro,145.214468,-37.976641,Greater Dandenong
Government,1,4725,Bairnsdale West Primary School,Primary,O,Cnr Wallace & Mckean Streets,Bairnsdale,3875,SOUTH-EASTERN VICTORIA,Outer Gippsland,211,East Gippsland (S),Non Metro,147.608096,-37.824541,East Gippsland
Government,1,4728,Kalianna Special School,Special,O,48-68 Prouses Road,Bendigo,3550,NORTH-WESTERN VICTORIA,Loddon Campaspe,262,Greater Bendigo (C),Non Metro,144.278655,-36.737835,Greater Bendigo
Government,1,4730,Harrisfield Primary School,Primary,O,495 Princes Hwy,Noble Park,3174,SOUTH-EASTERN VICTORIA,Southern Melbourne,267,Greater Dandenong (C),Metro,145.179896,-37.954443,Greater Dandenong
Government,1,4731,Pascoe Vale North Primary School,Primary,O,17-33 Kent Road,Pascoe Vale,3044,NORTH-WESTERN VICTORIA,Hume Merri-bek,525,Merri-bek (C),Metro,144.94848,-37.721258,Merri-bek
Government,1,4733,Belle Vue Primary School,Primary,O,20 Highview Road,Balwyn North,3104,NORTH-EASTERN VICTORIA,Inner Eastern Melbourne,111,Boroondara (C),Metro,145.078653,-37.782523,Boroondara
Government,1,4735,Oberon Primary School,Primary,O,28 Dorothy Avenue,Belmont,3216,SOUTH-WESTERN VICTORIA,Barwon,275,Greater Geelong (C),Non Metro,144.34199,-38.179439,Greater Geelong
Government,1,4740,Moe Primary School,Primary,O,Cnr Elizabeth & King Streets,Moe,3825,SOUTH-EASTERN VICTORIA,Inner Gippsland,381,Latrobe (C),Non Metro,146.246722,-38.189727,Latrobe
Government,1,4741,St Albans East Primary School,Primary,O,25 McArthur Avenue,St Albans,3021,SOUTH-WESTERN VICTORIA,Brimbank Melton,118,Brimbank (C),Metro,144.811089,-37.742167,Brimbank
Government,1,4742,Bourchier Street Primary School Shepparton,Primary,O,Cnr Bourchier St & Balaclava R,Shepparton,3630,NORTH-EASTERN VICTORIA,Goulburn,283,Greater Shepparton (C),Non Metro,145.412966,-36.366538,Greater Shepparton
Government,1,4743,Swan Hill North Primary School,Primary,O,118 Chapman Street,Swan Hill,3585,NORTH-WESTERN VICTORIA,Mallee,661,Swan Hill (RC),Non Metro,143.546066,-35.331787,Swan Hill
Government,1,4744,Sunshine Heights Primary School,Primary,O,1-19 Mailey Street,Sunshine,3020,SOUTH-WESTERN VICTORIA,Brimbank Melton,118,Brimbank (C),Metro,144.818159,-37.79222,Brimbank
Government,1,4745,Sunshine North Primary School,Primary,O,65 - 71 Suffolk Road,Sunshine North,3020,SOUTH-WESTERN VICTORIA,Brimbank Melton,118,Brimbank (C),Metro,144.837192,-37.77201,Brimbank
Government,1,4746,Banyule Primary School,Primary,O,50 Banyule Road,Rosanna,3084,NORTH-WESTERN VICTORIA,North Eastern Melbourne,66,Banyule (C),Metro,145.077938,-37.743611,Banyule
Government,1,4750,Portland South Primary School,Primary,O,133-141 Edgar Street,Portland,3305,SOUTH-WESTERN VICTORIA,Wimmera South West,241,Glenelg (S),Non Metro,141.610615,-38.365275,Glenelg
Government,1,4753,Rosanna Golf Links Primary School,Primary,O,Interlaken Parade,Rosanna,3084,NORTH-WESTERN VICTORIA,North Eastern Melbourne,66,Banyule (C),Metro,145.0741188,-37.73512039,Banyule
Government,1,4754,Cheltenham East Primary School,Primary,O,44 Silver Street,Cheltenham,3192,SOUTH-EASTERN VICTORIA,Bayside Peninsula,343,Kingston (C),Metro,145.068353,-37.965256,Kingston
Government,1,4755,Cranbourne South Primary School,Primary,O,239 Pearcedale Road,Cranbourne South,3977,SOUTH-EASTERN VICTORIA,Southern Melbourne,161,Casey (C),Metro,145.245062,-38.147944,Casey
Government,1,4761,Yarrunga Primary School,Primary,O,38 - 50 White Street,Wangaratta,3677,NORTH-EASTERN VICTORIA,Ovens Murray,670,Wangaratta (RC),Non Metro,146.317178,-36.37256,Wangaratta
Government,1,4762,Ballarat Specialist School,Special,O,25 Gillies Street North,Lake Gardens,3355,SOUTH-WESTERN VICTORIA,Central Highlands,57,Ballarat (C),Non Metro,143.8186955,-37.55244058,Ballarat
Government,1,4764,Preston North East Primary School,Primary,O,93 Tyler Street,East Preston,3072,NORTH-WESTERN VICTORIA,North Eastern Melbourne,189,Darebin (C),Metro,145.029455,-37.733052,Darebin
Government,1,4768,Nelson Park School,Special,O,Libau Avenue,Bell Park,3215,SOUTH-WESTERN VICTORIA,Barwon,275,Greater Geelong (C),Non Metro,144.337703,-38.114241,Greater Geelong
Government,1,4770,Craigieburn Primary School,Primary,O,87 - 91 Grand Boulevard,Craigieburn,3064,NORTH-WESTERN VICTORIA,Hume Merri-bek,327,Hume (C),Metro,144.933545,-37.582645,Hume
Government,1,4773,Warrnambool East Primary School,Primary,O,Ward Street,Warrnambool,3280,SOUTH-WESTERN VICTORIA,Wimmera South West,673,Warrnambool (C),Non Metro,142.499578,-38.389589,Warrnambool
Government,1,4775,Colac South West Primary School,Primary,O,238 Wilson Street,Colac,3250,SOUTH-WESTERN VICTORIA,Barwon,175,Colac-Otway (S),Non Metro,143.572026,-38.343634,Colac-Otway
Government,1,4777,George Street Primary School - Hamilton,Primary,O,32-48  George Street,Hamilton,3300,SOUTH-WESTERN VICTORIA,Wimmera South West,626,Southern Grampians (S),Non Metro,142.034401,-37.746616,Southern Grampians
Government,1,4778,Valkstone Primary School,Primary,O,44 Valkstone Street,Bentleigh East,3165,SOUTH-EASTERN VICTORIA,Bayside Peninsula,231,Glen Eira (C),Metro,145.057169,-37.914608,Glen Eira
Government,1,4780,Overport Primary School,Primary,O,Towerhill Road,Frankston,3199,SOUTH-EASTERN VICTORIA,Bayside Peninsula,217,Frankston (C),Metro,145.126972,-38.160488,Frankston
Government,1,4788,Wembley Primary School,Primary,O,32 St Leonards Ave,Yarraville,3013,SOUTH-WESTERN VICTORIA,Western Melbourne,433,Maribyrnong (C),Metro,144.874427,-37.821038,Maribyrnong
Government,1,4792,Rosamond Special School,Special,O,276 Ballarat Road,Braybrook,3019,SOUTH-WESTERN VICTORIA,Western Melbourne,433,Maribyrnong (C),Metro,144.8554086,-37.77963666,Maribyrnong
Government,1,4798,Bonbeach Primary School,Primary,O,29-63 Breeze Street,Bonbeach,3196,SOUTH-EASTERN VICTORIA,Bayside Peninsula,343,Kingston (C),Metro,145.125645,-38.066493,Kingston
Government,1,4802,Heatherhill Primary School,Primary,O,959 Heatherton Road,Springvale,3171,SOUTH-EASTERN VICTORIA,Southern Melbourne,267,Greater Dandenong (C),Metro,145.158148,-37.962648,Greater Dandenong
Government,1,4803,Beaumaris North Primary School,Primary,O,Wood Street,Beaumaris,3193,SOUTH-EASTERN VICTORIA,Bayside Peninsula,91,Bayside (C),Metro,145.036614,-37.974239,Bayside
Government,1,4804,Hamlyn Banks Primary School,Primary,O,2-24 Chaucer Street,Hamlyn Heights,3215,SOUTH-WESTERN VICTORIA,Barwon,275,Greater Geelong (C),Non Metro,144.3271,-38.11776,Greater Geelong
Government,1,4807,Yarraman Oaks Primary School,Primary,O,27 Liege Avenue,Noble Park,3174,SOUTH-EASTERN VICTORIA,Southern Melbourne,267,Greater Dandenong (C),Metro,145.191525,-37.970289,Greater Dandenong
Government,1,4808,Mount Pleasant Road Nunawading Primary School,Primary,O,105-107 Mt Pleasant Road,Nunawading,3131,NORTH-EASTERN VICTORIA,Inner Eastern Melbourne,698,Whitehorse (C),Metro,145.180091,-37.828587,Whitehorse
Government,1,4809,Glenroy West Primary School,Primary,O,40 Clovelly Avenue,Glenroy,3046,NORTH-WESTERN VICTORIA,Hume Merri-bek,525,Merri-bek (C),Metro,144.908293,-37.704957,Merri-bek
Government,1,4810,Dandenong South Primary School,Primary,O,52 Kirkham Road,Dandenong,3175,SOUTH-EASTERN VICTORIA,Southern Melbourne,267,Greater Dandenong (C),Metro,145.2114331,-37.99895163,Greater Dandenong
Government,1,4811,St Albans North Primary School,Primary,O,65 George Street,St Albans,3021,SOUTH-WESTERN VICTORIA,Brimbank Melton,118,Brimbank (C),Metro,144.80201,-37.731745,Brimbank
Government,1,4812,Avondale Primary School,Primary,O,24 Wood Street,Avondale Heights,3034,SOUTH-WESTERN VICTORIA,Western Melbourne,506,Moonee Valley (C),Metro,144.860851,-37.767841,Moonee Valley
Government,1,4813,Beverley Hills Primary School,Primary,O,2 - 14 Cassowary Street,Doncaster East,3109,NORTH-EASTERN VICTORIA,Inner Eastern Melbourne,421,Manningham (C),Metro,145.159841,-37.796243,Manningham
Government,1,4814,Wodonga West Primary School,Primary,O,Lawrence Street,Wodonga,3690,NORTH-EASTERN VICTORIA,Ovens Murray,717,Wodonga (C),Non Metro,146.876708,-36.122414,Wodonga
Government,1,4815,Frankston Heights Primary School,Primary,O,10 Kalmia Street,Frankston,3199,SOUTH-EASTERN VICTORIA,Bayside Peninsula,217,Frankston (C),Metro,145.147173,-38.161808,Frankston
Government,1,4816,Kerrimuir Primary School,Primary,O,178 Dorking Road,Box Hill North,3129,NORTH-EASTERN VICTORIA,Inner Eastern Melbourne,698,Whitehorse (C),Metro,145.135249,-37.803679,Whitehorse
Government,1,4819,Heathmont East Primary School,Primary,O,Louis Street,Heathmont,3135,NORTH-EASTERN VICTORIA,Outer Eastern Melbourne,441,Maroondah (C),Metro,145.257688,-37.830346,Maroondah
Government,1,4821,Strathmore North Primary School,Primary,O,Mascoma Street,Strathmore,3041,SOUTH-WESTERN VICTORIA,Western Melbourne,506,Moonee Valley (C),Metro,144.915976,-37.724863,Moonee Valley
Government,1,4823,Oakleigh South Primary School,Primary,O,Riley Street,Oakleigh South,3167,NORTH-EASTERN VICTORIA,Inner Eastern Melbourne,497,Monash (C),Metro,145.0947041,-37.92220601,Monash
Government,1,4827,Thomastown East Primary School,Primary,O,82 Cedar Street,Thomastown,3074,NORTH-WESTERN VICTORIA,North Eastern Melbourne,707,Whittlesea (C),Metro,145.024899,-37.680325,Whittlesea
Government,1,4832,Mount Waverley Heights Primary School,Primary,O,36 Solomon Street,Mount Waverley,3149,NORTH-EASTERN VICTORIA,Inner Eastern Melbourne,497,Monash (C),Metro,145.11127,-37.888919,Monash
Government,1,4837,East Bentleigh Primary School,Primary,O,90 Bignell Road,Bentleigh East,3165,SOUTH-EASTERN VICTORIA,Bayside Peninsula,231,Glen Eira (C),Metro,145.069424,-37.934506,Glen Eira
Government,1,4838,Watsonia Primary School,Primary,O,Nell Street West,Watsonia,3087,NORTH-WESTERN VICTORIA,North Eastern Melbourne,66,Banyule (C),Metro,145.086916,-37.707027,Banyule
Government,1,4843,Parktone Primary School,Primary,O,Robert Street,Parkdale,3195,SOUTH-EASTERN VICTORIA,Bayside Peninsula,343,Kingston (C),Metro,145.08824,-37.987109,Kingston
Government,1,4844,Antonio Park Primary School,Primary,O,631-639 Whitehorse Road,Mitcham,3132,NORTH-EASTERN VICTORIA,Inner Eastern Melbourne,698,Whitehorse (C),Metro,145.206002,-37.816188,Whitehorse
Government,1,4845,Kingsbury Primary School,Primary,O,1A Maryborough Avenue,Kingsbury,3083,NORTH-WESTERN VICTORIA,North Eastern Melbourne,189,Darebin (C),Metro,145.037204,-37.716025,Darebin
Government,1,4848,Ardeer Primary School,Primary,O,81 McLaughlin Street,Ardeer,3022,SOUTH-WESTERN VICTORIA,Brimbank Melton,118,Brimbank (C),Metro,144.800494,-37.781074,Brimbank
Government,1,4851,Westall Primary School,Primary,O,17 Fairbank Road,Clayton South,3169,SOUTH-EASTERN VICTORIA,Bayside Peninsula,343,Kingston (C),Metro,145.135744,-37.942188,Kingston
Government,1,4852,Tullamarine Primary School,Primary,O,37-39 Broadmeadows Road,Tullamarine,3043,NORTH-WESTERN VICTORIA,Hume Merri-bek,327,Hume (C),Metro,144.87957,-37.702204,Hume
Government,1,4853,Guthridge Primary School,Primary,O,Dawson Street,Sale,3850,SOUTH-EASTERN VICTORIA,Outer Gippsland,681,Wellington (S),Non Metro,147.083829,-38.095698,Wellington
Government,1,4854,Park Orchards Primary School,Primary,O,1-3 Bowmore Avenue,Park Orchards,3114,NORTH-EASTERN VICTORIA,Inner Eastern Melbourne,421,Manningham (C),Metro,145.215918,-37.779519,Manningham
Government,1,4855,Albion North Primary School,Primary,O,67-73 Furlong Road,Sunshine North,3020,SOUTH-WESTERN VICTORIA,Brimbank Melton,118,Brimbank (C),Metro,144.823039,-37.762121,Brimbank
Government,1,4860,Blackburn Lake Primary School,Primary,O,12 - 14 Florence Street,Blackburn,3130,NORTH-EASTERN VICTORIA,Inner Eastern Melbourne,698,Whitehorse (C),Metro,145.166097,-37.827601,Whitehorse
Government,1,4863,Laburnum Primary School,Primary,O,Janet Street,Blackburn,3130,NORTH-EASTERN VICTORIA,Inner Eastern Melbourne,698,Whitehorse (C),Metro,145.139208,-37.827098,Whitehorse
Government,1,4867,Rollins Primary School,Primary,O,50-76 Wolseley Grove,Bell Post Hill,3215,SOUTH-WESTERN VICTORIA,Barwon,275,Greater Geelong (C),Non Metro,144.326464,-38.10121,Greater Geelong
Government,1,4871,Heatherwood School,Special,O,370-380 Springvale Road,Donvale,3111,NORTH-EASTERN VICTORIA,Inner Eastern Melbourne,421,Manningham (C),Metro,145.1780362,-37.80033733,Manningham
Government,1,4873,Bellaire Primary School,Primary,O,59-71 Larcombe Street,Highton,3216,SOUTH-WESTERN VICTORIA,Barwon,275,Greater Geelong (C),Non Metro,144.319773,-38.179586,Greater Geelong
Government,1,4874,Pinewood Primary School,Primary,O,27-35 Pinewood Drive,Mount Waverley,3149,NORTH-EASTERN VICTORIA,Inner Eastern Melbourne,497,Monash (C),Metro,145.142339,-37.890118,Monash
Government,1,4875,Broadmeadows Primary School,Primary,O,62-70 Blair Street,Broadmeadows,3047,NORTH-WESTERN VICTORIA,Hume Merri-bek,327,Hume (C),Metro,144.928493,-37.680191,Hume
Government,1,4876,Moomba Park Primary School,Primary,O,111 Anderson Road,Fawkner,3060,NORTH-WESTERN VICTORIA,Hume Merri-bek,525,Merri-bek (C),Metro,144.967219,-37.69576,Merri-bek
Government,1,4877,Keilor Heights Primary School,Primary,O,Ronald Grove,Keilor East,3033,SOUTH-WESTERN VICTORIA,Western Melbourne,506,Moonee Valley (C),Metro,144.866495,-37.737516,Moonee Valley
Government,1,4879,Ainslie Parklands Primary School,Primary,O,24 - 36 Hinkley Ave,Croydon,3136,NORTH-EASTERN VICTORIA,Outer Eastern Melbourne,441,Maroondah (C),Metro,145.264244,-37.793786,Maroondah
Government,1,4881,Parkmore Primary School,Primary,O,38-54 Jolimont Road,Forest Hill,3131,NORTH-EASTERN VICTORIA,Inner Eastern Melbourne,698,Whitehorse (C),Metro,145.177183,-37.843844,Whitehorse
Government,1,4885,Lara Primary School,Primary,O,120 Flinders Avenue,Lara,3212,SOUTH-WESTERN VICTORIA,Barwon,275,Greater Geelong (C),Non Metro,144.410543,-38.015915,Greater Geelong
Government,1,4886,Mullum Primary School,Primary,O,18 Panfield Avenue,Ringwood,3134,NORTH-EASTERN VICTORIA,Outer Eastern Melbourne,441,Maroondah (C),Metro,145.239443,-37.797737,Maroondah
Government,1,4887,Cranbourne Park Primary School,Primary,O,1 Tucker Street,Cranbourne,3977,SOUTH-EASTERN VICTORIA,Southern Melbourne,161,Casey (C),Metro,145.277745,-38.104064,Casey
Government,1,4892,Viewbank Primary School,Primary,O,2-10 Nevin Parade,Viewbank,3084,NORTH-WESTERN VICTORIA,North Eastern Melbourne,66,Banyule (C),Metro,145.08999,-37.73473,Banyule
Government,1,4893,Greenhills Primary School,Primary,O,29 Mine Street,Greensborough,3088,NORTH-WESTERN VICTORIA,North Eastern Melbourne,66,Banyule (C),Metro,145.118648,-37.692278,Banyule
Government,1,4894,Upwey South Primary School,Primary,O,91 Morris Road,Upwey,3158,NORTH-EASTERN VICTORIA,Outer Eastern Melbourne,745,Yarra Ranges (S),Metro,145.3268393,-37.91313917,Yarra Ranges
Government,1,4895,Simpson Primary School,Primary,O,1 Cockayne Street,Simpson,3266,SOUTH-WESTERN VICTORIA,Wimmera South West,183,Corangamite (S),Non Metro,143.20788,-38.498615,Corangamite
Government,1,4897,Eltham East Primary School,Primary,O,16 Grove Street,Eltham,3095,NORTH-WESTERN VICTORIA,North Eastern Melbourne,571,Nillumbik (S),Metro,145.154861,-37.711432,Nillumbik
Government,1,4902,Belvedere Park Primary School,Primary,O,30 Belvedere Road,Seaford,3198,SOUTH-EASTERN VICTORIA,Bayside Peninsula,217,Frankston (C),Metro,145.146925,-38.109838,Frankston
Government,1,4903,Essex Heights Primary School,Primary,O,22 - 30 Essex Road,Mount Waverley,3149,NORTH-EASTERN VICTORIA,Inner Eastern Melbourne,497,Monash (C),Metro,145.115635,-37.862991,Monash
Government,1,4905,Mountain Gate Primary School,Primary,O,Adele Avenue,Ferntree Gully,3156,NORTH-EASTERN VICTORIA,Outer Eastern Melbourne,367,Knox (C),Metro,145.269706,-37.885691,Knox
Government,1,4906,Fairhills Primary School,Primary,O,Manuka Drive,Ferntree Gully,3156,NORTH-EASTERN VICTORIA,Outer Eastern Melbourne,367,Knox (C),Metro,145.264799,-37.8696,Knox
Government,1,4908,Dillbadin Primary School,Primary,O,25 Tormore Road,Boronia,3155,NORTH-EASTERN VICTORIA,Outer Eastern Melbourne,367,Knox (C),Metro,145.278481,-37.858563,Knox
Government,1,4910,Southmoor Primary School,Primary,O,Rica Street,Moorabbin,3189,SOUTH-EASTERN VICTORIA,Bayside Peninsula,343,Kingston (C),Metro,145.056969,-37.941178,Kingston
Government,1,4911,Ringwood Heights Primary School,Primary,O,60 Summit Crescent,Ringwood North,3134,NORTH-EASTERN VICTORIA,Outer Eastern Melbourne,441,Maroondah (C),Metro,145.217212,-37.804226,Maroondah
Government,1,4915,Glenroy Specialist School,Special,O,208 Hilton St,Glenroy,3046,NORTH-WESTERN VICTORIA,Hume Merri-bek,525,Merri-bek (C),Metro,144.9205292,-37.69935785,Merri-bek
Government,1,4916,Ruskin Park Primary School,Primary,O,18 - 20 Ruskin Ave,Croydon,3136,NORTH-EASTERN VICTORIA,Outer Eastern Melbourne,441,Maroondah (C),Metro,145.29616,-37.798944,Maroondah
Government,1,4918,Emerson School,Special,O,1430 Heatherton Road,Dandenong,3175,SOUTH-EASTERN VICTORIA,Southern Melbourne,267,Greater Dandenong (C),Metro,145.208098,-37.969865,Greater Dandenong
Government,1,4919,Fyans Park Primary School,Primary,O,37 Cook Street,Newtown,3220,SOUTH-WESTERN VICTORIA,Barwon,275,Greater Geelong (C),Non Metro,144.326861,-38.153799,Greater Geelong
Government,1,4922,Karingal Primary School,Primary,O,Mallum Avenue,Frankston,3199,SOUTH-EASTERN VICTORIA,Bayside Peninsula,217,Frankston (C),Metro,145.152277,-38.137924,Frankston
Government,1,4923,Mount View Primary School,Primary,O,274-288 Gallaghers Rd,Glen Waverley,3150,NORTH-EASTERN VICTORIA,Inner Eastern Melbourne,497,Monash (C),Metro,145.178805,-37.883485,Monash
Government,1,4924,Syndal South Primary School,Primary,O,14 Montgomery Avenue,Mount Waverley,3149,NORTH-EASTERN VICTORIA,Inner Eastern Melbourne,497,Monash (C),Metro,145.143301,-37.879086,Monash
Government,1,4925,Montmorency South Primary School,Primary,O,64 Buena Vista Drive,Montmorency,3094,NORTH-WESTERN VICTORIA,North Eastern Melbourne,66,Banyule (C),Metro,145.129665,-37.724927,Banyule
Government,1,4931,Altona North Primary School,Primary,O,51 Cresser Street,Altona North,3025,SOUTH-WESTERN VICTORIA,Western Melbourne,311,Hobsons Bay (C),Metro,144.849169,-37.836977,Hobsons Bay
Government,1,4932,Burwood Heights Primary School,Primary,O,Cnr Hawthorn & Mahoneys Rds,Burwood East,3151,NORTH-EASTERN VICTORIA,Inner Eastern Melbourne,698,Whitehorse (C),Metro,145.163275,-37.846754,Whitehorse
Government,1,4934,Stawell West Primary School,Primary,O,80-88 Cooper Street,Stawell,3380,SOUTH-WESTERN VICTORIA,Wimmera South West,581,Northern Grampians (S),Non Metro,142.771294,-37.065765,Northern Grampians
Government,1,4935,Watsonia Heights Primary School,Primary,O,61 Henry Street,Greensborough,3088,NORTH-WESTERN VICTORIA,North Eastern Melbourne,66,Banyule (C),Metro,145.100728,-37.715299,Banyule
Government,1,4936,Forest Street Primary School,Primary,O,Cnr Forest & Hancock Streets,Wendouree,3355,SOUTH-WESTERN VICTORIA,Central Highlands,57,Ballarat (C),Non Metro,143.835429,-37.523192,Ballarat
Government,1,4937,Pembroke Primary School,Primary,O,25 Pembroke Road,Mooroolbark,3138,NORTH-EASTERN VICTORIA,Outer Eastern Melbourne,745,Yarra Ranges (S),Metro,145.327244,-37.796796,Yarra Ranges
Government,1,4939,Mahogany Rise Primary School,Primary,O,23 Jenkens Street,Frankston North,3200,SOUTH-EASTERN VICTORIA,Bayside Peninsula,217,Frankston (C),Metro,145.157399,-38.125617,Frankston
Government,1,4943,Wilmot Road Primary School Shepparton,Primary,O,84-90 Wilmot Road,Shepparton,3630,NORTH-EASTERN VICTORIA,Goulburn,283,Greater Shepparton (C),Non Metro,145.405898,-36.398498,Greater Shepparton
Government,1,4944,Bundoora Primary School,Primary,O,6 Bendoran Crescent,Bundoora,3083,NORTH-WESTERN VICTORIA,North Eastern Melbourne,66,Banyule (C),Metro,145.062989,-37.707339,Banyule
Government,1,4945,University Park Primary School,Primary,O,20 Lister Street,St Albans,3021,SOUTH-WESTERN VICTORIA,Brimbank Melton,118,Brimbank (C),Metro,144.80307,-37.754886,Brimbank
Government,1,4948,St Albans Heights Primary School,Primary,O,Norwich Street,St Albans,3021,SOUTH-WESTERN VICTORIA,Brimbank Melton,118,Brimbank (C),Metro,144.810368,-37.748654,Brimbank
Government,1,4949,Kerang South Primary School,Primary,O,1 Mitchell Street,Kerang,3579,NORTH-WESTERN VICTORIA,Mallee,225,Gannawarra (S),Non Metro,143.927155,-35.741229,Gannawarra
Government,1,4950,Hume Valley School,Special,O,15- 41 Koroit Avenue,Broadmeadows,3047,NORTH-WESTERN VICTORIA,Hume Merri-bek,327,Hume (C),Metro,144.927013,-37.672396,Hume
Government,1,4955,Mentone Park Primary School,Primary,O,Broome Avenue,Mentone,3194,SOUTH-EASTERN VICTORIA,Bayside Peninsula,343,Kingston (C),Metro,145.082797,-37.98001,Kingston
Government,1,4961,Donvale Primary School,Primary,O,Elata Street,Donvale,3111,NORTH-EASTERN VICTORIA,Inner Eastern Melbourne,421,Manningham (C),Metro,145.173778,-37.800414,Manningham
Government,1,4962,Bell Park North Primary School,Primary,O,16-26 Barton Street,Bell Park,3215,SOUTH-WESTERN VICTORIA,Barwon,275,Greater Geelong (C),Non Metro,144.336022,-38.105894,Greater Geelong
Government,1,4967,Boronia Heights Primary School,Primary,O,72 Landscape Drive,Boronia,3155,NORTH-EASTERN VICTORIA,Outer Eastern Melbourne,367,Knox (C),Metro,145.296485,-37.844571,Knox
Government,1,4968,Glenallen School,Special,O,7 Allen Street,Glen Waverley,3150,NORTH-EASTERN VICTORIA,Inner Eastern Melbourne,497,Monash (C),Metro,145.1617465,-37.8883595,Monash
Government,1,4970,Churchill Primary School,Primary,O,1-15 Coleman Parade,Churchill,3842,SOUTH-EASTERN VICTORIA,Inner Gippsland,381,Latrobe (C),Non Metro,146.415424,-38.311104,Latrobe
Government,1,4972,Montpellier Primary School,Primary,O,21-31 Lambhill Crescent,Highton,3216,SOUTH-WESTERN VICTORIA,Barwon,275,Greater Geelong (C),Non Metro,144.316119,-38.166268,Greater Geelong
Government,1,4973,Bayswater South Primary School,Primary,O,Enfield Drive,Bayswater,3153,NORTH-EASTERN VICTORIA,Outer Eastern Melbourne,367,Knox (C),Metro,145.261347,-37.854897,Knox
Government,1,4974,Seaford North Primary School,Primary,O,81 Hallifax Street,Seaford,3198,SOUTH-EASTERN VICTORIA,Bayside Peninsula,217,Frankston (C),Metro,145.133607,-38.09016,Frankston
Government,1,4975,Morwell Park Primary School,Primary,O,76 - 82 Vary Street,Morwell,3840,SOUTH-EASTERN VICTORIA,Inner Gippsland,381,Latrobe (C),Non Metro,146.42446,-38.227932,Latrobe
Government,1,4976,Lalor East Primary School,Primary,O,39 Cleveland Street,Thomastown,3074,NORTH-WESTERN VICTORIA,North Eastern Melbourne,707,Whittlesea (C),Metro,145.035535,-37.67658,Whittlesea
Government,1,4979,Jackson School,Special,O,40-46 Mulhall Drive,St Albans,3021,SOUTH-WESTERN VICTORIA,Brimbank Melton,118,Brimbank (C),Metro,144.814184,-37.756022,Brimbank
Government,1,4980,Carlton Primary School,Primary,O,150 Palmerston Street,Carlton,3053,SOUTH-WESTERN VICTORIA,Western Melbourne,460,Melbourne (C),Metro,144.97045,-37.795602,Melbourne
Government,1,4983,Wangala Primary School,Primary,O,45a Kidman Avenue,Belmont,3216,SOUTH-WESTERN VICTORIA,Barwon,275,Greater Geelong (C),Non Metro,144.339856,-38.185711,Greater Geelong
Government,1,4985,Templestowe Valley Primary School,Primary,O,15 Birchwood Avenue,Lower Templestowe,3107,NORTH-EASTERN VICTORIA,Inner Eastern Melbourne,421,Manningham (C),Metro,145.10938,-37.760611,Manningham
Government,1,4986,Highvale Primary School,Primary,O,33 Ashton Street,Glen Waverley,3150,NORTH-EASTERN VICTORIA,Inner Eastern Melbourne,497,Monash (C),Metro,145.174068,-37.867021,Monash
Government,1,4988,Watsonia North Primary School,Primary,O,16 Sharpes Road,Watsonia North,3087,NORTH-WESTERN VICTORIA,North Eastern Melbourne,66,Banyule (C),Metro,145.080509,-37.700395,Banyule
Government,1,4989,Wooranna Park Primary School,Primary,O,89-105 Carlton Road,Dandenong,3175,SOUTH-EASTERN VICTORIA,Southern Melbourne,267,Greater Dandenong (C),Metro,145.216358,-37.960245,Greater Dandenong
Government,1,4990,Knox Park Primary School,Primary,O,117 Kathryn Road,Knoxfield,3180,NORTH-EASTERN VICTORIA,Outer Eastern Melbourne,367,Knox (C),Metro,145.251402,-37.883627,Knox
Government,1,4991,Birralee Primary School,Primary,O,Heyington Avenue,Doncaster,3108,NORTH-EASTERN VICTORIA,Inner Eastern Melbourne,421,Manningham (C),Metro,145.113348,-37.793418,Manningham
Government,1,4995,Ararat North Primary School,Primary,O,66 Blake Street,Ararat,3377,SOUTH-WESTERN VICTORIA,Central Highlands,26,Ararat (RC),Non Metro,142.940052,-37.274648,Ararat
Government,1,4996,Derinya Primary School,Primary,O,Overport Road,Frankston South,3199,SOUTH-EASTERN VICTORIA,Bayside Peninsula,217,Frankston (C),Metro,145.120945,-38.174436,Frankston
Government,1,4999,Thomastown West Primary School,Primary,O,98-112 Main Street,Thomastown,3074,NORTH-WESTERN VICTORIA,North Eastern Melbourne,707,Whittlesea (C),Metro,145.0007873,-37.67870395,Whittlesea
Government,1,5000,Rowville Primary School,Primary,O,11 Paratea Drive,Rowville,3178,NORTH-EASTERN VICTORIA,Outer Eastern Melbourne,367,Knox (C),Metro,145.237108,-37.922924,Knox
Government,1,5002,Mossfiel Primary School,Primary,O,15a Langridge Street,Hoppers Crossing,3029,SOUTH-WESTERN VICTORIA,Western Melbourne,726,Wyndham (C),Metro,144.696117,-37.872881,Wyndham
Government,1,5004,Templestowe Heights Primary School,Primary,O,276-300 High Street,Templestowe Lower,3107,NORTH-EASTERN VICTORIA,Inner Eastern Melbourne,421,Manningham (C),Metro,145.119353,-37.767214,Manningham
Government,1,5005,Ballam Park Primary School,Primary,O,61 Belar Avenue,Frankston,3199,SOUTH-EASTERN VICTORIA,Bayside Peninsula,217,Frankston (C),Metro,145.158282,-38.147457,Frankston
Government,1,5006,Sunbury West Primary School,Primary,O,55 Cornish Street,Sunbury,3429,NORTH-WESTERN VICTORIA,Hume Merri-bek,327,Hume (C),Metro,144.712922,-37.574799,Hume
Government,1,5007,Gladstone Park Primary School,Primary,O,15 - 25 South Circular Road,Gladstone Park,3043,NORTH-WESTERN VICTORIA,Hume Merri-bek,327,Hume (C),Metro,144.886579,-37.687146,Hume
Government,1,5009,Manchester Primary School,Primary,O,Monomeith Street,Mooroolbark,3138,NORTH-EASTERN VICTORIA,Outer Eastern Melbourne,745,Yarra Ranges (S),Metro,145.309555,-37.772127,Yarra Ranges
Government,1,5010,Glendal Primary School,Primary,O,55 Nottingham Street,Glen Waverley,3150,NORTH-EASTERN VICTORIA,Inner Eastern Melbourne,497,Monash (C),Metro,145.159037,-37.867082,Monash
Government,1,5011,Bimbadeen Heights Primary School,Primary,O,118 Hayrick Lane,Mooroolbark,3138,NORTH-EASTERN VICTORIA,Outer Eastern Melbourne,745,Yarra Ranges (S),Metro,145.3211445,-37.77376388,Yarra Ranges
Government,1,5012,Wattle View Primary School,Primary,O,Wattletree Road,Ferntree Gully,3156,NORTH-EASTERN VICTORIA,Outer Eastern Melbourne,367,Knox (C),Metro,145.278016,-37.875825,Knox
Government,1,5013,Sherbourne Primary School,Primary,O,17 Outlook Crescent,Briar Hill,3088,NORTH-WESTERN VICTORIA,North Eastern Melbourne,66,Banyule (C),Metro,145.130077,-37.708908,Banyule
Government,1,5019,Donburn Primary School,Primary,O,22a Colchester Drive,Doncaster East,3109,NORTH-EASTERN VICTORIA,Inner Eastern Melbourne,421,Manningham (C),Metro,145.165525,-37.787456,Manningham
Government,1,5020,Guthrie Street Primary School Shepparton,Primary,O,33-69 Guthrie Street,Shepparton,3630,NORTH-EASTERN VICTORIA,Goulburn,283,Greater Shepparton (C),Non Metro,145.390967,-36.398497,Greater Shepparton
Government,1,5021,Araluen Primary School,Primary,O,Patten Street,Sale,3850,SOUTH-EASTERN VICTORIA,Outer Gippsland,681,Wellington (S),Non Metro,147.089065,-38.108052,Wellington
Government,1,5025,Vermont South Special School,Special,O,22-30 Livingstone Road,Vermont South,3133,NORTH-EASTERN VICTORIA,Inner Eastern Melbourne,698,Whitehorse (C),Metro,145.180596,-37.85114,Whitehorse
Government,1,5027,Concord School,Special,O,411 Grimshaw Street,Bundoora,3083,NORTH-WESTERN VICTORIA,North Eastern Melbourne,66,Banyule (C),Metro,145.075008,-37.701999,Banyule
Government,1,5032,Deer Park West Primary School,Primary,O,Quinn Street,Deer Park,3023,SOUTH-WESTERN VICTORIA,Brimbank Melton,118,Brimbank (C),Metro,144.764437,-37.772,Brimbank
Government,1,5034,Campbellfield Heights Primary School,Primary,O,1-13 Laurel Crescent,Campbellfield,3061,NORTH-WESTERN VICTORIA,Hume Merri-bek,327,Hume (C),Metro,144.96587,-37.674326,Hume
Government,1,5035,Lalor North Primary School,Primary,O,2 Derna Crescent,Lalor,3075,NORTH-WESTERN VICTORIA,North Eastern Melbourne,707,Whittlesea (C),Metro,145.0285352,-37.66415051,Whittlesea
Government,1,5036,Melton West Primary School,Primary,O,2 Rathdowne Circuit,Melton West,3337,SOUTH-WESTERN VICTORIA,Brimbank Melton,465,Melton (C),Metro,144.567489,-37.677483,Melton
Government,1,5037,Diamond Creek East Primary School,Primary,O,129-163 Main Hurstbridge Road,Diamond Creek,3089,NORTH-WESTERN VICTORIA,North Eastern Melbourne,571,Nillumbik (S),Metro,145.165596,-37.674193,Nillumbik
Government,1,5038,Brandon Park Primary School,Primary,O,1-5 Ninevah Crescent,Wheelers Hill,3150,NORTH-EASTERN VICTORIA,Inner Eastern Melbourne,497,Monash (C),Metro,145.173248,-37.914319,Monash
Government,1,5039,Bayswater West Primary School,Primary,O,Phyllis Street,Bayswater,3153,NORTH-EASTERN VICTORIA,Outer Eastern Melbourne,367,Knox (C),Metro,145.253048,-37.849069,Knox
Government,1,5040,Mornington Park Primary School,Primary,O,40 Robertson Drive,Mornington,3931,SOUTH-EASTERN VICTORIA,Bayside Peninsula,534,Mornington Peninsula (S),Metro,145.058751,-38.226026,Mornington Peninsula
Government,1,5042,Wodonga South Primary School,Primary,O,15 Cartwright Street,Wodonga,3690,NORTH-EASTERN VICTORIA,Ovens Murray,717,Wodonga (C),Non Metro,146.893995,-36.139617,Wodonga
Government,1,5043,Aldercourt Primary School,Primary,O,14B Silver Avenue,Frankston North,3200,SOUTH-EASTERN VICTORIA,Bayside Peninsula,217,Frankston (C),Metro,145.161618,-38.116618,Frankston
Government,1,5044,Richmond West Primary School,Primary,O,25 Lennox Street,Richmond,3121,NORTH-WESTERN VICTORIA,North Eastern Melbourne,735,Yarra (C),Metro,144.995735,-37.813626,Yarra
Government,1,5045,Marlborough Primary School,Primary,O,Hardy Crescent,Heathmont,3135,NORTH-EASTERN VICTORIA,Outer Eastern Melbourne,441,Maroondah (C),Metro,145.232942,-37.836412,Maroondah
Government,1,5047,Stevensville Primary School,Primary,O,52 Kings Road,St Albans,3021,SOUTH-WESTERN VICTORIA,Brimbank Melton,118,Brimbank (C),Metro,144.781207,-37.736097,Brimbank
Government,1,5048,Birmingham Primary School,Primary,O,43-49 Francis Crescent,Mount Evelyn,3796,NORTH-EASTERN VICTORIA,Outer Eastern Melbourne,745,Yarra Ranges (S),Metro,145.3685172,-37.77958096,Yarra Ranges
Government,1,5049,Woodville Primary School,Primary,O,33-57 Warringa Crescent,Hoppers Crossing,3029,SOUTH-WESTERN VICTORIA,Western Melbourne,726,Wyndham (C),Metro,144.69123,-37.883771,Wyndham
Government,1,5050,Glengala Primary School,Primary,O,1-23 Kermeen Street,Sunshine West,3020,SOUTH-WESTERN VICTORIA,Brimbank Melton,118,Brimbank (C),Metro,144.814068,-37.798987,Brimbank
Government,1,5053,Karingal Heights Primary School,Primary,O,12 Havana Crescent,Frankston,3199,SOUTH-EASTERN VICTORIA,Bayside Peninsula,217,Frankston (C),Metro,145.166813,-38.141476,Frankston
Government,1,5055,Wallarano Primary School,Primary,O,38-64 Wallarano Drive,Noble Park,3174,SOUTH-EASTERN VICTORIA,Southern Melbourne,267,Greater Dandenong (C),Metro,145.170823,-37.979621,Greater Dandenong
Government,1,5057,Victoria Road Primary School,Primary,O,44 Victoria Road,Lilydale,3140,NORTH-EASTERN VICTORIA,Outer Eastern Melbourne,745,Yarra Ranges (S),Metro,145.336107,-37.755181,Yarra Ranges
Government,1,5059,Mooroolbark East Primary School,Primary,O,106-112 Taylor Road,Mooroolbark,3138,NORTH-EASTERN VICTORIA,Outer Eastern Melbourne,745,Yarra Ranges (S),Metro,145.335705,-37.78680042,Yarra Ranges
Government,1,5064,Ardeer South Primary School,Primary,O,59-75 Murray Street,Sunshine West,3020,SOUTH-WESTERN VICTORIA,Brimbank Melton,118,Brimbank (C),Metro,144.798996,-37.788396,Brimbank
Government,1,5066,Gladesville Primary School,Primary,O,48 Gladesville Drive,Kilsyth,3137,NORTH-EASTERN VICTORIA,Outer Eastern Melbourne,745,Yarra Ranges (S),Metro,145.3229128,-37.811101,Yarra Ranges
Government,1,5067,Falls Creek Primary School,Primary,O,15 Slalom Street,Falls Creek,3699,NORTH-EASTERN VICTORIA,Ovens Murray,939,Unincorporated Vic,Unknown,147.2797609,-36.86431196,Unincorporated Vic
Government,1,5068,Debney Meadows Primary School,Primary,O,100 Victoria Street,Flemington,3031,SOUTH-WESTERN VICTORIA,Western Melbourne,506,Moonee Valley (C),Metro,144.935148,-37.785985,Moonee Valley
Government,1,5072,Fountain Gate Primary School,Primary,O,7-21 Prospect Hill Road,Narre Warren,3805,SOUTH-EASTERN VICTORIA,Southern Melbourne,161,Casey (C),Metro,145.2951998,-38.0094246,Casey
Government,1,5075,Tinternvale Primary School,Primary,O,Tintern Avenue,Ringwood East,3135,NORTH-EASTERN VICTORIA,Outer Eastern Melbourne,441,Maroondah (C),Metro,145.265345,-37.818406,Maroondah
Government,1,5076,Grovedale West Primary School,Primary,O,85 Heyers Road,Grovedale,3216,SOUTH-WESTERN VICTORIA,Barwon,275,Greater Geelong (C),Non Metro,144.328948,-38.208278,Greater Geelong
Government,1,5079,Baringa Special School,Special,O,47 Staff Street,Moe,3825,SOUTH-EASTERN VICTORIA,Inner Gippsland,381,Latrobe (C),Non Metro,146.2572,-38.191745,Latrobe
Government,1,5080,Naranga School,Special,O,14 Naranga Crescent,Frankston,3199,SOUTH-EASTERN VICTORIA,Bayside Peninsula,217,Frankston (C),Metro,145.163005,-38.147158,Frankston
Government,1,5082,Kent Park Primary School,Primary,O,17 Greenaway Drive,Ferntree Gully,3156,NORTH-EASTERN VICTORIA,Outer Eastern Melbourne,367,Knox (C),Metro,145.262733,-37.883491,Knox
Government,1,5084,Deer Park North Primary School,Primary,O,18-36 Mawson Avenue,Deer Park,3023,SOUTH-WESTERN VICTORIA,Brimbank Melton,118,Brimbank (C),Metro,144.774029,-37.756135,Brimbank
Government,1,5087,Rosewood Downs Primary School,Primary,O,25 Murray Road,Dandenong North,3175,SOUTH-EASTERN VICTORIA,Southern Melbourne,267,Greater Dandenong (C),Metro,145.213459,-37.944112,Greater Dandenong
Government,1,5088,Mooroopna Park Primary School,Primary,O,45 MacIsaac Road,Mooroopna,3629,NORTH-EASTERN VICTORIA,Goulburn,283,Greater Shepparton (C),Non Metro,145.34594,-36.380103,Greater Shepparton
Government,1,5090,Coburn Primary School,Primary,O,26-42 Richard Road,Melton South,3338,SOUTH-WESTERN VICTORIA,Brimbank Melton,465,Melton (C),Metro,144.572662,-37.694868,Melton
Government,1,5091,Manorvale Primary School,Primary,O,232-246 Greaves St North,Werribee,3030,SOUTH-WESTERN VICTORIA,Western Melbourne,726,Wyndham (C),Metro,144.643892,-37.89406,Wyndham
Government,1,5093,Gladstone Views Primary School,Primary,O,195 - 227 Carrick Drive,Gladstone Park,3043,NORTH-WESTERN VICTORIA,Hume Merri-bek,327,Hume (C),Metro,144.89837,-37.68901,Hume
Government,1,5094,Wheelers Hill Primary School,Primary,O,134-148 Whites Lane,Wheelers Hill,3150,NORTH-EASTERN VICTORIA,Inner Eastern Melbourne,497,Monash (C),Metro,145.177594,-37.90017,Monash
Government,1,5097,Ashwood School,Special,O,Montpellier Road,Ashwood,3147,NORTH-EASTERN VICTORIA,Inner Eastern Melbourne,497,Monash (C),Metro,145.107162,-37.859665,Monash
Government,1,5098,Broadmeadows Valley Primary School,Primary,O,Dimboola Road,Broadmeadows,3047,NORTH-WESTERN VICTORIA,Hume Merri-bek,327,Hume (C),Metro,144.914095,-37.681404,Hume
Government,1,5099,Bulleen Heights School,Special,O,49-61 Pleasant Road,Bulleen,3105,NORTH-EASTERN VICTORIA,Inner Eastern Melbourne,421,Manningham (C),Metro,145.09506,-37.763285,Manningham
Government,1,5101,Kingston Heath Primary School,Primary,O,25 Farm Road,Cheltenham,3192,SOUTH-EASTERN VICTORIA,Bayside Peninsula,343,Kingston (C),Metro,145.07907,-37.962778,Kingston
Government,1,5104,Andersons Creek Primary School,Primary,O,36-42 Drysdale Road,Warrandyte,3113,NORTH-EASTERN VICTORIA,Inner Eastern Melbourne,421,Manningham (C),Metro,145.20768,-37.74822,Manningham
Government,1,5105,Waverley Meadows Primary School,Primary,O,11-27 Columbia Drive,Wheelers Hill,3150,NORTH-EASTERN VICTORIA,Inner Eastern Melbourne,497,Monash (C),Metro,145.184278,-37.914752,Monash
Government,1,5106,Kingswood Primary School,Primary,O,1-25 Plaza Crescent,Dingley Village,3172,SOUTH-EASTERN VICTORIA,Bayside Peninsula,343,Kingston (C),Metro,145.123796,-37.982996,Kingston
Government,1,5109,Ascot Vale Heights School,Special,O,1 Tasma Street,Ascot Vale,3032,SOUTH-WESTERN VICTORIA,Western Melbourne,506,Moonee Valley (C),Metro,144.932355,-37.776821,Moonee Valley
Government,1,5111,Camelot Rise Primary School,Primary,O,Galahad Crescent,Glen Waverley,3150,NORTH-EASTERN VICTORIA,Inner Eastern Melbourne,497,Monash (C),Metro,145.187775,-37.865278,Monash
Government,1,5113,Livingstone Primary School,Primary,O,25 - 29 Livingstone Road,Vermont South,3133,NORTH-EASTERN VICTORIA,Inner Eastern Melbourne,698,Whitehorse (C),Metro,145.18067,-37.85289,Whitehorse
Government,1,5117,Churchill North Primary School,Primary,O,Blackwood Crescent,Churchill,3842,SOUTH-EASTERN VICTORIA,Inner Gippsland,381,Latrobe (C),Non Metro,146.416953,-38.304642,Latrobe
Government,1,5118,St Albans Meadows Primary School,Primary,O,2A Laurel Street,St Albans,3021,SOUTH-WESTERN VICTORIA,Brimbank Melton,118,Brimbank (C),Metro,144.817775,-37.753367,Brimbank
Government,1,5120,Silverton Primary School,Primary,O,77-123 Jacksons Road,Noble Park North,3174,SOUTH-EASTERN VICTORIA,Southern Melbourne,267,Greater Dandenong (C),Metro,145.192882,-37.949229,Greater Dandenong
Government,1,5121,Kalinda Primary School,Primary,O,39-49 Kalinda Road,Ringwood,3134,NORTH-EASTERN VICTORIA,Outer Eastern Melbourne,441,Maroondah (C),Metro,145.254827,-37.7893,Maroondah
Government,1,5123,Whittington Primary School,Primary,O,1-11 Worden Court,Whittington,3219,SOUTH-WESTERN VICTORIA,Barwon,275,Greater Geelong (C),Non Metro,144.395007,-38.17815,Greater Geelong
Government,1,5127,Coldstream Primary School,Primary,O,Kelso Street,Coldstream,3770,NORTH-EASTERN VICTORIA,Outer Eastern Melbourne,745,Yarra Ranges (S),Metro,145.3827071,-37.73255846,Yarra Ranges
Government,1,5129,Templestowe Park Primary School,Primary,O,399-409 Church Road,Templestowe,3106,NORTH-EASTERN VICTORIA,Inner Eastern Melbourne,421,Manningham (C),Metro,145.143259,-37.756273,Manningham
Government,1,5130,River Gum Primary School,Primary,O,63 Fordholm Road,Hampton Park,3976,SOUTH-EASTERN VICTORIA,Southern Melbourne,161,Casey (C),Metro,145.260507,-38.034654,Casey
Government,1,5131,Regency Park Primary School,Primary,O,50 Amesbury Avenue,Wantirna,3152,NORTH-EASTERN VICTORIA,Outer Eastern Melbourne,367,Knox (C),Metro,145.236165,-37.854873,Knox
Government,1,5132,Dorset Primary School,Primary,O,1-11 Rescorla Avenue,Croydon,3136,NORTH-EASTERN VICTORIA,Outer Eastern Melbourne,441,Maroondah (C),Metro,145.285748,-37.810084,Maroondah
Government,1,5133,Eastbourne Primary School,Primary,O,Allambi Avenue,Capel Sound,3940,SOUTH-EASTERN VICTORIA,Bayside Peninsula,534,Mornington Peninsula (S),Metro,144.8835,-38.373764,Mornington Peninsula
Government,1,5134,Thomastown Meadows Primary School,Primary,O,13-21 Diplomat Drive,Thomastown,3074,NORTH-WESTERN VICTORIA,North Eastern Melbourne,707,Whittlesea (C),Metro,144.993096,-37.682589,Whittlesea
Government,1,5135,Kingsley Park Primary School,Primary,O,Franciscan Avenue,Frankston,3199,SOUTH-EASTERN VICTORIA,Bayside Peninsula,217,Frankston (C),Metro,145.155704,-38.16808,Frankston
Government,1,5136,James Cook Primary School,Primary,O,29-59 James Cook Drive,Endeavour Hills,3802,SOUTH-EASTERN VICTORIA,Southern Melbourne,161,Casey (C),Metro,145.245853,-37.979065,Casey
Government,1,5139,Movelle Primary School,Primary,O,39 Gum Road,KINGS PARK,3021,SOUTH-WESTERN VICTORIA,Brimbank Melton,118,Brimbank (C),Metro,144.775361,-37.737711,Brimbank
Government,1,5140,Mount Eliza North Primary School,Primary,O,6 Moseley Drive,Mount Eliza,3930,SOUTH-EASTERN VICTORIA,Bayside Peninsula,534,Mornington Peninsula (S),Metro,145.10054,-38.188401,Mornington Peninsula
Government,1,5141,Melrose Primary School,Primary,O,25 Silva Drive,West Wodonga,3690,NORTH-EASTERN VICTORIA,Ovens Murray,717,Wodonga (C),Non Metro,146.861418,-36.130505,Wodonga
Government,1,5142,Yarrabah School,Special,O,23 Mill Street,Aspendale,3195,SOUTH-EASTERN VICTORIA,Bayside Peninsula,343,Kingston (C),Metro,145.096687,-38.013994,Kingston
Government,1,5143,Frankston Special Developmental School,Special,O,Sassafras Drive,Frankston,3199,SOUTH-EASTERN VICTORIA,Bayside Peninsula,217,Frankston (C),Metro,145.170197,-38.143298,Frankston
Government,1,5144,Waratah Special Developmental School,Special,O,228 Banksia Street,Bellfield,3081,NORTH-WESTERN VICTORIA,North Eastern Melbourne,66,Banyule (C),Metro,145.040741,-37.756289,Banyule
Government,1,5145,Port Phillip Specialist School,Special,O,Cnr Nott & Pool Streets,Port Melbourne,3207,SOUTH-EASTERN VICTORIA,Bayside Peninsula,590,Port Phillip (C),Metro,144.9419729,-37.83678831,Port Phillip
Government,1,5147,Cobram and District Specialist School,Special,O,4-8 Hume Street,Cobram,3644,NORTH-EASTERN VICTORIA,Goulburn,490,Moira (S),Non Metro,145.651577,-35.925817,Moira
Government,1,5151,Monash Special Developmental School,Special,O,15-25 Academy Avenue,Wheelers Hill,3150,NORTH-EASTERN VICTORIA,Inner Eastern Melbourne,497,Monash (C),Metro,145.1657962,-37.9069788,Monash
Government,1,5152,Iramoo Primary School,Primary,O,261 - 269 Mcgrath Road,Wyndham Vale,3024,SOUTH-WESTERN VICTORIA,Western Melbourne,726,Wyndham (C),Metro,144.628567,-37.895871,Wyndham
Government,1,5153,Banmira Specialist School,Special,O,2 Verney Road,Shepparton,3630,NORTH-EASTERN VICTORIA,Goulburn,283,Greater Shepparton (C),Non Metro,145.415292,-36.367444,Greater Shepparton
Government,1,5157,Weeden Heights Primary School,Primary,O,41-51 Weeden Drive,Vermont South,3133,NORTH-EASTERN VICTORIA,Inner Eastern Melbourne,698,Whitehorse (C),Metro,145.177637,-37.85916,Whitehorse
Government,1,5160,Mill Park Primary School,Primary,O,2-10 Blamey Avenue,Mill Park,3082,NORTH-WESTERN VICTORIA,North Eastern Melbourne,707,Whittlesea (C),Metro,145.0658816,-37.6746058,Whittlesea
Government,1,5161,Diamond Valley Special Developmental School,Special,O,14-24 Brentwick Drive,Greensborough,3088,NORTH-WESTERN VICTORIA,North Eastern Melbourne,571,Nillumbik (S),Metro,145.1116531,-37.68675447,Nillumbik
Government,1,5162,Melton Specialist School,Special,O,159-211 Coburns Road,Melton,3337,SOUTH-WESTERN VICTORIA,Brimbank Melton,465,Melton (C),Metro,144.56822,-37.68057,Melton
Government,1,5164,Springvale Park Special Developmental School,Special,O,13-15 Sandown Road,Springvale,3171,SOUTH-EASTERN VICTORIA,Southern Melbourne,267,Greater Dandenong (C),Metro,145.1543122,-37.94935521,Greater Dandenong
Government,1,5165,Warringa Park School,Special,O,81-85 Warringa Crescent,Hoppers Crossing,3029,SOUTH-WESTERN VICTORIA,Western Melbourne,726,Wyndham (C),Metro,144.687587,-37.884042,Wyndham
Government,1,5168,Serpell Primary School,Primary,O,Tuckers Road,Templestowe,3106,NORTH-EASTERN VICTORIA,Inner Eastern Melbourne,421,Manningham (C),Metro,145.155574,-37.769901,Manningham
Government,1,5171,Mount Martha Primary School,Primary,O,37 - 55 Glenisla Drive,Mount Martha,3934,SOUTH-EASTERN VICTORIA,Bayside Peninsula,534,Mornington Peninsula (S),Metro,145.01373,-38.275563,Mornington Peninsula
Government,1,5172,Altona Meadows Primary School,Primary,O,78-88 Alma Avenue,Altona Meadows,3028,SOUTH-WESTERN VICTORIA,Western Melbourne,311,Hobsons Bay (C),Metro,144.779729,-37.868687,Hobsons Bay
Government,1,5173,The Patch Primary School,Primary,O,53 Kallista-Emerald Road,The Patch,3792,NORTH-EASTERN VICTORIA,Outer Eastern Melbourne,745,Yarra Ranges (S),Metro,145.392841,-37.892418,Yarra Ranges
Government,1,5175,Sale and District Specialist School,Special,O,333 Princes Highway,Sale,3850,SOUTH-EASTERN VICTORIA,Outer Gippsland,681,Wellington (S),Non Metro,147.070754,-38.081644,Wellington
Government,1,5176,Jells Park Primary School,Primary,O,17-33 Petronella Avenue,Wheelers Hill,3150,NORTH-EASTERN VICTORIA,Inner Eastern Melbourne,497,Monash (C),Metro,145.192851,-37.902837,Monash
Government,1,5179,Albanvale Primary School,Primary,O,54-64 Diamond Avenue,Albanvale,3021,SOUTH-WESTERN VICTORIA,Brimbank Melton,118,Brimbank (C),Metro,144.774419,-37.744023,Brimbank
Government,1,5180,Kismet Park Primary School,Primary,O,Mcewen Drive,Sunbury,3429,NORTH-WESTERN VICTORIA,Hume Merri-bek,327,Hume (C),Metro,144.728671,-37.565246,Hume
Government,1,5182,Kunyung Primary School,Primary,O,50 Kunyung Road,Mount Eliza,3930,SOUTH-EASTERN VICTORIA,Bayside Peninsula,534,Mornington Peninsula (S),Metro,145.07623,-38.187675,Mornington Peninsula
Government,1,5184,Apollo Parkways Primary School,Primary,O,31-43 Civic Drive,Greensborough,3088,NORTH-WESTERN VICTORIA,North Eastern Melbourne,571,Nillumbik (S),Metro,145.1098731,-37.68739459,Nillumbik
Government,1,5185,Mandama Primary School,Primary,O,10 Corang Avenue,Grovedale,3216,SOUTH-WESTERN VICTORIA,Barwon,275,Greater Geelong (C),Non Metro,144.327883,-38.200395,Greater Geelong
Government,1,5186,Bethal Primary School,Primary,O,26-52 Eldorado Crescent,Meadow Heights,3048,NORTH-WESTERN VICTORIA,Hume Merri-bek,327,Hume (C),Metro,144.917819,-37.659196,Hume
Government,1,5189,Cranbourne West Primary School,Primary,O,110 Duff Street,Cranbourne,3977,SOUTH-EASTERN VICTORIA,Southern Melbourne,161,Casey (C),Metro,145.267723,-38.102713,Casey
Government,1,5190,Patterson Lakes Primary School,Primary,O,130-148 Gladesville Boulevard,Patterson Lakes,3197,SOUTH-EASTERN VICTORIA,Bayside Peninsula,343,Kingston (C),Metro,145.144792,-38.069838,Kingston
Government,1,5191,Seaford Park Primary School,Primary,O,141 East Road,Seaford,3198,SOUTH-EASTERN VICTORIA,Bayside Peninsula,217,Frankston (C),Metro,145.15444,-38.105038,Frankston
Government,1,5193,Billanook Primary School,Primary,O,270 Sheffield Road,Montrose,3765,NORTH-EASTERN VICTORIA,Outer Eastern Melbourne,745,Yarra Ranges (S),Metro,145.3392536,-37.82495466,Yarra Ranges
Government,1,5194,Chirnside Park Primary School,Primary,O,66 Kimberley Drive,Chirnside Park,3116,NORTH-EASTERN VICTORIA,Outer Eastern Melbourne,745,Yarra Ranges (S),Metro,145.311342,-37.750071,Yarra Ranges
Government,1,5195,Bass Valley Primary School,Primary,O,70 Corinella Road,Corinella,3984,SOUTH-EASTERN VICTORIA,Inner Gippsland,74,Bass Coast (S),Non Metro,145.488767,-38.431229,Bass Coast
Government,1,5196,Templeton Primary School,Primary,O,Crestdale Road,Wantirna,3152,NORTH-EASTERN VICTORIA,Outer Eastern Melbourne,367,Knox (C),Metro,145.232288,-37.860941,Knox
Government,1,5197,Sunbury Heights Primary School,Primary,O,9-39 Charter Road East,Sunbury,3429,NORTH-WESTERN VICTORIA,Hume Merri-bek,327,Hume (C),Metro,144.706956,-37.58114,Hume
Government,1,5200,Darley Primary School,Primary,O,21 Nelson Street,Darley,3340,SOUTH-WESTERN VICTORIA,Central Highlands,515,Moorabool (S),Non Metro,144.4369086,-37.65528318,Moorabool
Government,1,5201,Delacombe Primary School,Primary,O,110-120 Greenhalghs Road,Delacombe,3356,SOUTH-WESTERN VICTORIA,Central Highlands,57,Ballarat (C),Non Metro,143.818528,-37.584775,Ballarat
Government,1,5202,Wallaroo Primary School,Primary,O,Stalwart Avenue,Hastings,3915,SOUTH-EASTERN VICTORIA,Bayside Peninsula,534,Mornington Peninsula (S),Metro,145.172749,-38.29789,Mornington Peninsula
Government,1,5205,Mossgiel Park Primary School,Primary,O,71 Scotsburn Way,Endeavour Hills,3802,SOUTH-EASTERN VICTORIA,Southern Melbourne,161,Casey (C),Metro,145.267718,-37.968386,Casey
Government,1,5206,Wedge Park Primary School,Primary,O,27 Cambrian Way,Melton West,3337,SOUTH-WESTERN VICTORIA,Brimbank Melton,465,Melton (C),Metro,144.554212,-37.675615,Melton
Government,1,5207,Appin Park Primary School,Primary,O,149 Appin Street,Wangaratta,3677,NORTH-EASTERN VICTORIA,Ovens Murray,670,Wangaratta (RC),Non Metro,146.300713,-36.341594,Wangaratta
Government,1,5210,Croydon Special Developmental School,Special,O,71-95 Belmont Road East,Croydon South,3136,NORTH-EASTERN VICTORIA,Outer Eastern Melbourne,441,Maroondah (C),Metro,145.280781,-37.815627,Maroondah
Government,1,5212,Milgate Primary School,Primary,O,96 Landscape Drive,Doncaster East,3109,NORTH-EASTERN VICTORIA,Inner Eastern Melbourne,421,Manningham (C),Metro,145.175188,-37.773798,Manningham
Government,1,5213,Berwick Lodge Primary School,Primary,O,139-145 Mansfield Street,Berwick,3806,SOUTH-EASTERN VICTORIA,Southern Melbourne,161,Casey (C),Metro,145.327431,-38.031142,Casey
Government,1,5214,Furlong Park School For Deaf Children,Special,O,58 - 84 Furlong Road,Sunshine North,3020,SOUTH-WESTERN VICTORIA,Brimbank Melton,118,Brimbank (C),Metro,144.8271,-37.761437,Brimbank
Government,1,5215,Jennings Street School,Special,O,4 Jennings Street,Laverton,3028,SOUTH-WESTERN VICTORIA,Western Melbourne,311,Hobsons Bay (C),Metro,144.773634,-37.85635,Hobsons Bay
Government,1,5218,Sunbury And Macedon Ranges Specialist School,Special,O,127-143 Circular Drive,Sunbury,3429,NORTH-WESTERN VICTORIA,Hume Merri-bek,327,Hume (C),Metro,144.729326,-37.596023,Hume
Government,1,5219,Northern School For Autism,Special,O,16-18 Gertz Ave,Reservoir,3073,NORTH-WESTERN VICTORIA,North Eastern Melbourne,189,Darebin (C),Metro,145.0299342,-37.70058524,Darebin
Government,1,5221,Latrobe Special Developmental School,Special,O,146 Liddiard Road,Traralgon,3844,SOUTH-EASTERN VICTORIA,Inner Gippsland,381,Latrobe (C),Non Metro,146.551356,-38.20403,Latrobe
Government,1,5222,Belvoir Wodonga Special Developmental School,Special,O,54 Gayview Drive,West Wodonga,3690,NORTH-EASTERN VICTORIA,Ovens Murray,717,Wodonga (C),Non Metro,146.854535,-36.123209,Wodonga
Government,1,5224,Botanic Ridge Primary School,Primary,O,10 Echidna Parade,Botanic Ridge,3977,SOUTH-EASTERN VICTORIA,Southern Melbourne,161,Casey (C),Metro,145.288045,-38.150071,Casey
Government,1,5225,Burwood East Special Developmental School,Special,O,18 Manooka Street,Burwood East,3151,NORTH-EASTERN VICTORIA,Inner Eastern Melbourne,698,Whitehorse (C),Metro,145.142122,-37.857201,Whitehorse
Government,1,5226,Wangaratta District Specialist School,Special,O,139 Appin Street,Wangaratta,3677,NORTH-EASTERN VICTORIA,Ovens Murray,670,Wangaratta (RC),Non Metro,146.300161,-36.343788,Wangaratta
Government,1,5227,Meadow Heights Primary School,Primary,O,46-62 Paringa Boulevard,Meadow Heights,3048,NORTH-WESTERN VICTORIA,Hume Merri-bek,327,Hume (C),Metro,144.923844,-37.650423,Hume
Government,1,5228,Bundarra Primary School,Primary,O,Cnr Fawthrop & Edgar Streets,Portland,3305,SOUTH-WESTERN VICTORIA,Wimmera South West,241,Glenelg (S),Non Metro,141.592446,-38.362245,Glenelg
Government,1,5230,Peninsula Specialist College,Special,O,25 Old White Hill Road,Dromana,3936,SOUTH-EASTERN VICTORIA,Bayside Peninsula,534,Mornington Peninsula (S),Metro,145.010108,-38.341841,Mornington Peninsula
Government,1,5231,Chalcot Lodge Primary School,Primary,O,15A Primrose Hill Close,Endeavour Hills,3802,SOUTH-EASTERN VICTORIA,Southern Melbourne,161,Casey (C),Metro,145.247698,-37.969731,Casey
Government,1,5232,Rangebank Primary School,Primary,O,14-36 Lesdon Avenue,Cranbourne,3977,SOUTH-EASTERN VICTORIA,Southern Melbourne,161,Casey (C),Metro,145.276217,-38.087362,Casey
Government,1,5234,Knox Gardens Primary School,Primary,O,80 Argyle Way,Wantirna South,3152,NORTH-EASTERN VICTORIA,Outer Eastern Melbourne,367,Knox (C),Metro,145.229582,-37.882282,Knox
Government,1,5235,Southern Cross Primary School,Primary,O,1-21 David Collins Drive,Endeavour Hills,3802,SOUTH-EASTERN VICTORIA,Southern Melbourne,161,Casey (C),Metro,145.264412,-37.988234,Casey
Government,1,5236,Kings Park Primary School,Primary,O,128b Gillespie Road,St Albans,3021,SOUTH-WESTERN VICTORIA,Brimbank Melton,118,Brimbank (C),Metro,144.767544,-37.733151,Brimbank
Government,1,5238,Dandenong Valley Special Developmental School,Special,O,19-21 Victoria Road,Narre Warren,3805,SOUTH-EASTERN VICTORIA,Southern Melbourne,161,Casey (C),Metro,145.2959991,-38.00759964,Casey
Government,1,5239,Mornington Special Developmental School,Special,O,40 Robertson Drive,Mornington,3931,SOUTH-EASTERN VICTORIA,Bayside Peninsula,534,Mornington Peninsula (S),Metro,145.0571838,-38.22610733,Mornington Peninsula
Government,1,5240,Bayside Special Developmental School,Special,O,4 Genoa Street,Moorabbin,3189,SOUTH-EASTERN VICTORIA,Bayside Peninsula,343,Kingston (C),Metro,145.056804,-37.943358,Kingston
Government,1,5241,Rolling Hills Primary School,Primary,O,52 Landscape Drive,Mooroolbark,3138,NORTH-EASTERN VICTORIA,Outer Eastern Melbourne,745,Yarra Ranges (S),Metro,145.32684,-37.766514,Yarra Ranges
Government,1,5243,Craigieburn South Primary School,Primary,O,102 Hothlyn Drive,Craigieburn,3064,NORTH-WESTERN VICTORIA,Hume Merri-bek,327,Hume (C),Metro,144.935852,-37.608753,Hume
Government,1,5244,Findon Primary School,Primary,O,Cuthbert Drive,Mill Park,3082,NORTH-WESTERN VICTORIA,North Eastern Melbourne,707,Whittlesea (C),Metro,145.0510724,-37.66649725,Whittlesea
Government,1,5245,Loch Sport Primary School,Primary,O,7 Charlies Street,Loch Sport,3851,SOUTH-EASTERN VICTORIA,Outer Gippsland,681,Wellington (S),Non Metro,147.567174,-38.058191,Wellington
Government,1,5246,Yarra Ranges Special Developmental School,Special,O,20 Burdap Drive,Mount Evelyn,3796,NORTH-EASTERN VICTORIA,Outer Eastern Melbourne,745,Yarra Ranges (S),Metro,145.384871,-37.77502297,Yarra Ranges
Government,1,5247,Lake Colac School,Special,O,413-437 Murray Street,Colac,3250,SOUTH-WESTERN VICTORIA,Barwon,175,Colac-Otway (S),Non Metro,143.566409,-38.335899,Colac-Otway
Government,1,5248,Goonawarra Primary School,Primary,O,2 - 6 Gullane Drive,Sunbury,3429,NORTH-WESTERN VICTORIA,Hume Merri-bek,327,Hume (C),Metro,144.751054,-37.580517,Hume
Government,1,5251,Mildura Specialist School,Special,O,341-357 Deakin Avenue,Mildura,3500,NORTH-WESTERN VICTORIA,Mallee,478,Mildura (RC),Non Metro,142.143641,-34.199885,Mildura
Government,1,5253,Southern Autistic School,Special,O,12 Margaretta Street,East Bentleigh,3165,SOUTH-EASTERN VICTORIA,Bayside Peninsula,231,Glen Eira (C),Metro,145.0620819,-37.92671866,Glen Eira
Government,1,5254,Bellbridge Primary School,Primary,O,120 Bellbridge Drive,Hoppers Crossing,3029,SOUTH-WESTERN VICTORIA,Western Melbourne,726,Wyndham (C),Metro,144.71078,-37.871082,Wyndham
Government,1,5255,Croydon Hills Primary School,Primary,O,47-75 Campaspe Drive,Croydon Hills,3136,NORTH-EASTERN VICTORIA,Outer Eastern Melbourne,441,Maroondah (C),Metro,145.272045,-37.776679,Maroondah
Government,1,5256,Kurunjang Primary School,Primary,O,37-45 Mowbray Crescent,Melton,3337,SOUTH-WESTERN VICTORIA,Brimbank Melton,465,Melton (C),Metro,144.586315,-37.67057,Melton
Government,1,5257,Langwarrin Park Primary School,Primary,O,19-27 Northgateway,Langwarrin,3910,SOUTH-EASTERN VICTORIA,Bayside Peninsula,217,Frankston (C),Metro,145.2025,-38.150915,Frankston
Government,1,5258,Taylors Lakes Primary School,Primary,O,21-35 Chichester Drive,Taylors Lakes,3038,SOUTH-WESTERN VICTORIA,Brimbank Melton,118,Brimbank (C),Metro,144.793766,-37.709651,Brimbank
Government,1,5260,Glen Katherine Primary School,Primary,O,39 Calendonia Drive,Eltham North,3095,NORTH-WESTERN VICTORIA,North Eastern Melbourne,66,Banyule (C),Metro,145.139837,-37.689982,Banyule
Government,1,5261,Coburg Special Developmental School,Special,O,191 Urquhart Street,Coburg,3058,NORTH-WESTERN VICTORIA,Hume Merri-bek,525,Merri-bek (C),Metro,144.976635,-37.740911,Merri-bek
Government,1,5262,Broadmeadows Special Developmental School,Special,O,29 - 35 Dimboola Rd,Broadmeadows,3047,NORTH-WESTERN VICTORIA,Hume Merri-bek,327,Hume (C),Metro,144.914104,-37.68164744,Hume
Government,1,5267,Sunshine Special Developmental School,Special,O,1a Ivory Court,Sunshine,3020,SOUTH-WESTERN VICTORIA,Brimbank Melton,118,Brimbank (C),Metro,144.819889,-37.80343497,Brimbank
Government,1,5268,Swan Hill Specialist School,Special,O,27-33 Yana Street,Swan Hill,3585,NORTH-WESTERN VICTORIA,Mallee,661,Swan Hill (RC),Non Metro,143.54509,-35.349243,Swan Hill
Government,1,5269,Richmond Primary School,Primary,O,85 Brighton Street,Richmond,3121,NORTH-WESTERN VICTORIA,North Eastern Melbourne,735,Yarra (C),Metro,144.9990734,-37.82956905,Yarra
Government,1,5271,Yarra Primary School,Primary,O,68-76 Davison Street,Richmond,3121,NORTH-WESTERN VICTORIA,North Eastern Melbourne,735,Yarra (C),Metro,145.007482,-37.814639,Yarra
Government,1,5272,Skene Street School Stawell,Special,O,7-13 Skene Street,Stawell,3380,SOUTH-WESTERN VICTORIA,Wimmera South West,581,Northern Grampians (S),Non Metro,142.78383,-37.057672,Northern Grampians
Government,1,5273,Horsham Special School,Special,O,17 High Street North,Horsham,3400,SOUTH-WESTERN VICTORIA,Wimmera South West,319,Horsham (RC),Non Metro,142.186781,-36.70784487,Horsham
Government,1,5276,Hampden P-12 School,Special,O,36 Grayland Street,Cobden,3266,SOUTH-WESTERN VICTORIA,Wimmera South West,183,Corangamite (S),Non Metro,143.064656,-38.323556,Corangamite
Government,1,5277,Merri River School,Special,O,189 Wollaston Road,Warrnambool,3280,SOUTH-WESTERN VICTORIA,Wimmera South West,673,Warrnambool (C),Non Metro,142.48177,-38.354976,Warrnambool
Government,1,5278,Yarraville Special Developmental School,Special,O,117 Blackwood Street,Yarraville,3013,SOUTH-WESTERN VICTORIA,Western Melbourne,433,Maribyrnong (C),Metro,144.883653,-37.817905,Maribyrnong
Government,1,5280,Clifton Springs Primary School,Primary,O,84 -146 Jetty Road,Clifton Springs,3222,SOUTH-WESTERN VICTORIA,Barwon,275,Greater Geelong (C),Non Metro,144.553141,-38.165658,Greater Geelong
Government,1,5281,Park Ridge Primary School,Primary,O,Wentworth Avenue,Rowville,3178,NORTH-EASTERN VICTORIA,Outer Eastern Melbourne,367,Knox (C),Metro,145.262461,-37.918414,Knox
Government,1,5282,Portland Bay School,Special,O,77 Henty Street,Portland,3305,SOUTH-WESTERN VICTORIA,Wimmera South West,241,Glenelg (S),Non Metro,141.5975588,-38.34633089,Glenelg
Government,1,5283,Hamilton Parklands School,Special,O,9-19 Kerr Street,Hamilton,3300,SOUTH-WESTERN VICTORIA,Wimmera South West,626,Southern Grampians (S),Non Metro,142.022463,-37.726861,Southern Grampians
Government,1,5284,Merriang Special Developmental School,Special,O,11 Duncan Road,Lalor,3075,NORTH-WESTERN VICTORIA,North Eastern Melbourne,707,Whittlesea (C),Metro,145.0150833,-37.66723751,Whittlesea
Government,1,5285,Orchard Grove Primary School,Primary,O,101 Orchard Grove,Blackburn South,3130,NORTH-EASTERN VICTORIA,Inner Eastern Melbourne,698,Whitehorse (C),Metro,145.146528,-37.84023,Whitehorse
Government,1,5286,Meadowglen Primary School,Primary,O,22-48 Meadow Glen Drive,Epping,3076,NORTH-WESTERN VICTORIA,North Eastern Melbourne,707,Whittlesea (C),Metro,145.0530862,-37.64274926,Whittlesea
Government,1,5287,Altona Green Primary School,Primary,O,240 - 248 Victoria Street,Altona Meadows,3028,SOUTH-WESTERN VICTORIA,Western Melbourne,311,Hobsons Bay (C),Metro,144.784916,-37.886773,Hobsons Bay
Government,1,5288,Boroondara Park Primary School,Primary,O,40 Almond Street,Balwyn North,3104,NORTH-EASTERN VICTORIA,Inner Eastern Melbourne,111,Boroondara (C),Metro,145.087893,-37.789437,Boroondara
Government,1,5289,Warragul & District Specialist School,Special,O,55 Burke Street,Warragul,3820,SOUTH-EASTERN VICTORIA,Inner Gippsland,83,Baw Baw (S),Non Metro,145.925061,-38.164894,Baw Baw
Government,1,5290,Western Autistic School,Special,O,1 Burnley Street,Laverton,3028,SOUTH-WESTERN VICTORIA,Western Melbourne,311,Hobsons Bay (C),Metro,144.7780691,-37.85078167,Hobsons Bay
Government,1,5291,Warracknabeal Special Developmental School,Special,O,5 Werrigar Street,Warracknabeal,3393,SOUTH-WESTERN VICTORIA,Wimmera South West,763,Yarriambiack (S),Non Metro,142.390754,-36.257614,Yarriambiack
Government,1,5292,Coral Park Primary School,Primary,O,145 Coral Drive,Hampton Park,3976,SOUTH-EASTERN VICTORIA,Southern Melbourne,161,Casey (C),Metro,145.274352,-38.043846,Casey
Government,1,5293,Maramba Primary School,Primary,O,Maramba Drive,Narre Warren,3805,SOUTH-EASTERN VICTORIA,Southern Melbourne,161,Casey (C),Metro,145.304125,-38.003437,Casey
Government,1,5294,Thomas Mitchell Primary School,Primary,O,67-77 Thomas Mitchell Drive,Endeavour Hills,3802,SOUTH-EASTERN VICTORIA,Southern Melbourne,161,Casey (C),Metro,145.27391,-37.980562,Casey
Government,1,5295,Karoo Primary School,Primary,O,160 Karoo Road,Rowville,3178,NORTH-EASTERN VICTORIA,Outer Eastern Melbourne,367,Knox (C),Metro,145.263279,-37.905324,Knox
Government,1,5297,Mackellar Primary School,Primary,O,29-35 Goldsmith Avenue,Delahey,3037,SOUTH-WESTERN VICTORIA,Brimbank Melton,118,Brimbank (C),Metro,144.777528,-37.717234,Brimbank
Government,1,5298,Bendigo Special Developmental School,Special,O,26-32 Lockwood Road,Kangaroo Flat,3555,NORTH-WESTERN VICTORIA,Loddon Campaspe,262,Greater Bendigo (C),Non Metro,144.240152,-36.795866,Greater Bendigo
Government,1,5299,Echuca Twin Rivers Specialist School,Special,O,66 Wilkinson Drive,Echuca,3564,NORTH-WESTERN VICTORIA,Loddon Campaspe,137,Campaspe (S),Non Metro,144.724609,-36.138287,Campaspe
Government,1,5301,Aspendale Gardens Primary School,Primary,O,96 Kearney Drive,Aspendale Gardens,3195,SOUTH-EASTERN VICTORIA,Bayside Peninsula,343,Kingston (C),Metro,145.116796,-38.022512,Kingston
Government,1,5305,Berwick Fields Primary School,Primary,O,35 Gwendoline Drive,Berwick,3806,SOUTH-EASTERN VICTORIA,Southern Melbourne,161,Casey (C),Metro,145.3343892,-38.04874134,Casey
Government,1,5308,Brentwood Park Primary School,Primary,O,Bemersyde Drive,Berwick,3806,SOUTH-EASTERN VICTORIA,Southern Melbourne,161,Casey (C),Metro,145.347768,-38.052983,Casey
Government,1,5309,Eastern Ranges School,Special,O,56 Dorset Road,Ferntree Gully,3156,NORTH-EASTERN VICTORIA,Outer Eastern Melbourne,367,Knox (C),Metro,145.2849193,-37.88042006,Knox
Government,1,5310,Edgars Creek Primary School,Primary,O,45 Macedon Parade,Wollert,3750,NORTH-WESTERN VICTORIA,North Eastern Melbourne,707,Whittlesea (C),Metro,145.002573,-37.609845,Whittlesea
Government,1,5311,Eynesbury Primary School,Primary,O,750 Eynesbury Road,Eynesbury,3338,SOUTH-WESTERN VICTORIA,Brimbank Melton,465,Melton (C),Metro,144.547547,-37.789943,Melton
Government,1,5312,Cambridge Primary School,Primary,O,Carruthers Drive,Hoppers Crossing,3029,SOUTH-WESTERN VICTORIA,Western Melbourne,726,Wyndham (C),Metro,144.675695,-37.867389,Wyndham
Government,1,5313,Rowellyn Park Primary School,Primary,O,Rowellyn Avenue,Carrum Downs,3201,SOUTH-EASTERN VICTORIA,Bayside Peninsula,217,Frankston (C),Metro,145.192454,-38.104424,Frankston
Government,1,5315,Baden Powell P-9 College,Pri/Sec,O,31 Sycamore Street,Hoppers Crossing,3029,SOUTH-WESTERN VICTORIA,Western Melbourne,726,Wyndham (C),Metro,144.691019,-37.859838,Wyndham
Government,1,5319,Woodlands Primary School,Primary,O,10 Gum Nut Drive,Langwarrin,3910,SOUTH-EASTERN VICTORIA,Bayside Peninsula,217,Frankston (C),Metro,145.205019,-38.135677,Frankston
Government,1,5325,Mill Park Heights Primary School,Primary,O,87-93 Pindari Avenue,Mill Park,3082,NORTH-WESTERN VICTORIA,North Eastern Melbourne,707,Whittlesea (C),Metro,145.051747,-37.657331,Whittlesea
Government,1,5336,Monmia Primary School,Primary,O,140 Copernicus Way,Keilor Downs,3038,SOUTH-WESTERN VICTORIA,Brimbank Melton,118,Brimbank (C),Metro,144.79205,-37.717269,Brimbank
Government,1,5337,Seabrook Primary School,Primary,O,83-105 Point Cook Road,Seabrook,3028,SOUTH-WESTERN VICTORIA,Western Melbourne,311,Hobsons Bay (C),Metro,144.757899,-37.878842,Hobsons Bay
Government,1,5342,Willmott Park Primary School,Primary,O,54- 62 Dorchester Street,Craigieburn,3064,NORTH-WESTERN VICTORIA,Hume Merri-bek,327,Hume (C),Metro,144.922592,-37.591778,Hume
Government,1,5343,Thomas Chirnside Primary School,Primary,O,85 Walls Road,Werribee,3030,SOUTH-WESTERN VICTORIA,Western Melbourne,726,Wyndham (C),Metro,144.637883,-37.903205,Wyndham
Government,1,5345,Heany Park Primary School,Primary,O,Buckingham Drive,Rowville,3178,NORTH-EASTERN VICTORIA,Outer Eastern Melbourne,367,Knox (C),Metro,145.24288,-37.933923,Knox
Government,1,5346,Ranfurly Primary School,Primary,O,348 Ontario Avenue,Mildura,3500,NORTH-WESTERN VICTORIA,Mallee,478,Mildura (RC),Non Metro,142.133903,-34.193672,Mildura
Government,1,5350,Kilberry Valley Primary School,Primary,O,Kilberry Boulevard,Hampton Park,3976,SOUTH-EASTERN VICTORIA,Southern Melbourne,161,Casey (C),Metro,145.27957,-38.034165,Casey
Government,1,5352,Killara Primary School,Primary,O,61 Phillip Drive,Sunbury,3429,NORTH-WESTERN VICTORIA,Hume Merri-bek,327,Hume (C),Metro,144.704579,-37.563794,Hume
Government,1,5354,Surfside Primary School,Primary,O,31-65 John Dory Drive,Ocean Grove,3226,SOUTH-WESTERN VICTORIA,Barwon,275,Greater Geelong (C),Non Metro,144.541661,-38.261449,Greater Geelong
Government,1,5358,Orchard Park Primary School,Primary,O,291 Pink Hill Boulevard,Officer,3809,SOUTH-EASTERN VICTORIA,Southern Melbourne,145,Cardinia (S),Metro,145.396589,-38.05488,Cardinia
Government,1,5361,Riverwalk Primary School,Primary,O,56 Timbarra Avenue,Werribee,3030,SOUTH-WESTERN VICTORIA,Western Melbourne,726,Wyndham (C),Metro,144.639329,-37.921032,Wyndham
Government,1,5362,Niddrie Autistic School,Special,O,Cnr Garnet And Teague Street,Niddrie,3042,SOUTH-WESTERN VICTORIA,Western Melbourne,506,Moonee Valley (C),Metro,144.887062,-37.743926,Moonee Valley
Government,1,5363,Oatlands Primary School,Primary,O,79 - 93 Kurrajong Road,Narre Warren,3805,SOUTH-EASTERN VICTORIA,Southern Melbourne,161,Casey (C),Metro,145.31619,-38.006441,Casey
Government,1,5365,Westgrove Primary School,Primary,O,37a Thames Boulevard,Werribee,3030,SOUTH-WESTERN VICTORIA,Western Melbourne,726,Wyndham (C),Metro,144.659529,-37.878502,Wyndham
Government,1,5367,Peranbin Primary College,Primary,O,Tulip Street,Violet Town,3669,NORTH-EASTERN VICTORIA,Goulburn,643,Strathbogie (S),Non Metro,145.716968,-36.634239,Strathbogie
Government,1,5368,Barwon Valley School,Special,O,76 - 94 Laura Avenue,Belmont,3216,SOUTH-WESTERN VICTORIA,Barwon,275,Greater Geelong (C),Non Metro,144.32804,-38.178775,Greater Geelong
Government,1,5369,Pentland Primary School,Primary,O,164 Halletts Way,Bacchus Marsh,3340,SOUTH-WESTERN VICTORIA,Central Highlands,515,Moorabool (S),Non Metro,144.4231834,-37.65585526,Moorabool
Government,1,5370,Pakenham Hills Primary School,Primary,O,15 Kennedy Road,Pakenham,3810,SOUTH-EASTERN VICTORIA,Southern Melbourne,145,Cardinia (S),Metro,145.494421,-38.060626,Cardinia
Government,1,5371,Courtenay Gardens Primary School,Primary,O,35 Rosebank Drive,Cranbourne North,3977,SOUTH-EASTERN VICTORIA,Southern Melbourne,161,Casey (C),Metro,145.28345,-38.080122,Casey
Government,1,5372,Somerville Rise Primary School,Primary,O,34 Worwong Ave,Somerville,3912,SOUTH-EASTERN VICTORIA,Bayside Peninsula,534,Mornington Peninsula (S),Metro,145.167752,-38.230027,Mornington Peninsula
Government,1,5375,Derrinallum P-12 College,Pri/Sec,O,Campbell Street,Derrinallum,3325,SOUTH-WESTERN VICTORIA,Wimmera South West,183,Corangamite (S),Non Metro,143.216741,-37.939591,Corangamite
Government,1,5376,Mortlake P-12 College,Pri/Sec,O,10 Hood Avenue,Mortlake,3272,SOUTH-WESTERN VICTORIA,Wimmera South West,549,Moyne (S),Non Metro,142.80955,-38.086366,Moyne
Government,1,5377,Branxholme-Wallacedale Community School,Primary,O,103-113 Monroe Street,Branxholme,3302,SOUTH-WESTERN VICTORIA,Wimmera South West,626,Southern Grampians (S),Non Metro,141.798722,-37.856354,Southern Grampians
Government,1,5380,Mount Duneed Regional Primary School,Primary,O,90-100 Williams Road,Mount Duneed,3217,SOUTH-WESTERN VICTORIA,Barwon,275,Greater Geelong (C),Non Metro,144.319678,-38.241244,Greater Geelong
Government,1,5381,Grasmere Primary School,Primary,O,16 Ibbs Lane,Grasmere,3281,SOUTH-WESTERN VICTORIA,Wimmera South West,549,Moyne (S),Non Metro,142.522877,-38.285986,Moyne
Government,1,5382,Narrawong District Primary School,Primary,O,Princes Highway,Narrawong,3285,SOUTH-WESTERN VICTORIA,Wimmera South West,241,Glenelg (S),Non Metro,141.716577,-38.252682,Glenelg
Government,1,5383,Canadian Lead Primary School,Primary,O,301 Otway Street South,Ballarat East,3350,SOUTH-WESTERN VICTORIA,Central Highlands,57,Ballarat (C),Non Metro,143.875909,-37.572968,Ballarat
Government,1,5384,Caledonian Primary School,Primary,O,Thompson Street,Brown Hill,3350,SOUTH-WESTERN VICTORIA,Central Highlands,57,Ballarat (C),Non Metro,143.894237,-37.55541574,Ballarat
Government,1,5385,Grayling Primary School,Primary,O,25 Ferdinand Drive,Clyde North,3978,SOUTH-EASTERN VICTORIA,Southern Melbourne,161,Casey (C),Metro,145.372834,-38.082729,Casey
Government,1,5386,Tempy Primary School,Primary,O,13 Harrison Street,Tempy,3489,NORTH-WESTERN VICTORIA,Mallee,763,Yarriambiack (S),Non Metro,142.427082,-35.343952,Yarriambiack
Government,1,5389,Rawson Primary School,Primary,O,Knotts Siding Road,Rawson,3825,SOUTH-EASTERN VICTORIA,Inner Gippsland,83,Baw Baw (S),Non Metro,146.398971,-37.959117,Baw Baw
Government,1,5392,Bundalaguah Primary School,Primary,O,627 Maffra-Sale Road,Bundalaguah,3851,SOUTH-EASTERN VICTORIA,Outer Gippsland,681,Wellington (S),Non Metro,147.012102,-38.023502,Wellington
Government,1,5393,Lardner and District Primary School,Primary,O,270 Burnt Store Road,Lardner,3821,SOUTH-EASTERN VICTORIA,Inner Gippsland,83,Baw Baw (S),Non Metro,145.880347,-38.204637,Baw Baw
Government,1,5394,Neerim District Rural Primary School,Primary,O,145 Nayook-Powelltown Road,Nayook,3832,SOUTH-EASTERN VICTORIA,Inner Gippsland,83,Baw Baw (S),Non Metro,145.949834,-37.921521,Baw Baw
Government,1,5395,Nambrok Denison Primary School,Primary,O,947 Sale-Cowwarr Road,Nambrok,3847,SOUTH-EASTERN VICTORIA,Outer Gippsland,681,Wellington (S),Non Metro,146.874813,-38.053991,Wellington
Government,1,5396,Welshpool and District Primary School,Primary,O,5960 South Gippsland Highway,Welshpool,3966,SOUTH-EASTERN VICTORIA,Inner Gippsland,617,South Gippsland (S),Non Metro,146.431109,-38.665517,South Gippsland
Government,1,5397,Whitfield District Primary School,Primary,O,6182 Mansfield Road,Whitfield,3733,NORTH-EASTERN VICTORIA,Ovens Murray,670,Wangaratta (RC),Non Metro,146.412059,-36.765583,Wangaratta
Government,1,5398,Greta Valley Primary School,Primary,O,2376 Wangaratta Kilfeera Road,Greta South,3675,NORTH-EASTERN VICTORIA,Ovens Murray,670,Wangaratta (RC),Non Metro,146.236359,-36.617838,Wangaratta
Government,1,5399,Everton Primary School,Primary,O,2157 Great Alpine Road,Everton,3678,NORTH-EASTERN VICTORIA,Ovens Murray,670,Wangaratta (RC),Non Metro,146.544535,-36.435318,Wangaratta
Government,1,5402,Nangiloc Colignan and District Primary School,Primary,O,2612 Kulkyne Way,Nangiloc,3494,NORTH-WESTERN VICTORIA,Mallee,478,Mildura (RC),Non Metro,142.357794,-34.473848,Mildura
Government,1,5403,Tyrrell College,Pri/Sec,O,10 Sutcliff Street,Sea Lake,3533,NORTH-WESTERN VICTORIA,Mallee,127,Buloke (S),Non Metro,142.853519,-35.509276,Buloke
Government,1,5404,Harcourt Valley Primary School,Primary,O,3 Wilkinson Street,Harcourt,3453,NORTH-WESTERN VICTORIA,Loddon Campaspe,543,Mount Alexander (S),Non Metro,144.257234,-37.002974,Mount Alexander
Government,1,5407,Beverford District Primary School,Primary,O,20 School Road,Beverford,3590,NORTH-WESTERN VICTORIA,Mallee,661,Swan Hill (RC),Non Metro,143.478909,-35.232485,Swan Hill
Government,1,5410,Niddrie Primary School,Primary,O,25 Watt Street,Niddrie,3042,SOUTH-WESTERN VICTORIA,Western Melbourne,506,Moonee Valley (C),Metro,144.878433,-37.7308455,Moonee Valley
Government,1,5412,Keelonith Primary School,Primary,O,1 Blossom Drive,Greenvale,3059,NORTH-WESTERN VICTORIA,Hume Merri-bek,327,Hume (C),Metro,144.878837,-37.623205,Hume
Government,1,5413,Lucas Primary School,Primary,O,46 OShannassy Parade,Lucas,3350,SOUTH-WESTERN VICTORIA,Central Highlands,57,Ballarat (C),Non Metro,143.780404,-37.547955,Ballarat
Government,1,5414,Toolern Vale and District Primary School,Primary,O,361 Creamery Road,Toolern Vale,3337,SOUTH-WESTERN VICTORIA,Brimbank Melton,465,Melton (C),Metro,144.594231,-37.606275,Melton
Government,1,5416,Parkhill Primary School,Primary,O,4a Parkhill Drive,Ashwood,3147,NORTH-EASTERN VICTORIA,Inner Eastern Melbourne,497,Monash (C),Metro,145.106871,-37.86288,Monash
Government,1,5418,Kananook Primary School,Primary,O,22 Wells Road,Seaford,3198,SOUTH-EASTERN VICTORIA,Bayside Peninsula,217,Frankston (C),Metro,145.131738,-38.125159,Frankston
Government,1,5419,Roberts McCubbin Primary School,Primary,O,57 Birdwood Street,Box Hill South,3128,NORTH-EASTERN VICTORIA,Inner Eastern Melbourne,698,Whitehorse (C),Metro,145.125206,-37.834767,Whitehorse
Government,1,5420,Meeniyan Primary School,Primary,O,6 Geale Street,Meeniyan,3956,SOUTH-EASTERN VICTORIA,Inner Gippsland,617,South Gippsland (S),Non Metro,146.0151837,-38.5793389,South Gippsland
Government,1,5421,Bayles Regional Primary School,Primary,O,3730 Ballarto Road,Bayles,3981,SOUTH-EASTERN VICTORIA,Southern Melbourne,145,Cardinia (S),Metro,145.566026,-38.176037,Cardinia
Government,1,5422,Le Page Primary School,Primary,O,77 Argus Street,Cheltenham,3192,SOUTH-EASTERN VICTORIA,Bayside Peninsula,343,Kingston (C),Metro,145.0681429,-37.95926069,Kingston
Government,1,5423,Powlett River Primary School,Primary,O,9 - 21 Bent Street,Dalyston,3992,SOUTH-EASTERN VICTORIA,Inner Gippsland,74,Bass Coast (S),Non Metro,145.546196,-38.56035,Bass Coast
Government,1,5425,Glen Waverley Primary School,Primary,O,774 High Street Road,Glen Waverley,3150,NORTH-EASTERN VICTORIA,Inner Eastern Melbourne,497,Monash (C),Metro,145.167589,-37.874716,Monash
Government,1,5426,Carrington Primary School,Primary,O,Laura Road,Knoxfield,3180,NORTH-EASTERN VICTORIA,Outer Eastern Melbourne,367,Knox (C),Metro,145.246491,-37.891476,Knox
Government,1,5427,Albany Rise Primary School,Primary,O,74-82 Albany Drive,Mulgrave,3170,NORTH-EASTERN VICTORIA,Inner Eastern Melbourne,497,Monash (C),Metro,145.172891,-37.928122,Monash
Government,1,5428,Amsleigh Park Primary School,Primary,O,17 State Street,Oakleigh East,3166,NORTH-EASTERN VICTORIA,Inner Eastern Melbourne,497,Monash (C),Metro,145.108784,-37.900321,Monash
Government,1,5429,Knox Central Primary School,Primary,O,39 Darwin Road,Boronia,3155,NORTH-EASTERN VICTORIA,Outer Eastern Melbourne,367,Knox (C),Metro,145.254975,-37.86116,Knox
Government,1,5430,Mount Waverley North Primary School,Primary,O,Marcus Avenue,Mount Waverley,3149,NORTH-EASTERN VICTORIA,Inner Eastern Melbourne,497,Monash (C),Metro,145.141352,-37.868017,Monash
Government,1,5431,Rangeview Primary School,Primary,O,27 Churinga Avenue,Mitcham,3132,NORTH-EASTERN VICTORIA,Inner Eastern Melbourne,698,Whitehorse (C),Metro,145.206302,-37.829577,Whitehorse
Government,1,5432,Edenhope College,Pri/Sec,O,40-48 Lake Street,Edenhope,3318,SOUTH-WESTERN VICTORIA,Wimmera South West,689,West Wimmera (S),Non Metro,141.2985627,-37.03342876,West Wimmera
Government,1,5433,Murrayville Community College,Pri/Sec,O,20 Francis Street,Murrayville,3512,NORTH-WESTERN VICTORIA,Mallee,478,Mildura (RC),Non Metro,141.1773365,-35.26557452,Mildura
Government,1,5434,Hawkesdale P12 College,Pri/Sec,O,65 Mitchell Street,Hawkesdale,3287,SOUTH-WESTERN VICTORIA,Wimmera South West,549,Moyne (S),Non Metro,142.319173,-38.106976,Moyne
Government,1,5435,Carwatha College P-12,Pri/Sec,O,43-81 Browns Road,Noble Park,3174,SOUTH-EASTERN VICTORIA,Southern Melbourne,267,Greater Dandenong (C),Metro,145.188726,-37.942845,Greater Dandenong
Government,1,5436,Glen Waverley South Primary School,Primary,O,Whites Lane,Glen Waverley,3150,NORTH-EASTERN VICTORIA,Inner Eastern Melbourne,497,Monash (C),Metro,145.1676109,-37.89685885,Monash
Government,1,5438,Streeton Primary School,Primary,O,209 Yallambie Road,Yallambie,3085,NORTH-WESTERN VICTORIA,North Eastern Melbourne,66,Banyule (C),Metro,145.102224,-37.721556,Banyule
Government,1,5439,Woorinen District Primary School,Primary,O,49 Palmer Street,Woorinen South,3588,NORTH-WESTERN VICTORIA,Mallee,661,Swan Hill (RC),Non Metro,143.4537404,-35.29040896,Swan Hill
Government,1,5440,Woady Yaloak Primary School,Primary,O,50 Becker Street,Smythesdale,3351,SOUTH-WESTERN VICTORIA,Central Highlands,249,Golden Plains (S),Non Metro,143.6842973,-37.64352309,Golden Plains
Government,1,5441,Millwarra Primary School,Primary,O,Cavanagh Road,Millgrove,3799,NORTH-EASTERN VICTORIA,Outer Eastern Melbourne,745,Yarra Ranges (S),Metro,145.6518558,-37.75278559,Yarra Ranges
Government,1,5442,Gormandale And District Primary School,Primary,O,38 Main Street,Gormandale,3873,SOUTH-EASTERN VICTORIA,Inner Gippsland,681,Wellington (S),Non Metro,146.703208,-38.294177,Wellington
Government,1,5443,Roxburgh Homestead Primary School,Primary,O,21-33 Mcpherson Boulevard,Roxburgh Park,3064,NORTH-WESTERN VICTORIA,Hume Merri-bek,327,Hume (C),Metro,144.916279,-37.632064,Hume
Government,1,5444,Newcomb Primary School,Primary,O,7 - 25 Richard Street,Newcomb,3219,SOUTH-WESTERN VICTORIA,Barwon,275,Greater Geelong (C),Non Metro,144.394953,-38.165163,Greater Geelong
Government,1,5450,Dinjerra Primary School,Primary,O,44 South Road,Braybrook,3019,SOUTH-WESTERN VICTORIA,Western Melbourne,433,Maribyrnong (C),Metro,144.856117,-37.791693,Maribyrnong
Government,1,5453,Belle Vue Park Primary School,Primary,O,Morell Street,Glenroy,3046,NORTH-WESTERN VICTORIA,Hume Merri-bek,525,Merri-bek (C),Metro,144.943937,-37.701198,Merri-bek
Government,1,5454,Doncaster Gardens Primary School,Primary,O,Sandhurst Avenue,Doncaster East,3109,NORTH-EASTERN VICTORIA,Inner Eastern Melbourne,421,Manningham (C),Metro,145.1479,-37.781607,Manningham
Government,1,5456,Nyah District Primary School,Primary,O,53-59 Monash Avenue,Nyah West,3595,NORTH-WESTERN VICTORIA,Mallee,661,Swan Hill (RC),Non Metro,143.343189,-35.186082,Swan Hill
Government,1,5463,Strathaird Primary School,Primary,O,20 Sherwood Road,Narre Warren South,3805,SOUTH-EASTERN VICTORIA,Southern Melbourne,161,Casey (C),Metro,145.28692,-38.06312,Casey
Government,1,5464,Marnebek School Cranbourne,Special,O,9 New Holland Drive,Cranbourne East,3977,SOUTH-EASTERN VICTORIA,Southern Melbourne,161,Casey (C),Metro,145.2964999,-38.11020493,Casey
Government,1,5478,Great Ryrie Primary School,Primary,O,51A Great Ryrie Street,Heathmont,3135,NORTH-EASTERN VICTORIA,Outer Eastern Melbourne,441,Maroondah (C),Metro,145.237626,-37.823797,Maroondah
Government,1,5479,Timbarra P-9 College,Pri/Sec,O,159-197 Parkhill Drive,Berwick,3806,SOUTH-EASTERN VICTORIA,Southern Melbourne,161,Casey (C),Metro,145.3226276,-38.01557462,Casey
Government,1,5480,Parkwood Green Primary School,Primary,O,178 Community Hub,Hillside,3037,SOUTH-WESTERN VICTORIA,Brimbank Melton,465,Melton (C),Metro,144.74446,-37.699206,Melton
Government,1,5482,Hillsmeade Primary School,Primary,O,82S The Promenade,Narre Warren South,3805,SOUTH-EASTERN VICTORIA,Southern Melbourne,161,Casey (C),Metro,145.307463,-38.06472,Casey
Government,1,5485,Roxburgh Park Primary School,Primary,O,7-21 Almands Avenue,Roxburgh Park,3064,NORTH-WESTERN VICTORIA,Hume Merri-bek,327,Hume (C),Metro,144.931401,-37.634239,Hume
Government,1,5486,Carranballac P-9 College,Pri/Sec,O,Cnr Foxwood Dve & Dunnings Rd,Point Cook,3030,SOUTH-WESTERN VICTORIA,Western Melbourne,726,Wyndham (C),Metro,144.743132,-37.884736,Wyndham
Government,1,5488,Benton Junior College,Primary,O,261 Racecourse Road,Mornington,3931,SOUTH-EASTERN VICTORIA,Bayside Peninsula,534,Mornington Peninsula (S),Metro,145.061114,-38.245946,Mornington Peninsula
Government,1,5489,Caulfield Primary School,Primary,O,724 Glen Huntly Road,Caulfield South,3162,SOUTH-EASTERN VICTORIA,Bayside Peninsula,231,Glen Eira (C),Metro,145.0200308,-37.888054,Glen Eira
Government,1,5490,East Gippsland Specialist School,Special,O,31 Calvert Street,Bairnsdale,3875,SOUTH-EASTERN VICTORIA,Outer Gippsland,211,East Gippsland (S),Non Metro,147.598997,-37.828711,East Gippsland
Government,1,5493,Roxburgh Rise Primary School,Primary,O,35 - 59 Lockwood Drive,Roxburgh Park,3064,NORTH-WESTERN VICTORIA,Hume Merri-bek,327,Hume (C),Metro,144.923504,-37.616207,Hume
Government,1,5494,Lynbrook Primary School,Primary,O,Paterson Drive,Lynbrook,3975,SOUTH-EASTERN VICTORIA,Southern Melbourne,161,Casey (C),Metro,145.248986,-38.05239,Casey
Government,1,5495,South Gippsland Specialist School,Special,O,13 Horn Street,Leongatha,3953,SOUTH-EASTERN VICTORIA,Inner Gippsland,617,South Gippsland (S),Non Metro,145.9572894,-38.47819065,South Gippsland
Government,1,5497,Laurimar Primary School,Primary,O,Armidale Road,Doreen,3754,NORTH-WESTERN VICTORIA,North Eastern Melbourne,707,Whittlesea (C),Metro,145.126874,-37.585823,Whittlesea
Government,1,5498,Truganina South Primary School,Primary,O,3-19 Parkvista Drive,Truganina,3029,SOUTH-WESTERN VICTORIA,Western Melbourne,726,Wyndham (C),Metro,144.725651,-37.86453,Wyndham
Government,1,5499,Kororoit Creek Primary School,Primary,O,130 Tenterfield Drive,Burnside Heights,3023,SOUTH-WESTERN VICTORIA,Brimbank Melton,465,Melton (C),Metro,144.754581,-37.735031,Melton
Government,1,5500,Harvest Home Primary School,Primary,O,365 Harvest Home Road,Epping,3076,NORTH-WESTERN VICTORIA,North Eastern Melbourne,707,Whittlesea (C),Metro,145.00226,-37.622078,Whittlesea
Government,1,5501,Truganina P-9 College,Pri/Sec,O,55 Clearwood Drive,Truganina,3029,SOUTH-WESTERN VICTORIA,Western Melbourne,726,Wyndham (C),Metro,144.7190874,-37.83876718,Wyndham
Government,1,5502,Burnside Primary School,Primary,O,35 Lexington Drive,Burnside,3023,SOUTH-WESTERN VICTORIA,Brimbank Melton,465,Melton (C),Metro,144.75289,-37.74566,Melton
Government,1,5503,Berwick Chase Primary School,Primary,O,72 Viewgrand Drive,Berwick,3806,SOUTH-EASTERN VICTORIA,Southern Melbourne,161,Casey (C),Metro,145.346961,-38.067433,Casey
Government,1,5504,Pakenham Lakeside Primary School,Primary,O,23 Shearwater Drive,Pakenham,3810,SOUTH-EASTERN VICTORIA,Southern Melbourne,145,Cardinia (S),Metro,145.438998,-38.068457,Cardinia
Government,1,5505,Davis Creek Primary School,Primary,O,65 Wootten Road,Tarneit,3029,SOUTH-WESTERN VICTORIA,Western Melbourne,726,Wyndham (C),Metro,144.660236,-37.855876,Wyndham
Government,1,5507,Pakenham Springs Primary School,Primary,O,5 Livingstone Boulevard,Pakenham,3810,SOUTH-EASTERN VICTORIA,Southern Melbourne,145,Cardinia (S),Metro,145.470076,-38.084508,Cardinia
Government,1,5508,Taylors Hill Primary School,Primary,O,40-50 Loddon Drive,Taylors Hill,3037,SOUTH-WESTERN VICTORIA,Brimbank Melton,465,Melton (C),Metro,144.7599018,-37.71669468,Melton
Government,1,5510,Cranbourne Carlisle Primary School,Primary,O,15 Silky Oak Drive,Cranbourne,3977,SOUTH-EASTERN VICTORIA,Southern Melbourne,161,Casey (C),Metro,145.289059,-38.087532,Casey
Government,1,5511,Aurora School,Special,O,96 Holland Road,Blackburn South,3130,NORTH-EASTERN VICTORIA,Inner Eastern Melbourne,698,Whitehorse (C),Metro,145.1507912,-37.84017872,Whitehorse
Government,1,5512,Derrimut Primary School,Primary,O,40 Lennon Parkway,Derrimut,3026,SOUTH-WESTERN VICTORIA,Brimbank Melton,118,Brimbank (C),Metro,144.7632008,-37.78926806,Brimbank
Government,1,5513,Epping Views Primary School,Primary,O,20 Mansfield Street,Epping,3076,NORTH-WESTERN VICTORIA,North Eastern Melbourne,707,Whittlesea (C),Metro,145.024015,-37.628439,Whittlesea
Government,1,5516,Echuca Twin Rivers Primary School,Primary,O,66 Wilkinson Drive,Echuca,3564,NORTH-WESTERN VICTORIA,Loddon Campaspe,137,Campaspe (S),Non Metro,144.724671,-36.137724,Campaspe
Government,1,5518,Cranbourne East Primary School,Primary,O,2 Bowyer Avenue,Cranbourne East,3977,SOUTH-EASTERN VICTORIA,Southern Melbourne,161,Casey (C),Metro,145.304437,-38.106281,Casey
Government,1,5520,Yuille Park Community College,Pri/Sec,O,39 Violet Grove,Wendouree,3355,SOUTH-WESTERN VICTORIA,Central Highlands,57,Ballarat (C),Non Metro,143.820396,-37.527504,Ballarat
Government,1,5521,Lyndhurst Primary School,Primary,O,70 Brookwater Parade,Lyndhurst,3975,SOUTH-EASTERN VICTORIA,Southern Melbourne,161,Casey (C),Metro,145.254082,-38.07496,Casey
Government,1,5522,Aitken Creek Primary School,Primary,O,51-81 Grevillea Street,Craigieburn,3064,NORTH-WESTERN VICTORIA,Hume Merri-bek,327,Hume (C),Metro,144.905568,-37.58175,Hume
Government,1,5523,Reservoir Views Primary School,Primary,O,73-91 Hickford Street,Reservoir,3073,NORTH-WESTERN VICTORIA,North Eastern Melbourne,189,Darebin (C),Metro,145.022725,-37.705518,Darebin
Government,1,5524,Meadows Primary School,Primary,O,41 Gerbert Street,Broadmeadows,3047,NORTH-WESTERN VICTORIA,Hume Merri-bek,327,Hume (C),Metro,144.92956,-37.687539,Hume
Government,1,5525,Mernda Park Primary School,Primary,O,40 Riverdale Boulevard,Mernda,3754,NORTH-WESTERN VICTORIA,North Eastern Melbourne,707,Whittlesea (C),Metro,145.0959314,-37.6144415,Whittlesea
Government,1,5526,Sunshine Harvester Primary School,Primary,O,132 Hertford Road,Sunshine,3020,SOUTH-WESTERN VICTORIA,Brimbank Melton,118,Brimbank (C),Metro,144.845687,-37.782934,Brimbank
Government,1,5527,Pakenham Primary School,Primary,O,50 Atlantic Drive,Pakenham,3810,SOUTH-EASTERN VICTORIA,Southern Melbourne,145,Cardinia (S),Metro,145.5108401,-38.06393707,Cardinia
Government,1,5528,Alamanda K-9 College,Pri/Sec,O,86-100 Alamanda Boulevard,Point Cook,3030,SOUTH-WESTERN VICTORIA,Western Melbourne,726,Wyndham (C),Metro,144.741329,-37.908238,Wyndham
Government,1,5530,Whitehorse Primary School,Primary,O,70-86 Junction Road,Blackburn North,3130,NORTH-EASTERN VICTORIA,Inner Eastern Melbourne,698,Whitehorse (C),Metro,145.1669863,-37.80746673,Whitehorse
Government,1,5531,Golden Square Primary School,Primary,O,19 - 31  Maple Street,Golden Square,3555,NORTH-WESTERN VICTORIA,Loddon Campaspe,262,Greater Bendigo (C),Non Metro,144.2573028,-36.77060344,Greater Bendigo
Government,1,5532,Lalor Gardens Primary School,Primary,O,134 Kingsway Drive,Lalor,3075,NORTH-WESTERN VICTORIA,North Eastern Melbourne,707,Whittlesea (C),Metro,145.0013492,-37.66369312,Whittlesea
Government,1,5533,Chandler Park Primary School,Primary,O,Cochrane Avenue,Keysborough,3173,SOUTH-EASTERN VICTORIA,Southern Melbourne,267,Greater Dandenong (C),Metro,145.180477,-37.992396,Greater Dandenong
Government,1,5534,Keysborough Primary School,Primary,O,33 Coomoora Road,Springvale South,3172,SOUTH-EASTERN VICTORIA,Southern Melbourne,267,Greater Dandenong (C),Metro,145.152418,-37.982629,Greater Dandenong
Government,1,5535,Lyndale Greens Primary School,Primary,O,1 - 19 Oakwood Avenue,Dandenong North,3175,SOUTH-EASTERN VICTORIA,Southern Melbourne,267,Greater Dandenong (C),Metro,145.204651,-37.965052,Greater Dandenong
Government,1,5536,Athol Road Primary School,Primary,O,159-167 Athol Road,Springvale South,3172,SOUTH-EASTERN VICTORIA,Southern Melbourne,267,Greater Dandenong (C),Metro,145.149968,-37.971049,Greater Dandenong
Government,1,5537,Springvale Rise Primary School,Primary,O,32-52 Wareham Street,Springvale,3171,SOUTH-EASTERN VICTORIA,Southern Melbourne,267,Greater Dandenong (C),Metro,145.159045,-37.939258,Greater Dandenong
Government,1,5538,Spring Parks Primary School,Primary,O,24 Erica Street,Springvale,3171,SOUTH-EASTERN VICTORIA,Southern Melbourne,267,Greater Dandenong (C),Metro,145.139507,-37.958843,Greater Dandenong
Government,1,5539,Keilor Views Primary School,Primary,O,18 Swindon Crescent,Keilor Downs,3038,SOUTH-WESTERN VICTORIA,Brimbank Melton,118,Brimbank (C),Metro,144.809188,-37.717649,Brimbank
Government,1,5540,Wyndham Park Primary School,Primary,O,59-77 Kookaburra Avenue,Werribee,3030,SOUTH-WESTERN VICTORIA,Western Melbourne,726,Wyndham (C),Metro,144.67655,-37.884867,Wyndham
Government,1,5541,Lightning Reef Primary School,Primary,O,74 Holmes Road,Bendigo,3550,NORTH-WESTERN VICTORIA,Loddon Campaspe,262,Greater Bendigo (C),Non Metro,144.268441,-36.736915,Greater Bendigo
Government,1,5542,Glenroy Central Primary School,Primary,O,10 Logan Street,Glenroy,3046,NORTH-WESTERN VICTORIA,Hume Merri-bek,525,Merri-bek (C),Metro,144.925037,-37.704276,Merri-bek
Government,1,5544,William Ruthven Primary School,Primary,O,60 Merrilands Road,Reservoir,3073,NORTH-WESTERN VICTORIA,North Eastern Melbourne,189,Darebin (C),Metro,145.0027816,-37.69666885,Darebin
Government,1,5545,Newbury Primary School,Primary,O,202-226 Newbury Boulevard,Craigieburn,3064,NORTH-WESTERN VICTORIA,Hume Merri-bek,327,Hume (C),Metro,144.909548,-37.570989,Hume
Government,1,5546,Dallas Brooks Community Primary School,Primary,O,26-36 King Street,Dallas,3047,NORTH-WESTERN VICTORIA,Hume Merri-bek,327,Hume (C),Metro,144.941852,-37.670302,Hume
Government,1,5548,Horsham Primary School,Primary,O,38 Baillie Street,Horsham,3400,SOUTH-WESTERN VICTORIA,Wimmera South West,319,Horsham (RC),Non Metro,142.2151479,-36.71137916,Horsham
Government,1,5549,Wyndham Vale Primary School,Primary,O,85 Ribblesdale Ave,Wyndham Vale,3024,SOUTH-WESTERN VICTORIA,Western Melbourne,726,Wyndham (C),Metro,144.609606,-37.895558,Wyndham
Government,1,5550,Officer Specialist School,Special,O,3 Parker Street,Officer,3809,SOUTH-EASTERN VICTORIA,Southern Melbourne,145,Cardinia (S),Metro,145.4113067,-38.07078882,Cardinia
Government,1,5551,Epping Primary School,Primary,O,805 High Street,Epping,3076,NORTH-WESTERN VICTORIA,North Eastern Melbourne,707,Whittlesea (C),Metro,145.0255944,-37.64485061,Whittlesea
Government,1,5552,Hazel Glen College,Pri/Sec,O,115 Eminence Blvd,Doreen,3754,NORTH-WESTERN VICTORIA,North Eastern Melbourne,707,Whittlesea (C),Metro,145.119368,-37.597553,Whittlesea
Government,1,5553,Tulliallan Primary School,Primary,O,89 Wheelers Park Drive,Cranbourne North,3977,SOUTH-EASTERN VICTORIA,Southern Melbourne,161,Casey (C),Metro,145.327335,-38.0816,Casey
Government,1,5554,Coolaroo South Primary School,Primary,O,52-72 Bushfield Crescent,Coolaroo,3048,NORTH-WESTERN VICTORIA,Hume Merri-bek,327,Hume (C),Metro,144.930905,-37.66206,Hume
Government,1,5555,Jacana School for Autism,Special,O,19-39 Landy Road,Jacana,3047,NORTH-WESTERN VICTORIA,Hume Merri-bek,327,Hume (C),Metro,144.913093,-37.687625,Hume
Government,1,5556,Torquay Coast Primary School,Primary,O,25 Stretton Drive,Torquay,3228,SOUTH-WESTERN VICTORIA,Barwon,649,Surf Coast (S),Non Metro,144.33818,-38.304563,Surf Coast
Government,1,5557,Arnolds Creek Primary School,Primary,O,59 Claret Ash Boulevard,Harkness,3337,SOUTH-WESTERN VICTORIA,Brimbank Melton,465,Melton (C),Metro,144.542859,-37.666358,Melton
Government,1,5558,Wilandra Rise Primary School,Primary,O,25 Aayana Street,Clyde North,3978,SOUTH-EASTERN VICTORIA,Southern Melbourne,161,Casey (C),Metro,145.319813,-38.108927,Casey
Government,1,5559,South Melbourne Primary School,Primary,O,129-161 Ferrars Street,Southbank,3006,SOUTH-EASTERN VICTORIA,Bayside Peninsula,590,Port Phillip (C),Metro,144.9535,-37.829347,Port Phillip
Government,1,5560,Barton Primary School,Primary,O,90 Everlasting Boulevard,Cranbourne West,3977,SOUTH-EASTERN VICTORIA,Southern Melbourne,161,Casey (C),Metro,145.239024,-38.114975,Casey
Government,1,5561,John Henry Primary School,Primary,O,141 Henry Road,Pakenham,3810,SOUTH-EASTERN VICTORIA,Southern Melbourne,145,Cardinia (S),Metro,145.442805,-38.077539,Cardinia
Government,1,5562,South Melbourne Park Primary School,Primary,O,29 Albert Park Drive South,Albert Park,3206,SOUTH-EASTERN VICTORIA,Bayside Peninsula,590,Port Phillip (C),Metro,144.962696,-37.840538,Port Phillip
Government,1,5563,Bridgewood Primary School,Primary,O,115 Bridge Road,Officer,3809,SOUTH-EASTERN VICTORIA,Southern Melbourne,145,Cardinia (S),Metro,145.419662,-38.071946,Cardinia
Government,1,5564,Armstrong Creek School,Primary,O,100 Central Boulevard,Armstrong Creek,3217,SOUTH-WESTERN VICTORIA,Barwon,275,Greater Geelong (C),Non Metro,144.367311,-38.232614,Greater Geelong
Government,1,5565,Hamlyn Views School,Special,O,45 Calvert St,Hamlyn Heights,3215,SOUTH-WESTERN VICTORIA,Barwon,275,Greater Geelong (C),Non Metro,144.332374,-38.125275,Greater Geelong
Government,1,5566,Aireys Inlet Primary School,Primary,O,15 -21 Anderson Street,Aireys Inlet,3231,SOUTH-WESTERN VICTORIA,Barwon,649,Surf Coast (S),Non Metro,144.109969,-38.45737433,Surf Coast
Government,1,5567,Aitken Hill Primary School,Primary,O,2 Rhyolite Drive,Craigieburn,3064,NORTH-WESTERN VICTORIA,Hume Merri-bek,327,Hume (C),Metro,144.905558,-37.601714,Hume
Government,1,5568,Morwell Central Primary School,Primary,O,47 - 87 McDonald Street,Morwell,3840,SOUTH-EASTERN VICTORIA,Inner Gippsland,381,Latrobe (C),Non Metro,146.40764,-38.231672,Latrobe
Government,1,5569,Ashley Park Primary School,Primary,O,105 Orchard Road,Doreen,3754,NORTH-WESTERN VICTORIA,North Eastern Melbourne,707,Whittlesea (C),Metro,145.127284,-37.615639,Whittlesea
Government,1,5570,Casey Fields Primary School,Primary,O,Chapelton Road,Cranbourne East,3977,SOUTH-EASTERN VICTORIA,Southern Melbourne,161,Casey (C),Metro,145.298408,-38.120139,Casey
Government,1,5571,Mirripoa Primary School,Primary,O,80 Unity Drive,Mount Duneed,3217,SOUTH-WESTERN VICTORIA,Barwon,275,Greater Geelong (C),Non Metro,144.328478,-38.224923,Greater Geelong
Government,1,5572,Keysborough Gardens Primary School,Primary,O,10 Homeleigh Road,Keysborough,3173,SOUTH-EASTERN VICTORIA,Southern Melbourne,267,Greater Dandenong (C),Metro,145.161324,-38.009508,Greater Dandenong
Government,1,5573,Docklands Primary School,Primary,O,17 Little Docklands Drive,Docklands,3008,SOUTH-WESTERN VICTORIA,Western Melbourne,460,Melbourne (C),Metro,144.940553,-37.812714,Melbourne
Government,1,5574,Garrang Wilam Primary School,Primary,O,2 Canvas Street,Truganina,3029,SOUTH-WESTERN VICTORIA,Western Melbourne,726,Wyndham (C),Metro,144.72505,-37.828778,Wyndham
Government,1,5575,Aintree Primary School,Primary,O,11 Timbertop Parade,Aintree,3336,SOUTH-WESTERN VICTORIA,Brimbank Melton,465,Melton (C),Metro,144.666228,-37.723801,Melton
Government,1,5576,Yubup Primary School,Primary,O,120 Ellscot Boulevard,Mickleham,3064,NORTH-WESTERN VICTORIA,Hume Merri-bek,327,Hume (C),Metro,144.89382,-37.54299,Hume
Government,1,5577,Donnybrook Primary School,Primary,O,145 Olivine Boulevard,Donnybrook,3064,NORTH-WESTERN VICTORIA,North Eastern Melbourne,707,Whittlesea (C),Metro,144.997751,-37.53707,Whittlesea
Government,1,5578,Deanside Primary School,Primary,O,38 Conservatory Drive,Deanside,3336,SOUTH-WESTERN VICTORIA,Brimbank Melton,465,Melton (C),Metro,144.697006,-37.721761,Melton
Government,1,5579,Gaayip-Yagila Primary School,Primary,O,115 Blackmore Road,Mickleham,3064,NORTH-WESTERN VICTORIA,Hume Merri-bek,327,Hume (C),Metro,144.909089,-37.528608,Hume
Government,1,5580,Riverbend Primary School,Primary,O,1 Communal Road,Wyndham Vale,3024,SOUTH-WESTERN VICTORIA,Western Melbourne,726,Wyndham (C),Metro,144.626509,-37.876273,Wyndham
Government,1,5581,Ramlegh Park Primary School,Primary,O,34S Thoroughbred Drive,Clyde North,3978,SOUTH-EASTERN VICTORIA,Southern Melbourne,161,Casey (C),Metro,145.338275,-38.114885,Casey
Government,1,5582,Wirrigirri Primary School,Primary,O,110 Saltlake Boulevard,Wollert,3750,NORTH-WESTERN VICTORIA,North Eastern Melbourne,707,Whittlesea (C),Metro,145.036982,-37.61709,Whittlesea
Government,1,5583,Strathtulloh Primary School,Primary,O,2 Wembley Avenue,Strathtulloh,3338,SOUTH-WESTERN VICTORIA,Brimbank Melton,465,Melton (C),Metro,144.589757,-37.716619,Melton
Government,1,5584,Gilgai Plains Primary School,Primary,O,10 Sequoia Drive,Kalkallo,3064,NORTH-WESTERN VICTORIA,Hume Merri-bek,327,Hume (C),Metro,144.9582468,-37.5324275,Hume
Government,1,5585,Barrawang Primary School,Primary,O,7 Islington Street,Wollert,3750,NORTH-WESTERN VICTORIA,North Eastern Melbourne,707,Whittlesea (C),Metro,144.993537,-37.597948,Whittlesea
Government,1,5587,Willowbank Primary School,Primary,O,385 McGeorge Road,Gisborne,3437,NORTH-WESTERN VICTORIA,Loddon Campaspe,413,Macedon Ranges (S),Non Metro,144.608097,-37.503943,Macedon Ranges
Government,1,5588,Clyde Creek Primary School,Primary,O,40 Eliston Avenue,Clyde,3978,SOUTH-EASTERN VICTORIA,Southern Melbourne,161,Casey (C),Metro,145.331547,-38.122987,Casey
Government,1,5589,Wollert Primary School,Primary,O,131 De Rossi Boulevard,Wollert,3750,NORTH-WESTERN VICTORIA,North Eastern Melbourne,707,Whittlesea (C),Metro,145.027108,-37.611332,Whittlesea
Government,1,5590,Endeavour Hills Specialist School,Special,O,12-38 Amalfi Drive,Endeavour Hills,3802,SOUTH-EASTERN VICTORIA,Southern Melbourne,161,Casey (C),Metro,145.243883,-37.978894,Casey
Government,1,5591,Quarters Primary School,Primary,O,10 Morningside Boulevard,Cranbourne West,3977,SOUTH-EASTERN VICTORIA,Southern Melbourne,161,Casey (C),Metro,145.250168,-38.09481,Casey
Government,1,5592,Ngarri Primary School,Primary,O,70 Holyoake Parade,Manor Lakes,3024,SOUTH-WESTERN VICTORIA,Western Melbourne,726,Wyndham (C),Metro,144.584029,-37.866791,Wyndham
Government,1,5593,Lollypop Creek Primary School,Primary,O,114 Shipwright Parade,Werribee,3030,SOUTH-WESTERN VICTORIA,Western Melbourne,726,Wyndham (C),Metro,144.613418,-37.910972,Wyndham
Government,1,5594,Kurrun Primary School,Primary,O,22 Allsburg Avenue,Officer,3809,SOUTH-EASTERN VICTORIA,Southern Melbourne,145,Cardinia (S),Metro,145.404987,-38.070263,Cardinia
Government,1,5595,Thornhill Park Primary School,Primary,O,61 Baxterpark Drive,Thornhill Park,3335,SOUTH-WESTERN VICTORIA,Brimbank Melton,465,Melton (C),Metro,144.62601,-37.715334,Melton
Government,1,5596,Karwan Primary School,Primary,O,455 Bethany Road,Tarneit,3029,SOUTH-WESTERN VICTORIA,Western Melbourne,726,Wyndham (C),Metro,144.645769,-37.852612,Wyndham
Government,1,5597,Nearnung Primary School,Primary,O,85 Polly Parade,Tarneit,3029,SOUTH-WESTERN VICTORIA,Western Melbourne,726,Wyndham (C),Metro,144.684961,-37.82571,Wyndham
Government,1,5598,Topirum Primary School,Primary,O,451 Hardys Road,Clyde North,3978,SOUTH-EASTERN VICTORIA,Southern Melbourne,161,Casey (C),Metro,145.384694,-38.108902,Casey
Government,1,5599,Laa Yulta Primary School,Primary,O,10 Elementary Road,Mambourin,3024,SOUTH-WESTERN VICTORIA,Western Melbourne,726,Wyndham (C),Metro,144.59592,-37.885494,Wyndham
Government,1,5600,Binap Primary School,Primary,O,11 Grand Scenic Drive,Brookfield,3338,SOUTH-WESTERN VICTORIA,Brimbank Melton,465,Melton (C),Metro,144.544537,-37.701127,Melton
Government,1,5601,Banum Warrik Primary School,Primary,O,2 Koeks Vista,Kalkallo,3064,NORTH-WESTERN VICTORIA,Hume Merri-bek,327,Hume (C),Metro,144.954849,-37.52093,Hume
Government,1,5602,Kurmile Primary School,Primary,O,40 Fairweather Parade,Officer,3809,SOUTH-EASTERN VICTORIA,Southern Melbourne,145,Cardinia (S),Metro,145.397219,-38.059337,Cardinia
Government,1,5604,Wimba Primary School,Primary,O,11 Tuition Drive,Tarneit,3029,SOUTH-WESTERN VICTORIA,Western Melbourne,726,Wyndham (C),Metro,144.669069,-37.823502,Wyndham
Government,1,5607,Warreen Primary School,Primary,O,20 Hercules Drive,Truganina,3029,SOUTH-WESTERN VICTORIA,Western Melbourne,726,Wyndham (C),Metro,144.715294,-37.816223,Wyndham
Government,1,5608,Wayi School,Special,O,1200 Aitken Boulevard,Craigieburn,3064,NORTH-WESTERN VICTORIA,Hume Merri-bek,327,Hume (C),Metro,144.921078,-37.575914,Hume
Government,1,5609,Turrun Primary School,Primary,O,60 Macumba Drive,Clyde North,3978,SOUTH-EASTERN VICTORIA,Southern Melbourne,161,Casey (C),Metro,145.353099,-38.082509,Casey
Government,1,5614,Barayip Primary School,Primary,O,290 Hummingbird Boulevard,Tarneit,3029,SOUTH-WESTERN VICTORIA,Western Melbourne,726,Wyndham (C),Metro,144.640016,-37.834882,Wyndham
Government,1,5615,Kuyim Primary School,Primary,O,10 Kenneth Road,Pakenham,3810,SOUTH-EASTERN VICTORIA,Southern Melbourne,145,Cardinia (S),Metro,145.448794,-38.055994,Cardinia
Government,1,5619,Mirniyan Primary School,Primary,O,75 Welsummer Drive,Clyde North,3978,SOUTH-EASTERN VICTORIA,Southern Melbourne,161,Casey (C),Metro,145.337129,-38.102028,Casey
Government,1,6201,Alvie Primary School,Primary,O,40 Wool Wool Rd,Alvie,3249,SOUTH-WESTERN VICTORIA,Barwon,175,Colac-Otway (S),Non Metro,143.50332,-38.241899,Colac-Otway
Government,1,6203,Apollo Bay P-12 College,Pri/Sec,O,20 Pengilley Avenue,Apollo Bay,3233,SOUTH-WESTERN VICTORIA,Barwon,175,Colac-Otway (S),Non Metro,143.660507,-38.753524,Colac-Otway
Government,1,6207,Boisdale Consolidated School,Primary,O,69 Newry Road,Boisdale,3860,SOUTH-EASTERN VICTORIA,Outer Gippsland,681,Wellington (S),Non Metro,146.979469,-37.87959,Wellington
Government,1,6209,Cobram Primary School,Primary,O,90-100 WILLIAM STREET,Cobram,3644,NORTH-EASTERN VICTORIA,Goulburn,490,Moira (S),Non Metro,145.651099,-35.925108,Moira
Government,1,6211,Cohuna Consolidated School,Primary,O,Mead St,Cohuna,3568,NORTH-WESTERN VICTORIA,Mallee,225,Gannawarra (S),Non Metro,144.213425,-35.806317,Gannawarra
Government,1,6212,Collingwood College,Pri/Sec,O,Cnr Cromwell St/McCutcheon Way,Collingwood,3066,NORTH-WESTERN VICTORIA,North Eastern Melbourne,735,Yarra (C),Metro,144.990497,-37.802985,Yarra
Government,1,6215,Dunkeld Consolidated School,Primary,O,93 Victoria Valley Road,Dunkeld,3294,SOUTH-WESTERN VICTORIA,Wimmera South West,626,Southern Grampians (S),Non Metro,142.340366,-37.638984,Southern Grampians
Government,1,6217,East Loddon P-12 College,Pri/Sec,O,793 Dingee Road,Dingee,3571,NORTH-WESTERN VICTORIA,Loddon Campaspe,394,Loddon (S),Non Metro,144.141446,-36.372222,Loddon
Government,1,6221,Foster Primary School,Primary,O,75 Pioneer Street,Foster,3960,SOUTH-EASTERN VICTORIA,Inner Gippsland,617,South Gippsland (S),Non Metro,146.201995,-38.657341,South Gippsland
Government,1,6223,Goroke P-12 College,Pri/Sec,O,55 Natimuk-Frances Road,Goroke,3412,SOUTH-WESTERN VICTORIA,Wimmera South West,689,West Wimmera (S),Non Metro,141.48354,-36.715786,West Wimmera
Government,1,6225,Heywood Consolidated School,Primary,O,51 Kentbruck Road,Heywood,3304,SOUTH-WESTERN VICTORIA,Wimmera South West,241,Glenelg (S),Non Metro,141.612925,-38.127523,Glenelg
Government,1,6229,Kiewa Valley Primary School,Primary,O,81 Kiewa East Road,Tangambalanga,3691,NORTH-EASTERN VICTORIA,Ovens Murray,335,Indigo (S),Non Metro,147.038773,-36.251053,Indigo
Government,1,6231,Lavers Hill K-12 College,Pri/Sec,O,Great Ocean Road,Lavers Hill,3238,SOUTH-WESTERN VICTORIA,Barwon,175,Colac-Otway (S),Non Metro,143.383051,-38.681844,Colac-Otway
Government,1,6233,Lockington Consolidated School,Primary,O,20 Burns Street,Lockington,3563,NORTH-WESTERN VICTORIA,Loddon Campaspe,137,Campaspe (S),Non Metro,144.536638,-36.265769,Campaspe
Government,1,6235,Manangatang P-12 College,Pri/Sec,O,4105 Mallee Highway,Manangatang,3546,NORTH-WESTERN VICTORIA,Mallee,661,Swan Hill (RC),Non Metro,142.884879,-35.056234,Swan Hill
Government,1,6236,Terang College,Pri/Sec,O,45 Strong Street,Terang,3264,SOUTH-WESTERN VICTORIA,Wimmera South West,183,Corangamite (S),Non Metro,142.921395,-38.246282,Corangamite
Government,1,6237,Merino Consolidated School,Primary,O,49 Paschendale Road,Merino,3310,SOUTH-WESTERN VICTORIA,Wimmera South West,241,Glenelg (S),Non Metro,141.5483064,-37.70636625,Glenelg
Government,1,6238,Rushworth P-12 College,Pri/Sec,O,45 Heily Street,Rushworth,3612,NORTH-WESTERN VICTORIA,Loddon Campaspe,137,Campaspe (S),Non Metro,145.014399,-36.583317,Campaspe
Government,1,6242,Macleod College,Pri/Sec,O,Carwarp Street,Macleod,3085,NORTH-WESTERN VICTORIA,North Eastern Melbourne,66,Banyule (C),Metro,145.072218,-37.724746,Banyule
Government,1,6243,Pakenham Consolidated School,Primary,O,2 Rundell Way,Pakenham,3810,SOUTH-EASTERN VICTORIA,Southern Melbourne,145,Cardinia (S),Metro,145.464663,-38.065371,Cardinia
Government,1,6245,Poowong Consolidated School,Primary,O,27-59 Ranceby Road,Poowong,3988,SOUTH-EASTERN VICTORIA,Inner Gippsland,617,South Gippsland (S),Non Metro,145.769703,-38.342481,South Gippsland
Government,1,6247,Port Fairy Consolidated School,Primary,O,Albert Street,Port Fairy,3284,SOUTH-WESTERN VICTORIA,Wimmera South West,549,Moyne (S),Non Metro,142.228225,-38.386616,Moyne
Government,1,6249,Red Hill Consolidated School,Primary,O,341 Arthurs Seat Road,Red Hill,3937,SOUTH-EASTERN VICTORIA,Bayside Peninsula,534,Mornington Peninsula (S),Metro,144.995269,-38.366681,Mornington Peninsula
Government,1,6252,Sherbrooke Community School,Pri/Sec,O,311 Mt Dandenong Tourist Road,Sassafras,3787,NORTH-EASTERN VICTORIA,Outer Eastern Melbourne,745,Yarra Ranges (S),Metro,145.349444,-37.868244,Yarra Ranges
Government,1,6255,Tongala Primary School,Primary,O,28 Miller Street,Tongala,3621,NORTH-WESTERN VICTORIA,Loddon Campaspe,137,Campaspe (S),Non Metro,144.956517,-36.252149,Campaspe
Government,1,6257,Werrimull P-12 School,Pri/Sec,O,5 McDonald Street,Werrimull,3496,NORTH-WESTERN VICTORIA,Mallee,478,Mildura (RC),Non Metro,141.593839,-34.390411,Mildura
Government,1,6259,Camperdown College,Pri/Sec,O,1 Wilson Street,Camperdown,3260,SOUTH-WESTERN VICTORIA,Wimmera South West,183,Corangamite (S),Non Metro,143.145435,-38.239731,Corangamite
Government,1,6260,Timboon P-12 School,Pri/Sec,O,Bailey Street,Timboon,3268,SOUTH-WESTERN VICTORIA,Wimmera South West,183,Corangamite (S),Non Metro,142.975889,-38.484056,Corangamite
Government,1,6261,Virtual School Victoria,Pri/Sec,O,315 Clarendon Street,Thornbury,3071,NORTH-WESTERN VICTORIA,North Eastern Melbourne,189,Darebin (C),Metro,145.025701,-37.76204,Darebin
Government,1,6262,Wedderburn College,Pri/Sec,O,15-29 Hospital Street,Wedderburn,3518,NORTH-WESTERN VICTORIA,Loddon Campaspe,394,Loddon (S),Non Metro,143.61877,-36.417022,Loddon
Government,1,6365,Dharra School,Special,O,42 Recreation Road,Aintree,3336,SOUTH-WESTERN VICTORIA,Brimbank Melton,465,Melton (C),Metro,144.665014,-37.710878,Melton
Government,1,6366,Nganboo Borron School,Special,O,2 Frome Crescent,Werribee,3030,SOUTH-WESTERN VICTORIA,Western Melbourne,726,Wyndham (C),Metro,144.603338,-37.907931,Wyndham
Government,1,6368,Hampton East School,Special,O,1B Dane Road,Hampton East,3188,SOUTH-EASTERN VICTORIA,Bayside Peninsula,91,Bayside (C),Metro,145.031808,-37.938959,Bayside
Government,1,7028,Mount Erin Secondary College,Secondary,O,43 Robinsons Road,Frankston South,3199,SOUTH-EASTERN VICTORIA,Bayside Peninsula,217,Frankston (C),Metro,145.14663,-38.174118,Frankston
Government,1,7050,Box Hill Senior Secondary College,Secondary,O,Dunloe Avenue,Mont Albert North,3129,NORTH-EASTERN VICTORIA,Inner Eastern Melbourne,698,Whitehorse (C),Metro,145.111907,-37.809243,Whitehorse
Government,1,7081,Edgars Creek Secondary College,Secondary,O,2 Steen Avenue,Wollert,3750,NORTH-WESTERN VICTORIA,North Eastern Melbourne,707,Whittlesea (C),Metro,145.005071,-37.609492,Whittlesea
Government,1,7082,Elevation Secondary College,Secondary,O,199 Elevation Boulevard,Craigieburn,3064,NORTH-WESTERN VICTORIA,Hume Merri-bek,327,Hume (C),Metro,144.890252,-37.598288,Hume
Government,1,7086,Clyde Secondary College,Secondary,O,21 Fernlea Homestead Road,Clyde,3978,SOUTH-EASTERN VICTORIA,Southern Melbourne,161,Casey (C),Metro,145.338863,-38.129547,Casey
Government,1,7088,Cobden Technical School,Secondary,O,Mckenzie Street,Cobden,3266,SOUTH-WESTERN VICTORIA,Wimmera South West,183,Corangamite (S),Non Metro,143.0636059,-38.32403633,Corangamite
Government,1,7108,Lyndhurst Secondary College,Secondary,O,950 South Gippsland Highway,Cranbourne,3977,SOUTH-EASTERN VICTORIA,Southern Melbourne,161,Casey (C),Metro,145.271028,-38.075386,Casey
Government,1,7115,Daylesford Secondary College,Secondary,O,39 Smith Street,Daylesford,3460,SOUTH-WESTERN VICTORIA,Central Highlands,291,Hepburn (S),Non Metro,144.151851,-37.33466597,Hepburn
Government,1,7122,Dromana Secondary College,Secondary,O,110 Harrisons Road,Dromana,3936,SOUTH-EASTERN VICTORIA,Bayside Peninsula,534,Mornington Peninsula (S),Metro,145.013582,-38.342636,Mornington Peninsula
Government,1,7183,Grovedale College,Secondary,O,19 Wingarra Drive,Grovedale,3216,SOUTH-WESTERN VICTORIA,Barwon,275,Greater Geelong (C),Non Metro,144.327441,-38.210399,Greater Geelong
Government,1,7198,Irymple Secondary College,Secondary,O,975 - 1011  Karadoc Ave,Irymple,3498,NORTH-WESTERN VICTORIA,Mallee,478,Mildura (RC),Non Metro,142.1647031,-34.23232674,Mildura
Government,1,7205,Crusoe 7-10 Secondary College,Secondary,O,57 - 75 Olympic Parade,Kangaroo Flat,3555,NORTH-WESTERN VICTORIA,Loddon Campaspe,262,Greater Bendigo (C),Non Metro,144.23367,-36.788647,Greater Bendigo
Government,1,7217,Peter Lalor Secondary College,Secondary,O,2 Robert Street,Lalor,3075,NORTH-WESTERN VICTORIA,North Eastern Melbourne,707,Whittlesea (C),Metro,145.0126913,-37.66678514,Whittlesea
Government,1,7219,Lilydale Heights College,Secondary,O,17-19 Nelson Road,Lilydale,3140,NORTH-EASTERN VICTORIA,Outer Eastern Melbourne,745,Yarra Ranges (S),Metro,145.3414068,-37.7458221,Yarra Ranges
Government,1,7247,Staughton College,Secondary,O,Wilson Road,Melton South,3338,SOUTH-WESTERN VICTORIA,Brimbank Melton,465,Melton (C),Metro,144.568689,-37.708365,Melton
Government,1,7250,Chaffey Secondary College,Secondary,O,261-289 Deakin Avenue,Mildura,3500,NORTH-WESTERN VICTORIA,Mallee,478,Mildura (RC),Non Metro,142.147985,-34.19573,Mildura
Government,1,7255,Bentleigh Secondary College,Secondary,O,4 Vivien St,Bentleigh East,3165,SOUTH-EASTERN VICTORIA,Bayside Peninsula,231,Glen Eira (C),Metro,145.059798,-37.927357,Glen Eira
Government,1,7267,Mount Clear College,Secondary,O,59 Olympic Avenue,Mount Clear,3353,SOUTH-WESTERN VICTORIA,Central Highlands,57,Ballarat (C),Non Metro,143.876673,-37.607965,Ballarat
Government,1,7275,Rosehill Secondary College,Secondary,O,33 Sapphire Street,Niddrie,3042,SOUTH-WESTERN VICTORIA,Western Melbourne,506,Moonee Valley (C),Metro,144.886183,-37.746679,Moonee Valley
Government,1,7300,Northern College of the Arts and Technology,Secondary,O,62 Murray Road,Preston,3072,NORTH-WESTERN VICTORIA,North Eastern Melbourne,189,Darebin (C),Metro,145.025372,-37.740069,Darebin
Government,1,7366,Swinburne Senior Secondary College,Secondary,O,505 Burwood Road,Hawthorn,3122,NORTH-EASTERN VICTORIA,Inner Eastern Melbourne,111,Boroondara (C),Metro,145.040821,-37.823135,Boroondara
Government,1,7384,Victorian College Of The Arts Secondary School,Secondary,O,57 Miles Street,Southbank,3006,SOUTH-WESTERN VICTORIA,Western Melbourne,460,Melbourne (C),Metro,144.964767,-37.828229,Melbourne
Government,1,7395,Brauer Secondary College,Secondary,O,Caramut Road,Warrnambool,3280,SOUTH-WESTERN VICTORIA,Wimmera South West,673,Warrnambool (C),Non Metro,142.458924,-38.358714,Warrnambool
Government,1,7402,Wyndham Central Secondary College,Secondary,O,101 Shaws Road,Werribee,3030,SOUTH-WESTERN VICTORIA,Western Melbourne,726,Wyndham (C),Metro,144.65385,-37.888932,Wyndham
Government,1,7405,Weeroona College Bendigo,Secondary,O,383 Napier Street,Bendigo,3550,NORTH-WESTERN VICTORIA,Loddon Campaspe,262,Greater Bendigo (C),Non Metro,144.29798,-36.73893,Greater Bendigo
Government,1,7408,Whittlesea Secondary College,Secondary,O,55 Laurel Street,Whittlesea,3757,NORTH-WESTERN VICTORIA,North Eastern Melbourne,707,Whittlesea (C),Metro,145.1201751,-37.5150463,Whittlesea
Government,1,7500,Yarrabing Secondary College,Secondary,O,40 Recreation Road,Aintree,3336,SOUTH-WESTERN VICTORIA,Brimbank Melton,465,Melton (C),Metro,144.664788,-37.712027,Melton
Government,1,7505,Alexandra Secondary College,Secondary,O,Downey Street,Alexandra,3714,NORTH-EASTERN VICTORIA,Goulburn,562,Murrindindi (S),Non Metro,145.701477,-37.19449,Murrindindi
Government,1,7526,Auburn High School,Secondary,O,26 Burgess Street,Hawthorn East,3123,NORTH-EASTERN VICTORIA,Inner Eastern Melbourne,111,Boroondara (C),Metro,145.045067,-37.83988,Boroondara
Government,1,7540,Ballarat High School,Secondary,O,1726 Sturt Street,LAKE GARDENS,3355,SOUTH-WESTERN VICTORIA,Central Highlands,57,Ballarat (C),Non Metro,143.818213,-37.554522,Ballarat
Government,1,7550,Balwyn High School,Secondary,O,Buchanan Avenue,Balwyn North,3104,NORTH-EASTERN VICTORIA,Inner Eastern Melbourne,111,Boroondara (C),Metro,145.0767724,-37.79785922,Boroondara
Government,1,7560,Bayswater Secondary College,Secondary,O,14 Orchard Road,Bayswater,3153,NORTH-EASTERN VICTORIA,Outer Eastern Melbourne,367,Knox (C),Metro,145.261998,-37.83903,Knox
Government,1,7565,Beaufort Secondary College,Secondary,O,1/37 Park Road,Beaufort,3373,SOUTH-WESTERN VICTORIA,Central Highlands,599,Pyrenees (S),Non Metro,143.382486,-37.438844,Pyrenees
Government,1,7566,Beaumaris Secondary College,Secondary,O,117 - 135 Reserve Road,Beaumaris,3193,SOUTH-EASTERN VICTORIA,Bayside Peninsula,91,Bayside (C),Metro,145.034078,-37.978396,Bayside
Government,1,7575,Beechworth Secondary College,Secondary,O,85 Balaclava Road,Beechworth,3747,NORTH-EASTERN VICTORIA,Ovens Murray,335,Indigo (S),Non Metro,146.690764,-36.34722,Indigo
Government,1,7585,Belmont High School,Secondary,O,12-36 Rotherham Street,Belmont,3216,SOUTH-WESTERN VICTORIA,Barwon,275,Greater Geelong (C),Non Metro,144.330562,-38.175654,Greater Geelong
Government,1,7595,Bendigo Senior Secondary College,Secondary,O,40 Gaol Road,Bendigo,3550,NORTH-WESTERN VICTORIA,Loddon Campaspe,262,Greater Bendigo (C),Non Metro,144.279278,-36.755301,Greater Bendigo
Government,1,7603,Berwick Secondary College,Secondary,O,65-69 Manuka Road,Berwick,3806,SOUTH-EASTERN VICTORIA,Southern Melbourne,161,Casey (C),Metro,145.365438,-38.031398,Casey
Government,1,7610,Blackburn High School,Secondary,O,60 Springfield Road,Blackburn,3130,NORTH-EASTERN VICTORIA,Inner Eastern Melbourne,698,Whitehorse (C),Metro,145.149893,-37.81037,Whitehorse
Government,1,7635,Box Hill High School,Secondary,O,1180 Whitehorse Road,Box Hill,3128,NORTH-EASTERN VICTORIA,Inner Eastern Melbourne,698,Whitehorse (C),Metro,145.137208,-37.820003,Whitehorse
Government,1,7645,Braybrook College,Secondary,O,352 Ballarat Road,Braybrook,3019,SOUTH-WESTERN VICTORIA,Western Melbourne,433,Maribyrnong (C),Metro,144.847537,-37.778257,Maribyrnong
Government,1,7647,Brentwood Secondary College,Secondary,O,65-71 Watsons Road,Glen Waverley,3150,NORTH-EASTERN VICTORIA,Inner Eastern Melbourne,497,Monash (C),Metro,145.1663432,-37.89950842,Monash
Government,1,7650,Brighton Secondary College,Secondary,O,120 Marriage Road,Brighton East,3187,SOUTH-EASTERN VICTORIA,Bayside Peninsula,91,Bayside (C),Metro,145.019119,-37.920156,Bayside
Government,1,7655,Broadford Secondary College,Secondary,O,2-12 Pinniger Street,Broadford,3658,NORTH-EASTERN VICTORIA,Goulburn,485,Mitchell (S),Non Metro,145.040033,-37.204375,Mitchell
Government,1,7670,Buckley Park College,Secondary,O,59-99 Cooper Street,Essendon,3040,SOUTH-WESTERN VICTORIA,Western Melbourne,506,Moonee Valley (C),Metro,144.897755,-37.747117,Moonee Valley
Government,1,7680,Camberwell High School,Secondary,O,Prospect Hill Road,Canterbury,3126,NORTH-EASTERN VICTORIA,Inner Eastern Melbourne,111,Boroondara (C),Metro,145.072821,-37.830151,Boroondara
Government,1,7690,Canterbury Girls Secondary College,Secondary,O,16 Mangarra Road,Canterbury,3126,NORTH-EASTERN VICTORIA,Inner Eastern Melbourne,111,Boroondara (C),Metro,145.069102,-37.820289,Boroondara
Government,1,7695,Casterton Secondary College,Secondary,O,27 Mt Gambier Road,Casterton,3311,SOUTH-WESTERN VICTORIA,Wimmera South West,241,Glenelg (S),Non Metro,141.387493,-37.588796,Glenelg
Government,1,7720,Cheltenham Secondary College,Secondary,O,73-75 Bernard Street,Cheltenham,3192,SOUTH-EASTERN VICTORIA,Bayside Peninsula,343,Kingston (C),Metro,145.068676,-37.953762,Kingston
Government,1,7724,Wulerrp Secondary College,Secondary,O,560 Soldiers Road,Clyde North,3978,SOUTH-EASTERN VICTORIA,Southern Melbourne,161,Casey (C),Metro,145.36665,-38.091026,Casey
Government,1,7725,Cobram Secondary College,Secondary,O,25-47 Warkil Street,Cobram,3644,NORTH-EASTERN VICTORIA,Goulburn,490,Moira (S),Non Metro,145.654121,-35.913605,Moira
Government,1,7735,Cohuna Secondary College,Secondary,O,6415 Murray Valley Highway,Cohuna,3568,NORTH-WESTERN VICTORIA,Mallee,225,Gannawarra (S),Non Metro,144.226425,-35.813503,Gannawarra
Government,1,7747,Cranbourne Secondary College,Secondary,O,Stawell Street,Cranbourne,3977,SOUTH-EASTERN VICTORIA,Southern Melbourne,161,Casey (C),Metro,145.286136,-38.107591,Casey
Government,1,7748,Cranbourne West Secondary College,Secondary,O,80 Strathlea Drive,Cranbourne West,3977,SOUTH-EASTERN VICTORIA,Southern Melbourne,161,Casey (C),Metro,145.246512,-38.10672,Casey
Government,1,7757,Croydon Community School,Secondary,O,61-77 Croydon Road,Croydon,3136,NORTH-EASTERN VICTORIA,Outer Eastern Melbourne,441,Maroondah (C),Metro,145.281261,-37.78935,Maroondah
Government,1,7763,Mount Alexander 7-12 College,Secondary,O,78 Wellington Street,Flemington,3031,SOUTH-WESTERN VICTORIA,Western Melbourne,506,Moonee Valley (C),Metro,144.933235,-37.782154,Moonee Valley
Government,1,7770,Dimboola Memorial Secondary College,Secondary,O,66 Ellerman Street,Dimboola,3414,SOUTH-WESTERN VICTORIA,Wimmera South West,298,Hindmarsh (S),Non Metro,142.034409,-36.449839,Hindmarsh
Government,1,7773,East Doncaster Secondary College,Secondary,O,20 George Street,Doncaster East,3109,NORTH-EASTERN VICTORIA,Inner Eastern Melbourne,421,Manningham (C),Metro,145.158557,-37.782127,Manningham
Government,1,7775,Donald High School,Secondary,O,2-16 Camp Street,Donald,3480,SOUTH-WESTERN VICTORIA,Wimmera South West,127,Buloke (S),Non Metro,142.973962,-36.370779,Buloke
Government,1,7776,Doncaster Secondary College,Secondary,O,123 Church Road,Doncaster,3108,NORTH-EASTERN VICTORIA,Inner Eastern Melbourne,421,Manningham (C),Metro,145.138053,-37.784581,Manningham
Government,1,7785,Drouin Secondary College,Secondary,O,South Road,Drouin,3818,SOUTH-EASTERN VICTORIA,Inner Gippsland,83,Baw Baw (S),Non Metro,145.850978,-38.144659,Baw Baw
Government,1,7790,Eaglehawk Secondary College,Secondary,O,1-3 Reserve Street,Eaglehawk,3556,NORTH-WESTERN VICTORIA,Loddon Campaspe,262,Greater Bendigo (C),Non Metro,144.261627,-36.720062,Greater Bendigo
Government,1,7805,Eltham High School,Secondary,O,30-60 Withers Way,Eltham,3095,NORTH-WESTERN VICTORIA,North Eastern Melbourne,571,Nillumbik (S),Metro,145.141725,-37.724436,Nillumbik
Government,1,7810,Elwood College,Secondary,O,101 Glenhuntly Road,Elwood,3184,SOUTH-EASTERN VICTORIA,Bayside Peninsula,590,Port Phillip (C),Metro,144.985203,-37.88232,Port Phillip
Government,1,7813,Epping Secondary College,Secondary,O,Mcdonalds Road,Epping,3076,NORTH-WESTERN VICTORIA,North Eastern Melbourne,707,Whittlesea (C),Metro,145.033426,-37.644001,Whittlesea
Government,1,7820,Euroa Secondary College,Secondary,O,26 Campbell St,Euroa,3666,NORTH-EASTERN VICTORIA,Goulburn,643,Strathbogie (S),Non Metro,145.5648,-36.758203,Strathbogie
Government,1,7823,Fairhills High School,Secondary,O,330 Scoresby Road,Knoxfield,3180,NORTH-EASTERN VICTORIA,Outer Eastern Melbourne,367,Knox (C),Metro,145.259037,-37.87321,Knox
Government,1,7837,Bendigo South East 7-10 Secondary College,Secondary,O,Ellis Street,Bendigo,3550,NORTH-WESTERN VICTORIA,Loddon Campaspe,262,Greater Bendigo (C),Non Metro,144.297592,-36.775789,Greater Bendigo
Government,1,7839,Port Melbourne Secondary College,Secondary,O,477 Graham Street,Port Melbourne,3207,SOUTH-EASTERN VICTORIA,Bayside Peninsula,590,Port Phillip (C),Metro,144.932045,-37.832013,Port Phillip
Government,1,7842,Footscray High School,Secondary,O,1 Kinnear Street,Footscray,3011,SOUTH-WESTERN VICTORIA,Western Melbourne,433,Maribyrnong (C),Metro,144.8937633,-37.79104291,Maribyrnong
Government,1,7845,Foster Secondary College,Secondary,O,2-10 Pioneer Street,Foster,3960,SOUTH-EASTERN VICTORIA,Inner Gippsland,617,South Gippsland (S),Non Metro,146.197413,-38.651737,South Gippsland
Government,1,7850,Frankston High School,Secondary,O,97 Foot Street,Frankston,3199,SOUTH-EASTERN VICTORIA,Bayside Peninsula,217,Frankston (C),Metro,145.128951,-38.1621885,Frankston
Government,1,7855,Geelong High School,Secondary,O,385 Ryrie Street,East Geelong,3219,SOUTH-WESTERN VICTORIA,Barwon,275,Greater Geelong (C),Non Metro,144.373726,-38.153026,Greater Geelong
Government,1,7856,North Geelong Secondary College,Secondary,O,86-132 Separation Street,North Geelong,3215,SOUTH-WESTERN VICTORIA,Barwon,275,Greater Geelong (C),Non Metro,144.340792,-38.109956,Greater Geelong
Government,1,7857,Gisborne Secondary College,Secondary,O,95 Melton Road,Gisborne,3437,NORTH-WESTERN VICTORIA,Loddon Campaspe,413,Macedon Ranges (S),Non Metro,144.5847741,-37.49811364,Macedon Ranges
Government,1,7858,Gladstone Park Secondary College,Secondary,O,14 - 36 Taylor Drive,Gladstone Park,3043,NORTH-WESTERN VICTORIA,Hume Merri-bek,327,Hume (C),Metro,144.890003,-37.689766,Hume
Government,1,7874,Bundoora Secondary College,Secondary,O,53 Balmoral Avenue,Bundoora,3083,NORTH-WESTERN VICTORIA,North Eastern Melbourne,66,Banyule (C),Metro,145.061977,-37.707501,Banyule
Government,1,7876,Greater Shepparton Secondary College,Secondary,O,31-71 Hawdon Street,Shepparton,3630,NORTH-EASTERN VICTORIA,Goulburn,283,Greater Shepparton (C),Non Metro,145.415396,-36.372067,Greater Shepparton
Government,1,7893,Western Port Secondary College,Secondary,O,215 High Street,Hastings,3915,SOUTH-EASTERN VICTORIA,Bayside Peninsula,534,Mornington Peninsula (S),Metro,145.176383,-38.308172,Mornington Peninsula
Government,1,7900,Healesville High School,Secondary,O,10 Camerons Road,Healesville,3777,NORTH-EASTERN VICTORIA,Outer Eastern Melbourne,745,Yarra Ranges (S),Metro,145.530807,-37.643586,Yarra Ranges
Government,1,7910,Heywood District Secondary College,Secondary,O,Gorrie Street,Heywood,3304,SOUTH-WESTERN VICTORIA,Wimmera South West,241,Glenelg (S),Non Metro,141.6204999,-38.12926753,Glenelg
Government,1,7918,Highvale Secondary College,Secondary,O,Capital Avenue,Glen Waverley,3150,NORTH-EASTERN VICTORIA,Inner Eastern Melbourne,497,Monash (C),Metro,145.17682,-37.865409,Monash
Government,1,7945,Kerang Technical High School,Secondary,O,Murray St,Kerang,3579,NORTH-WESTERN VICTORIA,Mallee,225,Gannawarra (S),Non Metro,143.913802,-35.725651,Gannawarra
Government,1,7947,Kensington Community High School,Secondary,O,405 Racecourse Rd,Kensington,3031,SOUTH-WESTERN VICTORIA,Western Melbourne,460,Melbourne (C),Metro,144.925577,-37.787909,Melbourne
Government,1,7950,Kew High School,Secondary,O,1393 Burke Road,Kew East,3102,NORTH-EASTERN VICTORIA,Inner Eastern Melbourne,111,Boroondara (C),Metro,145.063358,-37.795546,Boroondara
Government,1,7954,Koonung Secondary College,Secondary,O,68 Box Hill Crescent,Mont Albert North,3129,NORTH-EASTERN VICTORIA,Inner Eastern Melbourne,698,Whitehorse (C),Metro,145.117561,-37.80219,Whitehorse
Government,1,7955,Koo Wee Rup Secondary College,Secondary,O,345-357 Rossiter Road,Koo Wee Rup,3981,SOUTH-EASTERN VICTORIA,Southern Melbourne,145,Cardinia (S),Metro,145.495779,-38.197091,Cardinia
Government,1,7960,Korumburra Secondary College,Secondary,O,125 Jumbunna Road,Korumburra,3950,SOUTH-EASTERN VICTORIA,Inner Gippsland,617,South Gippsland (S),Non Metro,145.8039,-38.44387,South Gippsland
Government,1,7965,Kyabram P-12 College,Pri/Sec,O,57 Fischer Street,Kyabram,3620,NORTH-WESTERN VICTORIA,Loddon Campaspe,137,Campaspe (S),Non Metro,145.056207,-36.317476,Campaspe
Government,1,7970,Kyneton High School,Secondary,O,1-9 Epping Street,Kyneton,3444,NORTH-WESTERN VICTORIA,Loddon Campaspe,413,Macedon Ranges (S),Non Metro,144.4581707,-37.25132966,Macedon Ranges
Government,1,7985,Lalor Secondary College,Secondary,O,118 David Street,Lalor,3075,NORTH-WESTERN VICTORIA,North Eastern Melbourne,707,Whittlesea (C),Metro,145.0306228,-37.67265939,Whittlesea
Government,1,7986,Lalor North Secondary College,Secondary,O,114 Childs Road,Epping,3076,NORTH-WESTERN VICTORIA,North Eastern Melbourne,707,Whittlesea (C),Metro,145.034124,-37.660767,Whittlesea
Government,1,7995,Lilydale High School,Secondary,O,25 Melba Avenue,Lilydale,3140,NORTH-EASTERN VICTORIA,Outer Eastern Melbourne,745,Yarra Ranges (S),Metro,145.343917,-37.760697,Yarra Ranges
Government,1,7996,Walcom Ngarrwa Secondary College,Secondary,O,20 Frome Crescent,Werribee,3030,SOUTH-WESTERN VICTORIA,Western Melbourne,726,Wyndham (C),Metro,144.602155,-37.90708,Wyndham
Government,1,7997,Lorne P-12 College,Pri/Sec,O,15 Grove Road,Lorne,3232,SOUTH-WESTERN VICTORIA,Barwon,649,Surf Coast (S),Non Metro,143.9738904,-38.53917804,Surf Coast
Government,1,8000,Lyndale Secondary College,Secondary,O,14 Halton Road,Dandenong North,3175,SOUTH-EASTERN VICTORIA,Southern Melbourne,267,Greater Dandenong (C),Metro,145.206712,-37.958765,Greater Dandenong
Government,1,8003,Bindjiroo Yaluk Community School,Secondary,O,7 Gleadell Street,Richmond,3121,NORTH-WESTERN VICTORIA,North Eastern Melbourne,735,Yarra (C),Metro,145.002257,-37.816477,Yarra
Government,1,8005,Maffra Secondary College,Secondary,O,Bill Cane Court,Maffra,3860,SOUTH-EASTERN VICTORIA,Outer Gippsland,681,Wellington (S),Non Metro,146.982424,-37.964888,Wellington
Government,1,8010,Mansfield Secondary College,Secondary,O,15 View Street,Mansfield,3722,NORTH-EASTERN VICTORIA,Ovens Murray,425,Mansfield (S),Non Metro,146.088565,-37.062676,Mansfield
Government,1,8015,Maribyrnong College,Secondary,O,Gordon Street,Maribyrnong,3032,SOUTH-WESTERN VICTORIA,Western Melbourne,433,Maribyrnong (C),Metro,144.888234,-37.779315,Maribyrnong
Government,1,8022,Matthew Flinders Girls Secondary College,Secondary,O,2 Little Ryrie Street,Geelong,3220,SOUTH-WESTERN VICTORIA,Barwon,275,Greater Geelong (C),Non Metro,144.353208,-38.149587,Greater Geelong
Government,1,8025,Melbourne High School,Secondary,O,Forrest Hill,South Yarra,3141,SOUTH-EASTERN VICTORIA,Bayside Peninsula,635,Stonnington (C),Metro,144.995314,-37.836829,Stonnington
Government,1,8027,Melton Secondary College,Secondary,O,Coburns Road,Melton,3337,SOUTH-WESTERN VICTORIA,Brimbank Melton,465,Melton (C),Metro,144.568216,-37.681753,Melton
Government,1,8030,Mentone Girls Secondary College,Secondary,O,175 Balcombe Road,Mentone,3194,SOUTH-EASTERN VICTORIA,Bayside Peninsula,343,Kingston (C),Metro,145.053504,-37.980182,Kingston
Government,1,8041,Mickleham Secondary College,Secondary,O,45 Blackmore Road,Mickleham,3064,NORTH-WESTERN VICTORIA,Hume Merri-bek,327,Hume (C),Metro,144.90194,-37.52738,Hume
Government,1,8045,Mildura Senior College,Secondary,O,307-339 Deakin Avenue,Mildura,3500,NORTH-WESTERN VICTORIA,Mallee,478,Mildura (RC),Non Metro,142.1453901,-34.19800387,Mildura
Government,1,8050,Mirboo North Secondary College,Secondary,O,Castle Street,Mirboo North,3871,SOUTH-EASTERN VICTORIA,Inner Gippsland,617,South Gippsland (S),Non Metro,146.148821,-38.40018,South Gippsland
Government,1,8065,Monbulk College,Secondary,O,146-148 David Hill Road,Monbulk,3793,NORTH-EASTERN VICTORIA,Outer Eastern Melbourne,745,Yarra Ranges (S),Metro,145.4278068,-37.88317535,Yarra Ranges
Government,1,8068,Montmorency Secondary College,Secondary,O,Para Road,Montmorency,3094,NORTH-WESTERN VICTORIA,North Eastern Melbourne,66,Banyule (C),Metro,145.113611,-37.714075,Banyule
Government,1,8071,Mooroolbark College,Secondary,O,186 Manchester Road,Mooroolbark,3138,NORTH-EASTERN VICTORIA,Outer Eastern Melbourne,745,Yarra Ranges (S),Metro,145.3142304,-37.77508326,Yarra Ranges
Government,1,8075,Mordialloc College,Secondary,O,1 Station Street,Mordialloc,3195,SOUTH-EASTERN VICTORIA,Bayside Peninsula,343,Kingston (C),Metro,145.092675,-38.012243,Kingston
Government,1,8100,Mount Beauty Secondary College,Secondary,O,Tailrace Road,Mount Beauty,3699,NORTH-EASTERN VICTORIA,Ovens Murray,11,Alpine (S),Non Metro,147.167284,-36.740307,Alpine
Government,1,8102,Mount Eliza Secondary College,Secondary,O,204 Canadian Bay Road,Mount Eliza,3930,SOUTH-EASTERN VICTORIA,Bayside Peninsula,534,Mornington Peninsula (S),Metro,145.093544,-38.189704,Mornington Peninsula
Government,1,8105,Mount Waverley Secondary College,Secondary,O,9 Lechte Road,Mount Waverley,3149,NORTH-EASTERN VICTORIA,Inner Eastern Melbourne,497,Monash (C),Metro,145.132311,-37.869086,Monash
Government,1,8125,McKinnon Secondary College,Secondary,O,291a Mckinnon Road,Mckinnon,3204,SOUTH-EASTERN VICTORIA,Bayside Peninsula,231,Glen Eira (C),Metro,145.048545,-37.912204,Glen Eira
Government,1,8135,MacRobertson Girls High School,Secondary,O,350-370 Kings Way,Melbourne,3004,SOUTH-EASTERN VICTORIA,Bayside Peninsula,590,Port Phillip (C),Metro,144.971862,-37.835886,Port Phillip
Government,1,8140,Nathalia Secondary College,Secondary,O,41 Chapel Street,Nathalia,3638,NORTH-EASTERN VICTORIA,Goulburn,490,Moira (S),Non Metro,145.208438,-36.059901,Moira
Government,1,8145,Neerim District Secondary College,Secondary,O,20 Neerim East Road,Neerim South,3831,SOUTH-EASTERN VICTORIA,Inner Gippsland,83,Baw Baw (S),Non Metro,145.95668,-38.016936,Baw Baw
Government,1,8151,Newcomb Secondary College,Secondary,O,81 - 85 Bellarine Highway,Newcomb,3219,SOUTH-WESTERN VICTORIA,Barwon,275,Greater Geelong (C),Non Metro,144.395201,-38.171133,Greater Geelong
Government,1,8180,Northcote High School,Secondary,O,St Georges Road,Northcote,3070,NORTH-WESTERN VICTORIA,North Eastern Melbourne,189,Darebin (C),Metro,144.989706,-37.774156,Darebin
Government,1,8185,Norwood Secondary College,Secondary,O,9 Byron Street,Ringwood,3134,NORTH-EASTERN VICTORIA,Outer Eastern Melbourne,441,Maroondah (C),Metro,145.237605,-37.799752,Maroondah
Government,1,8190,Numurkah Secondary College,Secondary,O,104 Tocumwal Road,Numurkah,3636,NORTH-EASTERN VICTORIA,Goulburn,490,Moira (S),Non Metro,145.446271,-36.079948,Moira
Government,1,8210,Oberon High School,Secondary,O,163 Batten Road,Armstrong Creek,3217,SOUTH-WESTERN VICTORIA,Barwon,275,Greater Geelong (C),Non Metro,144.364137,-38.231762,Greater Geelong
Government,1,8211,Orbost Community College,Pri/Sec,O,20 Arnold Street,Orbost,3888,SOUTH-EASTERN VICTORIA,Outer Gippsland,211,East Gippsland (S),Non Metro,148.46635,-37.70411,East Gippsland
Government,1,8220,Ouyen P-12 College,Pri/Sec,O,1-35 Fuller Street,Ouyen,3490,NORTH-WESTERN VICTORIA,Mallee,478,Mildura (RC),Non Metro,142.322608,-35.064571,Mildura
Government,1,8223,Pakenham Secondary College,Secondary,O,1020 Princes Highway,Pakenham,3810,SOUTH-EASTERN VICTORIA,Southern Melbourne,145,Cardinia (S),Metro,145.471002,-38.068997,Cardinia
Government,1,8224,Edenbrook Secondary College,Secondary,O,133 Henry Road,Pakenham,3810,SOUTH-EASTERN VICTORIA,Southern Melbourne,145,Cardinia (S),Metro,145.444017,-38.078267,Cardinia
Government,1,8225,Parkdale Secondary College,Secondary,O,Warren Road,Mordialloc,3195,SOUTH-EASTERN VICTORIA,Bayside Peninsula,343,Kingston (C),Metro,145.093501,-37.990301,Kingston
Government,1,8227,Pascoe Vale Girls Secondary College,Secondary,O,Lake Avenue,Pascoe Vale,3044,NORTH-WESTERN VICTORIA,Hume Merri-bek,525,Merri-bek (C),Metro,144.935499,-37.717564,Merri-bek
Government,1,8231,Prahran High School,Secondary,O,138 High Street,Windsor,3181,SOUTH-EASTERN VICTORIA,Bayside Peninsula,635,Stonnington (C),Metro,144.9911611,-37.85174882,Stonnington
Government,1,8241,Preston High School,Secondary,O,2-16 Cooma Street,Preston,3072,NORTH-WESTERN VICTORIA,North Eastern Melbourne,189,Darebin (C),Metro,145.006401,-37.741692,Darebin
Government,1,8245,Princes Hill Secondary College,Secondary,O,47 Arnold Street,Princes Hill,3054,NORTH-WESTERN VICTORIA,North Eastern Melbourne,735,Yarra (C),Metro,144.96503,-37.783481,Yarra
Government,1,8246,Homestead Senior Secondary College,Secondary,O,9 Coaching Parade,Point Cook,3030,SOUTH-WESTERN VICTORIA,Western Melbourne,726,Wyndham (C),Metro,144.768584,-37.915734,Wyndham
Government,1,8250,Bellarine Secondary College,Secondary,O,Peninsula Drive,Drysdale,3222,SOUTH-WESTERN VICTORIA,Barwon,275,Greater Geelong (C),Non Metro,144.557527,-38.190662,Greater Geelong
Government,1,8256,Rainbow P-12 College,Pri/Sec,O,17 Albert Street,Rainbow,3424,SOUTH-WESTERN VICTORIA,Wimmera South West,298,Hindmarsh (S),Non Metro,141.9966997,-35.89446757,Hindmarsh
Government,1,8260,Red Cliffs Secondary College,Secondary,O,55 Fitzroy Avenue,Red Cliffs,3496,NORTH-WESTERN VICTORIA,Mallee,478,Mildura (RC),Non Metro,142.195452,-34.298804,Mildura
Government,1,8270,Ringwood Secondary College,Secondary,O,Bedford Road,Ringwood,3134,NORTH-EASTERN VICTORIA,Outer Eastern Melbourne,441,Maroondah (C),Metro,145.239147,-37.816606,Maroondah
Government,1,8271,Richmond High School,Secondary,O,4 Griffiths Street,Richmond,3121,NORTH-WESTERN VICTORIA,North Eastern Melbourne,735,Yarra (C),Metro,145.002804,-37.817408,Yarra
Government,1,8276,Robinvale College,Pri/Sec,O,88 George Street,Robinvale,3549,NORTH-WESTERN VICTORIA,Mallee,661,Swan Hill (RC),Non Metro,142.7815451,-34.58888676,Swan Hill
Government,1,8280,Rochester Secondary College,Secondary,O,26 Edward Street,Rochester,3561,NORTH-WESTERN VICTORIA,Loddon Campaspe,137,Campaspe (S),Non Metro,144.6986963,-36.35277863,Campaspe
Government,1,8290,Rosebud Secondary College,Secondary,O,245 Eastbourne Road,Rosebud,3939,SOUTH-EASTERN VICTORIA,Bayside Peninsula,534,Mornington Peninsula (S),Metro,144.887447,-38.367615,Mornington Peninsula
Government,1,8292,Brinbeal Secondary College,Secondary,O,2 Connaught Road,Tarneit,3029,SOUTH-WESTERN VICTORIA,Western Melbourne,726,Wyndham (C),Metro,144.643456,-37.853585,Wyndham
Government,1,8300,Rutherglen High School,Secondary,O,40 Sheridans Bridge Road,Rutherglen,3685,NORTH-EASTERN VICTORIA,Ovens Murray,335,Indigo (S),Non Metro,146.452103,-36.062564,Indigo
Government,1,8303,Saltwater P-9 College,Pri/Sec,O,15 Kirra Place,Point Cook,3030,SOUTH-WESTERN VICTORIA,Western Melbourne,726,Wyndham (C),Metro,144.770051,-37.910536,Wyndham
Government,1,8307,Scoresby Secondary College,Secondary,O,Cavell Street,Scoresby,3179,NORTH-EASTERN VICTORIA,Outer Eastern Melbourne,367,Knox (C),Metro,145.2362,-37.888642,Knox
Government,1,8330,St Albans Secondary College,Secondary,O,289 Main Road East,St Albans,3021,SOUTH-WESTERN VICTORIA,Brimbank Melton,118,Brimbank (C),Metro,144.808411,-37.745532,Brimbank
Government,1,8335,St Arnaud Secondary College,Secondary,O,Smith Street,St Arnaud,3478,SOUTH-WESTERN VICTORIA,Wimmera South West,581,Northern Grampians (S),Non Metro,143.250936,-36.609547,Northern Grampians
Government,1,8337,Oakwood School,Secondary,O,319 Balaclava Road,Caulfield North,3161,SOUTH-EASTERN VICTORIA,Bayside Peninsula,231,Glen Eira (C),Metro,145.034173,-37.87398,Glen Eira
Government,1,8345,Strathmore Secondary College,Secondary,O,400 Pascoe Vale Road,Strathmore,3041,SOUTH-WESTERN VICTORIA,Western Melbourne,506,Moonee Valley (C),Metro,144.926643,-37.73695,Moonee Valley
Government,1,8350,Sunbury College,Secondary,O,30 Racecourse Road,Sunbury,3429,NORTH-WESTERN VICTORIA,Hume Merri-bek,327,Hume (C),Metro,144.728672,-37.574279,Hume
Government,1,8368,Sydney Road Community School,Secondary,O,12-14 Glenlyon Road,Brunswick,3056,NORTH-WESTERN VICTORIA,Hume Merri-bek,525,Merri-bek (C),Metro,144.962338,-37.771817,Merri-bek
Government,1,8370,Tallangatta Secondary College,Secondary,O,145 Towong Street,Tallangatta,3700,NORTH-EASTERN VICTORIA,Ovens Murray,667,Towong (S),Non Metro,147.172667,-36.220441,Towong
Government,1,8383,Thomastown Secondary College,Secondary,O,80-96 Main Street,Thomastown,3074,NORTH-WESTERN VICTORIA,North Eastern Melbourne,707,Whittlesea (C),Metro,145.0019385,-37.67871605,Whittlesea
Government,1,8395,Trafalgar High School,Secondary,O,70-80 School Road,Trafalgar,3824,SOUTH-EASTERN VICTORIA,Inner Gippsland,83,Baw Baw (S),Non Metro,146.158302,-38.214568,Baw Baw
Government,1,8396,Bemin Secondary College,Secondary,O,805 Morris Road,Truganina,3029,SOUTH-WESTERN VICTORIA,Western Melbourne,726,Wyndham (C),Metro,144.709748,-37.826407,Wyndham
Government,1,8397,Dohertys Creek P-9 College,Pri/Sec,O,60 Elmhurst Road,Truganina,3029,SOUTH-WESTERN VICTORIA,Western Melbourne,726,Wyndham (C),Metro,144.733911,-37.842976,Wyndham
Government,1,8405,University High School,Secondary,O,77 Story Street,Parkville,3052,SOUTH-WESTERN VICTORIA,Western Melbourne,460,Melbourne (C),Metro,144.95538,-37.796982,Melbourne
Government,1,8407,Roxburgh College,Secondary,O,60-70 Donald Cameron Drive,Roxburgh Park,3064,NORTH-WESTERN VICTORIA,Hume Merri-bek,327,Hume (C),Metro,144.930331,-37.63041,Hume
Government,1,8410,Upper Yarra Secondary College,Secondary,O,81-89 Little Yarra Road,Yarra Junction,3797,NORTH-EASTERN VICTORIA,Outer Eastern Melbourne,745,Yarra Ranges (S),Metro,145.623933,-37.79209352,Yarra Ranges
Government,1,8415,Upwey High School,Secondary,O,1451 Burwood Highway,Upwey,3158,NORTH-EASTERN VICTORIA,Outer Eastern Melbourne,745,Yarra Ranges (S),Metro,145.335475,-37.904357,Yarra Ranges
Government,1,8420,Vermont Secondary College,Secondary,O,27 - 63 Morack Road,Vermont,3133,NORTH-EASTERN VICTORIA,Inner Eastern Melbourne,698,Whitehorse (C),Metro,145.199701,-37.844117,Whitehorse
Government,1,8421,Kambrya College,Secondary,O,68 Bemersyde Drive,Berwick,3806,SOUTH-EASTERN VICTORIA,Southern Melbourne,161,Casey (C),Metro,145.34741,-38.05368819,Casey
Government,1,8423,Carrum Downs Secondary College,Secondary,O,263 McCormicks Road,Carrum Downs,3201,SOUTH-EASTERN VICTORIA,Bayside Peninsula,217,Frankston (C),Metro,145.197658,-38.095291,Frankston
Government,1,8425,Wangaratta High School,Secondary,O,17-49 Edwards Street,Wangaratta,3677,NORTH-EASTERN VICTORIA,Ovens Murray,670,Wangaratta (RC),Non Metro,146.307723,-36.344898,Wangaratta
Government,1,8427,Greenvale Secondary College,Secondary,O,2 Glencairn Drive,Greenvale,3059,NORTH-WESTERN VICTORIA,Hume Merri-bek,327,Hume (C),Metro,144.8896083,-37.6503006,Hume
Government,1,8428,Wantirna College,Secondary,O,90 Harold Street,Wantirna,3152,NORTH-EASTERN VICTORIA,Outer Eastern Melbourne,367,Knox (C),Metro,145.229974,-37.857598,Knox
Government,1,8430,Warracknabeal Secondary College,Secondary,O,5 Werrigar Street,Warracknabeal,3393,SOUTH-WESTERN VICTORIA,Wimmera South West,763,Yarriambiack (S),Non Metro,142.390795,-36.257679,Yarriambiack
Government,1,8437,Warrandyte High School,Secondary,O,241-247 Heidelberg-Warrandyte Rd,Warrandyte,3113,NORTH-EASTERN VICTORIA,Inner Eastern Melbourne,421,Manningham (C),Metro,145.184222,-37.748269,Manningham
Government,1,8462,Wellington Secondary College,Secondary,O,91 Police Road,Mulgrave,3170,NORTH-EASTERN VICTORIA,Inner Eastern Melbourne,497,Monash (C),Metro,145.169378,-37.934467,Monash
Government,1,8465,Werribee Secondary College,Secondary,O,45 Duncans Road,Werribee,3030,SOUTH-WESTERN VICTORIA,Western Melbourne,726,Wyndham (C),Metro,144.668744,-37.905536,Wyndham
Government,1,8466,Bairnsdale Secondary College,Secondary,O,90 Mckean Street,Bairnsdale,3875,SOUTH-EASTERN VICTORIA,Outer Gippsland,211,East Gippsland (S),Non Metro,147.6049997,-37.82871098,East Gippsland
Government,1,8470,Westall Secondary College,Secondary,O,88-128 Rosebank Avenue,Clayton South,3169,SOUTH-EASTERN VICTORIA,Bayside Peninsula,343,Kingston (C),Metro,145.136577,-37.940312,Kingston
Government,1,8474,Wheelers Hill Secondary College,Secondary,O,2-28 Raphael Drive,Wheelers Hill,3150,NORTH-EASTERN VICTORIA,Inner Eastern Melbourne,497,Monash (C),Metro,145.181743,-37.910126,Monash
Government,1,8475,Williamstown High School,Secondary,O,76 Pasco Street,Williamstown,3016,SOUTH-WESTERN VICTORIA,Western Melbourne,311,Hobsons Bay (C),Metro,144.895024,-37.862855,Hobsons Bay
Government,1,8480,Wodonga Senior Secondary College,Secondary,O,80 Brockley Street,Wodonga,3690,NORTH-EASTERN VICTORIA,Ovens Murray,717,Wodonga (C),Non Metro,146.8810522,-36.12560893,Wodonga
Government,1,8490,Yarram Secondary College,Secondary,O,86 James Street,Yarram,3971,SOUTH-EASTERN VICTORIA,Outer Gippsland,681,Wellington (S),Non Metro,146.685408,-38.56743,Wellington
Government,1,8491,Woodmans Hill Secondary College,Secondary,O,1 Fussell Street,Ballarat East,3350,SOUTH-WESTERN VICTORIA,Central Highlands,57,Ballarat (C),Non Metro,143.892275,-37.559122,Ballarat
Government,1,8500,Yea High School,Secondary,O,67 Racecourse Rd,Yea,3717,NORTH-EASTERN VICTORIA,Goulburn,562,Murrindindi (S),Non Metro,145.408536,-37.215011,Murrindindi
Government,1,8704,Glen Eira College,Secondary,O,76 Booran Road,Caulfield East,3145,SOUTH-EASTERN VICTORIA,Bayside Peninsula,231,Glen Eira (C),Metro,145.038006,-37.8857,Glen Eira
Government,1,8705,Craigieburn Secondary College,Secondary,O,102 Hothlyn Drive,Craigieburn,3064,NORTH-WESTERN VICTORIA,Hume Merri-bek,327,Hume (C),Metro,144.9359541,-37.60875112,Hume
Government,1,8707,Emerald Secondary College,Secondary,O,425 Belgrave-gembrook Rd,Emerald,3782,NORTH-EASTERN VICTORIA,Outer Eastern Melbourne,145,Cardinia (S),Metro,145.4587437,-37.92427055,Cardinia
Government,1,8708,Reservoir High School,Secondary,O,855 Plenty Road,Reservoir,3073,NORTH-WESTERN VICTORIA,North Eastern Melbourne,189,Darebin (C),Metro,145.029772,-37.722259,Darebin
Government,1,8709,Hampton Park Secondary College,Secondary,O,58 - 96 Fordholm Road,Hampton Park,3976,SOUTH-EASTERN VICTORIA,Southern Melbourne,161,Casey (C),Metro,145.259884,-38.034862,Casey
Government,1,8710,Hoppers Crossing Secondary College,Secondary,O,2 Fraser Street,Hoppers Crossing,3029,SOUTH-WESTERN VICTORIA,Western Melbourne,726,Wyndham (C),Metro,144.695358,-37.871223,Wyndham
Government,1,8715,Keilor Downs Secondary College,Secondary,O,100-110 Odessa Avenue,Keilor Downs,3038,SOUTH-WESTERN VICTORIA,Brimbank Melton,118,Brimbank (C),Metro,144.811186,-37.715515,Brimbank
Government,1,8716,Kurnai College,Secondary,O,42-66 Bridle Road,Morwell,3840,SOUTH-EASTERN VICTORIA,Inner Gippsland,381,Latrobe (C),Non Metro,146.432788,-38.228791,Latrobe
Government,1,8718,Kurunjang Secondary College,Secondary,O,10 Kurunjang Drive,Kurunjang,3337,SOUTH-WESTERN VICTORIA,Brimbank Melton,465,Melton (C),Metro,144.585957,-37.672914,Melton
Government,1,8720,Lakes Entrance Secondary College,Secondary,O,1-11 North Street,Lakes Entrance,3909,SOUTH-EASTERN VICTORIA,Outer Gippsland,211,East Gippsland (S),Non Metro,147.998412,-37.871343,East Gippsland
Government,1,8722,Elisabeth Murdoch College,Secondary,O,80 Warrandyte Road,Langwarrin,3910,SOUTH-EASTERN VICTORIA,Bayside Peninsula,217,Frankston (C),Metro,145.19018,-38.159291,Frankston
Government,1,8723,Sunbury Downs Secondary College,Secondary,O,148-174 Mitchells Lane,Sunbury,3429,NORTH-WESTERN VICTORIA,Hume Merri-bek,327,Hume (C),Metro,144.704485,-37.584007,Hume
Government,1,8724,Forest Hill College,Secondary,O,178-180 Mahoneys Road,Burwood East,3151,NORTH-EASTERN VICTORIA,Inner Eastern Melbourne,698,Whitehorse (C),Metro,145.163728,-37.848519,Whitehorse
Government,1,8725,Patterson River Secondary College,Secondary,O,70 - 98 Eel Race Road,Seaford,3198,SOUTH-EASTERN VICTORIA,Bayside Peninsula,217,Frankston (C),Metro,145.134741,-38.083504,Frankston
Government,1,8730,St Helena Secondary College,Secondary,O,Wallowa Road,Eltham North,3095,NORTH-WESTERN VICTORIA,North Eastern Melbourne,66,Banyule (C),Metro,145.1399078,-37.68686717,Banyule
Government,1,8731,Stawell Secondary College,Secondary,O,79-97 Patrick Street,Stawell,3380,SOUTH-WESTERN VICTORIA,Wimmera South West,581,Northern Grampians (S),Non Metro,142.789787,-37.061954,Northern Grampians
Government,1,8734,Rowville Secondary College,Secondary,O,17 Paratea Drive,Rowville,3178,NORTH-EASTERN VICTORIA,Outer Eastern Melbourne,367,Knox (C),Metro,145.2370885,-37.92388682,Knox
Government,1,8736,Bass Coast College,Secondary,O,2 McKenzie Street,Wonthaggi,3995,SOUTH-EASTERN VICTORIA,Inner Gippsland,74,Bass Coast (S),Non Metro,145.5978801,-38.61094209,Bass Coast
Government,1,8739,Sandringham College,Secondary,O,11 Holloway Road,Sandringham,3191,SOUTH-EASTERN VICTORIA,Bayside Peninsula,91,Bayside (C),Metro,145.023034,-37.956709,Bayside
Government,1,8742,Fitzroy High School,Secondary,O,24-30 Falconer Street,Fitzroy North,3068,NORTH-WESTERN VICTORIA,North Eastern Melbourne,735,Yarra (C),Metro,144.987476,-37.784911,Yarra
Government,1,8743,Ashwood High School,Secondary,O,50 Vannam Drive,Ashwood,3147,NORTH-EASTERN VICTORIA,Inner Eastern Melbourne,497,Monash (C),Metro,145.103328,-37.864527,Monash
Government,1,8744,Mullauna Secondary College,Secondary,O,456 Springfield Road,Mitcham,3132,NORTH-EASTERN VICTORIA,Inner Eastern Melbourne,698,Whitehorse (C),Metro,145.190155,-37.807109,Whitehorse
Government,1,8745,Leongatha Secondary College,Secondary,O,115 Nerrena Road,Leongatha,3953,SOUTH-EASTERN VICTORIA,Inner Gippsland,617,South Gippsland (S),Non Metro,145.9612411,-38.47868659,South Gippsland
Government,1,8746,Diamond Valley College,Secondary,O,165-179 Main Hurstbridge Road,Diamond Creek,3089,NORTH-WESTERN VICTORIA,North Eastern Melbourne,571,Nillumbik (S),Metro,145.167403,-37.672828,Nillumbik
Government,1,8747,Blackburn English Language School,Language,O,120 Eley Road,Burwood East,3151,NORTH-EASTERN VICTORIA,Inner Eastern Melbourne,698,Whitehorse (C),Metro,145.148292,-37.847889,Whitehorse
Government,1,8748,Collingwood English Language School,Language,O,19 Cambridge Street,Collingwood,3066,NORTH-WESTERN VICTORIA,North Eastern Melbourne,735,Yarra (C),Metro,144.9847995,-37.80784119,Yarra
Government,1,8749,Noble Park English Language School,Language,O,21-35 Thomas Street,Noble Park,3174,SOUTH-EASTERN VICTORIA,Southern Melbourne,267,Greater Dandenong (C),Metro,145.178166,-37.971168,Greater Dandenong
Government,1,8750,Greensborough Secondary College,Secondary,O,59 Nepean Street,Greensborough,3088,NORTH-WESTERN VICTORIA,North Eastern Melbourne,66,Banyule (C),Metro,145.091251,-37.708486,Banyule
Government,1,8753,Ararat Secondary College,Secondary,O,4-30 Barkly Street,Ararat,3377,SOUTH-WESTERN VICTORIA,Central Highlands,26,Ararat (RC),Non Metro,142.9219615,-37.28599961,Ararat
Government,1,8775,Mill Park Secondary College,Secondary,O,9 - 25 Moorhead Drive,Mill Park,3082,NORTH-WESTERN VICTORIA,North Eastern Melbourne,707,Whittlesea (C),Metro,145.063414,-37.664155,Whittlesea
Government,1,8777,Bacchus Marsh College,Secondary,O,73 Grant Street,Bacchus Marsh,3340,SOUTH-WESTERN VICTORIA,Central Highlands,515,Moorabool (S),Non Metro,144.4330584,-37.68562875,Moorabool
Government,1,8779,Geelong English Language School (interim name),Language,O,12 Pickett Crescent,Belmont,3216,SOUTH-WESTERN VICTORIA,Barwon,275,Greater Geelong (C),Non Metro,144.33986,-38.18571,Greater Geelong
Government,1,8783,The Grange P-12 College,Pri/Sec,O,30 Deloraine Drive,Hoppers Crossing,3029,SOUTH-WESTERN VICTORIA,Western Melbourne,726,Wyndham (C),Metro,144.6749381,-37.8581346,Wyndham
Government,1,8784,Springside West Secondary College,Secondary,O,70 City Vista Court,Fraser Rise,3336,SOUTH-WESTERN VICTORIA,Brimbank Melton,465,Melton (C),Metro,144.7278679,-37.7156903,Melton
Government,1,8787,Taylors Lakes Secondary College,Secondary,O,1-39 Parmelia Drive,Taylors Lakes,3038,SOUTH-WESTERN VICTORIA,Brimbank Melton,118,Brimbank (C),Metro,144.794402,-37.70741,Brimbank
Government,1,8790,Sunshine College,Secondary,O,25A Lachlan Road,Sunshine West,3020,SOUTH-WESTERN VICTORIA,Brimbank Melton,118,Brimbank (C),Metro,144.81382,-37.793158,Brimbank
Government,1,8791,Wallan Secondary College,Secondary,O,100 Duke Street,Wallan,3756,NORTH-EASTERN VICTORIA,Goulburn,485,Mitchell (S),Non Metro,144.981473,-37.418393,Mitchell
Government,1,8797,Thornbury High School,Secondary,O,238 Collins Street,Thornbury,3071,NORTH-WESTERN VICTORIA,North Eastern Melbourne,189,Darebin (C),Metro,145.0252135,-37.75649469,Darebin
Government,1,8798,Portland Secondary College,Secondary,O,170 Must Street,Portland,3305,SOUTH-WESTERN VICTORIA,Wimmera South West,241,Glenelg (S),Non Metro,141.5948243,-38.3588185,Glenelg
Government,1,8799,Copperfield College,Secondary,O,Goldsmith Avenue,Delahey,3037,SOUTH-WESTERN VICTORIA,Brimbank Melton,118,Brimbank (C),Metro,144.772426,-37.719463,Brimbank
Government,1,8800,Bayside P-12 College,Pri/Sec,O,29-69 Kororoit Creek Road,Williamstown,3016,SOUTH-WESTERN VICTORIA,Western Melbourne,311,Hobsons Bay (C),Metro,144.8852138,-37.85770007,Hobsons Bay
Government,1,8801,South Oakleigh College,Secondary,O,Bakers Road,Oakleigh South,3167,NORTH-EASTERN VICTORIA,Inner Eastern Melbourne,497,Monash (C),Metro,145.089768,-37.92232068,Monash
Government,1,8802,Swan Hill College,Secondary,O,10 - 32 Pye Street,Swan Hill,3585,NORTH-WESTERN VICTORIA,Mallee,661,Swan Hill (RC),Non Metro,143.5528519,-35.33522773,Swan Hill
Government,1,8803,Traralgon College,Secondary,O,154-184 Grey Street,Traralgon,3844,SOUTH-EASTERN VICTORIA,Inner Gippsland,381,Latrobe (C),Non Metro,146.5194895,-38.19142459,Latrobe
Government,1,8804,Mornington Secondary College,Secondary,O,1051 Nepean Highway,Mornington,3931,SOUTH-EASTERN VICTORIA,Bayside Peninsula,534,Mornington Peninsula (S),Metro,145.057762,-38.216712,Mornington Peninsula
Government,1,8806,Essendon Keilor College,Secondary,O,Quinn Grove,Keilor East,3033,SOUTH-WESTERN VICTORIA,Western Melbourne,506,Moonee Valley (C),Metro,144.8697108,-37.73970794,Moonee Valley
Government,1,8807,Brunswick Secondary College,Secondary,O,47 Dawson Street,Brunswick,3056,NORTH-WESTERN VICTORIA,Hume Merri-bek,525,Merri-bek (C),Metro,144.95501,-37.770899,Merri-bek
Government,1,8808,Glen Waverley Secondary College,Secondary,O,13-21 O'Sullivan Road,Glen Waverley,3150,NORTH-EASTERN VICTORIA,Inner Eastern Melbourne,497,Monash (C),Metro,145.162106,-37.878098,Monash
Government,1,8809,Monterey Secondary College,Secondary,O,20 Silvertop Street,Frankston North,3200,SOUTH-EASTERN VICTORIA,Bayside Peninsula,217,Frankston (C),Metro,145.147724,-38.126124,Frankston
Government,1,8811,Warrnambool College,Secondary,O,Grafton Road,Warrnambool,3280,SOUTH-WESTERN VICTORIA,Wimmera South West,673,Warrnambool (C),Non Metro,142.4996761,-38.37671595,Warrnambool
Government,1,8812,Viewbank College,Secondary,O,1 Warren Road,Viewbank,3084,NORTH-WESTERN VICTORIA,North Eastern Melbourne,66,Banyule (C),Metro,145.08659,-37.741196,Banyule
Government,1,8813,Noble Park Secondary College,Secondary,O,3 Callaghan Street,Noble Park,3174,SOUTH-EASTERN VICTORIA,Southern Melbourne,267,Greater Dandenong (C),Metro,145.182369,-37.970209,Greater Dandenong
Government,1,8814,Baimbridge College,Secondary,O,59 Mt Baimbridge Rd,Hamilton,3300,SOUTH-WESTERN VICTORIA,Wimmera South West,626,Southern Grampians (S),Non Metro,142.014634,-37.734187,Southern Grampians
Government,1,8815,Yarra Hills Secondary College,Secondary,O,16 Reay Road,Mooroolbark,3138,NORTH-EASTERN VICTORIA,Outer Eastern Melbourne,745,Yarra Ranges (S),Metro,145.316184,-37.78934,Yarra Ranges
Government,1,8816,Heathmont College,Secondary,O,Waters Grove,Heathmont,3135,NORTH-EASTERN VICTORIA,Outer Eastern Melbourne,441,Maroondah (C),Metro,145.2321036,-37.83842619,Maroondah
Government,1,8818,Horsham College,Secondary,O,310 Baillie Street,Horsham,3402,SOUTH-WESTERN VICTORIA,Wimmera South West,319,Horsham (RC),Non Metro,142.184101,-36.711661,Horsham
Government,1,8819,Melbourne Girls College,Secondary,O,Yarra Boulevard,Richmond,3121,NORTH-WESTERN VICTORIA,North Eastern Melbourne,735,Yarra (C),Metro,145.014334,-37.822507,Yarra
Government,1,8820,Western Heights Secondary College,Secondary,O,37-61 Vines Road,Hamlyn Heights,3215,SOUTH-WESTERN VICTORIA,Barwon,275,Greater Geelong (C),Non Metro,144.328058,-38.12391,Greater Geelong
Government,1,8821,Lowanna College,Secondary,O,72-96 Newark Avenue,Newborough,3825,SOUTH-EASTERN VICTORIA,Inner Gippsland,381,Latrobe (C),Non Metro,146.2859798,-38.17667934,Latrobe
Government,1,8823,Templestowe College,Secondary,O,7 Cypress Avenue,Templestowe Lower,3107,NORTH-EASTERN VICTORIA,Inner Eastern Melbourne,421,Manningham (C),Metro,145.122306,-37.767428,Manningham
Government,1,8824,Castlemaine Secondary College,Secondary,O,Blakeley Rd,Castlemaine,3450,NORTH-WESTERN VICTORIA,Loddon Campaspe,543,Mount Alexander (S),Non Metro,144.227547,-37.050436,Mount Alexander
Government,1,8827,Warragul Regional College,Secondary,O,55 Burke Street,Warragul,3820,SOUTH-EASTERN VICTORIA,Inner Gippsland,83,Baw Baw (S),Non Metro,145.9254852,-38.16519591,Baw Baw
Government,1,8828,Mount Rowan Secondary College,Secondary,O,453-457 Forest Street,Wendouree,3355,SOUTH-WESTERN VICTORIA,Central Highlands,57,Ballarat (C),Non Metro,143.834472,-37.51922,Ballarat
Government,1,8830,Charlton College,Pri/Sec,O,33 - 49 Davies Street,Charlton,3525,NORTH-WESTERN VICTORIA,Mallee,127,Buloke (S),Non Metro,143.359633,-36.270312,Buloke
Government,1,8831,Wycheproof P-12 College,Pri/Sec,O,7-21 McKenzie Crescent,Wycheproof,3527,NORTH-WESTERN VICTORIA,Mallee,127,Buloke (S),Non Metro,143.229098,-36.075704,Buloke
Government,1,8832,Birchip P-12 School,Pri/Sec,O,43-47 Campbell Street,Birchip,3483,SOUTH-WESTERN VICTORIA,Wimmera South West,127,Buloke (S),Non Metro,142.9099365,-35.98438249,Buloke
Government,1,8833,Nhill College,Pri/Sec,O,Whitehead Avenue,Nhill,3418,SOUTH-WESTERN VICTORIA,Wimmera South West,298,Hindmarsh (S),Non Metro,141.65886,-36.33260253,Hindmarsh
Government,1,8834,Sale College,Secondary,O,73-81 Macalister Street,Sale,3850,SOUTH-EASTERN VICTORIA,Outer Gippsland,681,Wellington (S),Non Metro,147.068006,-38.108921,Wellington
Government,1,8835,McClelland Secondary College,Secondary,O,31 Belar Avenue,Frankston,3199,SOUTH-EASTERN VICTORIA,Bayside Peninsula,217,Frankston (C),Metro,145.158453,-38.14632,Frankston
Government,1,8838,Western English Language School,Language,O,46 South Road,Braybrook,3019,SOUTH-WESTERN VICTORIA,Western Melbourne,433,Maribyrnong (C),Metro,144.8540362,-37.790995,Maribyrnong
Government,1,8839,Narre Warren South P-12 College,Pri/Sec,O,Amberly Park Drive,Narre Warren South,3805,SOUTH-EASTERN VICTORIA,Southern Melbourne,161,Casey (C),Metro,145.285075,-38.049734,Casey
Government,1,8841,Lara Secondary College,Secondary,O,34 Alkara Avenue,Lara,3212,SOUTH-WESTERN VICTORIA,Barwon,275,Greater Geelong (C),Non Metro,144.41157,-38.018176,Greater Geelong
Government,1,8842,Kaniva College,Pri/Sec,O,2 Farmers Street,Kaniva,3419,SOUTH-WESTERN VICTORIA,Wimmera South West,689,West Wimmera (S),Non Metro,141.2448451,-36.38271876,West Wimmera
Government,1,8843,Corryong College,Pri/Sec,O,27-45 Towong Road,Corryong,3707,NORTH-EASTERN VICTORIA,Ovens Murray,667,Towong (S),Non Metro,147.910757,-36.192938,Towong
Government,1,8845,Maryborough Education Centre,Pri/Sec,O,102 - 192 Balaclava Road,Maryborough,3465,NORTH-WESTERN VICTORIA,Loddon Campaspe,167,Central Goldfields (S),Non Metro,143.722865,-37.042159,Central Goldfields
Government,1,8846,The Lakes South Morang College,Pri/Sec,O,80 Jardier Terrace,South Morang,3752,NORTH-WESTERN VICTORIA,North Eastern Melbourne,707,Whittlesea (C),Metro,145.075679,-37.634935,Whittlesea
Government,1,8847,Point Cook Senior Secondary College,Secondary,O,Cnr Boardwalk Blvd & Bergamot,Point Cook,3030,SOUTH-WESTERN VICTORIA,Western Melbourne,726,Wyndham (C),Metro,144.73282,-37.886718,Wyndham
Government,1,8848,Manor Lakes P-12 College,Pri/Sec,O,2-50 Minindee Road,Wyndham Vale,3024,SOUTH-WESTERN VICTORIA,Western Melbourne,726,Wyndham (C),Metro,144.601853,-37.873507,Wyndham
Government,1,8849,Coburg High School,Secondary,O,101 Urquhart Street,Coburg,3058,NORTH-WESTERN VICTORIA,Hume Merri-bek,525,Merri-bek (C),Metro,144.9728,-37.7407,Merri-bek
Government,1,8851,Wodonga Middle Years College,Pri/Sec,O,22-24 Mitchell Street,Wodonga,3690,NORTH-EASTERN VICTORIA,Ovens Murray,717,Wodonga (C),Non Metro,146.890563,-36.130844,Wodonga
Government,1,8853,Mount Ridley P-12 College,Pri/Sec,O,2-30 Hampton Street,Craigieburn,3064,NORTH-WESTERN VICTORIA,Hume Merri-bek,327,Hume (C),Metro,144.921334,-37.578645,Hume
Government,1,8854,Tarneit Senior College,Secondary,O,861 Leakes Road,Tarneit,3029,SOUTH-WESTERN VICTORIA,Western Melbourne,726,Wyndham (C),Metro,144.6804061,-37.83335386,Wyndham
Government,1,8855,Echuca College,Secondary,O,20 - 50 Butcher Street,Echuca,3564,NORTH-WESTERN VICTORIA,Loddon Campaspe,137,Campaspe (S),Non Metro,144.732423,-36.132394,Campaspe
Government,1,8856,John Monash Science School,Secondary,O,39 Innovation Walk,Clayton,3800,NORTH-EASTERN VICTORIA,Inner Eastern Melbourne,497,Monash (C),Metro,145.128686,-37.914221,Monash
Government,1,8857,Altona College,Pri/Sec,O,103A Grieve Parade,Altona,3018,SOUTH-WESTERN VICTORIA,Western Melbourne,311,Hobsons Bay (C),Metro,144.818639,-37.861911,Hobsons Bay
Government,1,8858,Dandenong High School,Secondary,O,92-106 Princes Highway,Dandenong,3175,SOUTH-EASTERN VICTORIA,Southern Melbourne,267,Greater Dandenong (C),Metro,145.209011,-37.979418,Greater Dandenong
Government,1,8859,Bass Coast Specialist School,Special,O,6 Mckenzie Street,Wonthaggi,3995,SOUTH-EASTERN VICTORIA,Inner Gippsland,74,Bass Coast (S),Non Metro,145.5964659,-38.60974434,Bass Coast
Government,1,8861,Laverton P-12 College,Pri/Sec,O,91 Bladin Street,Laverton,3028,SOUTH-WESTERN VICTORIA,Western Melbourne,311,Hobsons Bay (C),Metro,144.7726329,-37.85617409,Hobsons Bay
Government,1,8862,Hume Central Secondary College,Secondary,O,60-78 Tanderrum Way,Broadmeadows,3047,NORTH-WESTERN VICTORIA,Hume Merri-bek,327,Hume (C),Metro,144.915355,-37.680442,Hume
Government,1,8864,Colac Secondary College,Secondary,O,173 Queen Street,Colac,3250,SOUTH-WESTERN VICTORIA,Barwon,175,Colac-Otway (S),Non Metro,143.5901021,-38.35149548,Colac-Otway
Government,1,8865,Nossal High School,Secondary,O,40 Sir Gustav Nossal Blvd,Berwick,3806,SOUTH-EASTERN VICTORIA,Southern Melbourne,161,Casey (C),Metro,145.336563,-38.038502,Casey
Government,1,8866,Suzanne Cory High School,Secondary,O,225 Hoppers Lane,Werribee,3030,SOUTH-WESTERN VICTORIA,Western Melbourne,726,Wyndham (C),Metro,144.700748,-37.893852,Wyndham
Government,1,8867,Keysborough Secondary College,Secondary,O,8-20 Janine Road,Springvale South,3172,SOUTH-EASTERN VICTORIA,Southern Melbourne,267,Greater Dandenong (C),Metro,145.159839,-37.967017,Greater Dandenong
Government,1,8868,Hallam Secondary College,Secondary,O,74-84 Frawley Road,Hallam,3803,SOUTH-EASTERN VICTORIA,Southern Melbourne,161,Casey (C),Metro,145.261185,-38.000196,Casey
Government,1,8869,Gleneagles Secondary College,Secondary,O,58 Reema Boulevard,Endeavour Hills,3802,SOUTH-EASTERN VICTORIA,Southern Melbourne,161,Casey (C),Metro,145.276556,-37.974606,Casey
Government,1,8870,Fountain Gate Secondary College,Secondary,O,45 Josephine Avenue,Narre Warren,3805,SOUTH-EASTERN VICTORIA,Southern Melbourne,161,Casey (C),Metro,145.2953788,-38.00528163,Casey
Government,1,8872,Balmoral K-12 Community College,Pri/Sec,O,1831 Harrow Balmoral Road,Balmoral,3407,SOUTH-WESTERN VICTORIA,Wimmera South West,626,Southern Grampians (S),Non Metro,141.823621,-37.239578,Southern Grampians
Government,1,8873,Myrtleford P-12 College,Pri/Sec,O,Prince Street,Myrtleford,3737,NORTH-EASTERN VICTORIA,Ovens Murray,11,Alpine (S),Non Metro,146.7261447,-36.54888702,Alpine
Government,1,8874,Alkira Secondary College,Secondary,O,15 Nurture Avenue,Cranbourne North,3977,SOUTH-EASTERN VICTORIA,Southern Melbourne,161,Casey (C),Metro,145.308716,-38.073127,Casey
Government,1,8875,Somerville Secondary College,Secondary,O,37 Graf Road,Somerville,3912,SOUTH-EASTERN VICTORIA,Bayside Peninsula,534,Mornington Peninsula (S),Metro,145.168595,-38.227257,Mornington Peninsula
Government,1,8881,Tarneit Rise Primary School,Primary,O,51-71 Hummingbird Boulevard,Tarneit,3029,SOUTH-WESTERN VICTORIA,Western Melbourne,726,Wyndham (C),Metro,144.665822,-37.836183,Wyndham
Government,1,8882,Boort District P-12 School,Pri/Sec,O,9 - 27 Malone Street,Boort,3537,NORTH-WESTERN VICTORIA,Loddon Campaspe,394,Loddon (S),Non Metro,143.726948,-36.110217,Loddon
Government,1,8883,Yarrawonga College P-12,Pri/Sec,O,2-24 Pinniger Street,Yarrawonga,3730,NORTH-EASTERN VICTORIA,Goulburn,490,Moira (S),Non Metro,146.0066682,-36.02144074,Moira
Government,1,8884,Seymour College,Pri/Sec,O,29-47 Stewart Street,Seymour,3660,NORTH-EASTERN VICTORIA,Goulburn,485,Mitchell (S),Non Metro,145.1411167,-37.02984234,Mitchell
Government,1,8886,Merbein P-10 College,Pri/Sec,O,188-206 Commercial Street,Merbein,3505,NORTH-WESTERN VICTORIA,Mallee,478,Mildura (RC),Non Metro,142.0713085,-34.16936534,Mildura
Government,1,8889,Albert Park College,Secondary,O,83 Danks Street,Albert Park,3206,SOUTH-EASTERN VICTORIA,Bayside Peninsula,590,Port Phillip (C),Metro,144.947363,-37.844792,Port Phillip
Government,1,8890,Charles La Trobe P-12 College,Pri/Sec,O,235 Kingsbury Drive,Macleod West,3085,NORTH-WESTERN VICTORIA,North Eastern Melbourne,189,Darebin (C),Metro,145.05865,-37.728966,Darebin
Government,1,8891,Victoria University Secondary College,Secondary,O,43 Ken Jordan Road,Cairnlea,3023,SOUTH-WESTERN VICTORIA,Brimbank Melton,118,Brimbank (C),Metro,144.794895,-37.755525,Brimbank
Government,1,8892,Swifts Creek P-12 School,Pri/Sec,O,6840 Great Alpine Road,Swifts Creek,3896,SOUTH-EASTERN VICTORIA,Outer Gippsland,211,East Gippsland (S),Non Metro,147.7240342,-37.26684449,East Gippsland
Government,1,8893,Glenroy College,Secondary,O,120 Glenroy Road,Glenroy,3046,NORTH-WESTERN VICTORIA,Hume Merri-bek,525,Merri-bek (C),Metro,144.9249952,-37.70470214,Merri-bek
Government,1,8894,John Fawkner Secondary College,Secondary,O,51 Jukes Road,Fawkner,3060,NORTH-WESTERN VICTORIA,Hume Merri-bek,525,Merri-bek (C),Metro,144.9718587,-37.70271075,Merri-bek
Government,1,8895,William Ruthven Secondary College,Secondary,O,60 Merrilands Road,Reservoir,3073,NORTH-WESTERN VICTORIA,North Eastern Melbourne,189,Darebin (C),Metro,145.002774,-37.696666,Darebin
Government,1,8896,Wollert Secondary College,Secondary,O,222 Highpark Drive,Wollert,3750,NORTH-WESTERN VICTORIA,North Eastern Melbourne,707,Whittlesea (C),Metro,145.025238,-37.609617,Whittlesea
Government,1,8897,Mernda Central P-12 College,Pri/Sec,O,70 Breadalbane Avenue,Mernda,3754,NORTH-WESTERN VICTORIA,North Eastern Melbourne,707,Whittlesea (C),Metro,145.08833,-37.604853,Whittlesea
Government,1,8898,Cranbourne East Secondary College,Secondary,O,50 Stately Drive,Cranbourne East,3977,SOUTH-EASTERN VICTORIA,Southern Melbourne,161,Casey (C),Metro,145.306027,-38.10494,Casey
Government,1,8899,Featherbrook P-9 College,Pri/Sec,O,281 Boardwalk Boulevard,Point Cook,3030,SOUTH-WESTERN VICTORIA,Western Melbourne,726,Wyndham (C),Metro,144.7275192,-37.90163614,Wyndham
Government,1,8900,Phoenix P-12 Community College,Pri/Sec,O,53 - 71 Hertford Street,Sebastopol,3356,SOUTH-WESTERN VICTORIA,Central Highlands,57,Ballarat (C),Non Metro,143.8335059,-37.58661037,Ballarat
Government,1,8901,Northern Bay P-12 College,Pri/Sec,O,3-25 Goldsworthy Road,Corio,3214,SOUTH-WESTERN VICTORIA,Barwon,275,Greater Geelong (C),Non Metro,144.355709,-38.078406,Greater Geelong
Government,1,8903,Surf Coast Secondary College,Secondary,O,75 White Street,Torquay,3228,SOUTH-WESTERN VICTORIA,Barwon,649,Surf Coast (S),Non Metro,144.3238552,-38.30419186,Surf Coast
Government,1,8904,Hopetoun P-12 College,Pri/Sec,O,1 Dodgshun Street,Hopetoun,3396,SOUTH-WESTERN VICTORIA,Wimmera South West,763,Yarriambiack (S),Non Metro,142.3660296,-35.73486974,Yarriambiack
Government,1,8905,Doveton College,Pri/Sec,O,62 Tristania Street,Doveton,3177,SOUTH-EASTERN VICTORIA,Southern Melbourne,161,Casey (C),Metro,145.243173,-37.989449,Casey
Government,1,8907,Officer Secondary College,Secondary,O,1 Parker Street,Officer,3809,SOUTH-EASTERN VICTORIA,Southern Melbourne,145,Cardinia (S),Metro,145.410967,-38.072015,Cardinia
Government,1,8908,Brookside P-9 College,Pri/Sec,O,13 -16 Federation Way,Caroline Springs,3023,SOUTH-WESTERN VICTORIA,Brimbank Melton,465,Melton (C),Metro,144.737222,-37.746339,Melton
Government,1,8909,Creekside K-9 College,Pri/Sec,O,3 - 37 The Crossing,Caroline Springs,3023,SOUTH-WESTERN VICTORIA,Brimbank Melton,465,Melton (C),Metro,144.738037,-37.73445,Melton
Government,1,8910,Lakeview Senior College,Secondary,O,College Street,Caroline Springs,3023,SOUTH-WESTERN VICTORIA,Brimbank Melton,465,Melton (C),Metro,144.740281,-37.731016,Melton
Government,1,8911,Springside Primary School,Primary,O,22-50 Becca Way,Caroline Springs,3023,SOUTH-WESTERN VICTORIA,Brimbank Melton,465,Melton (C),Metro,144.7386746,-37.71117852,Melton
Government,1,8912,Melba Secondary College,Secondary,O,20 Brentnall Road,Croydon,3136,NORTH-EASTERN VICTORIA,Outer Eastern Melbourne,441,Maroondah (C),Metro,145.262016,-37.795523,Maroondah
Government,1,8913,Boronia K-12 College,Pri/Sec,O,35-37 Albert Avenue,Boronia,3155,NORTH-EASTERN VICTORIA,Outer Eastern Melbourne,367,Knox (C),Metro,145.293268,-37.8583,Knox
Government,1,8914,Tarneit P-9 College,Pri/Sec,O,21-23 Brinbrook Street,Tarneit,3029,SOUTH-WESTERN VICTORIA,Western Melbourne,726,Wyndham (C),Metro,144.679815,-37.837451,Wyndham
Government,1,8915,Benalla P-12 College,Pri/Sec,O,20 Faithfull Street,Benalla,3672,NORTH-EASTERN VICTORIA,Ovens Murray,101,Benalla (RC),Non Metro,145.963847,-36.553372,Benalla
Government,1,8916,Parkville College,Special,O,900-930 Park Street,Parkville,3052,SOUTH-WESTERN VICTORIA,Western Melbourne,460,Melbourne (C),Metro,144.94736,-37.776815,Melbourne
Government,1,8917,Centre for Higher Education Studies,Secondary,O,669 Chapel Street,South Yarra,3141,SOUTH-EASTERN VICTORIA,Bayside Peninsula,635,Stonnington (C),Metro,144.996119,-37.836149,Stonnington
Independent,2,1,Wesley College,Pri/Sec,O,577 St Kilda Road,MELBOURNE,3004,SOUTH-WESTERN VICTORIA,Western Melbourne,460,Melbourne (C),Metro,144.982144,-37.84883,Melbourne
Independent,2,5,Korowa Anglican Girls' School,Pri/Sec,O,10 - 16 Ranfurlie Crescent,GLEN IRIS,3146,SOUTH-EASTERN VICTORIA,Bayside Peninsula,635,Stonnington (C),Metro,145.054637,-37.861454,Stonnington
Independent,2,83,Ruyton Girls' School,Pri/Sec,O,12 Selbourne Road,KEW,3101,NORTH-EASTERN VICTORIA,Inner Eastern Melbourne,111,Boroondara (C),Metro,145.039181,-37.811111,Boroondara
Independent,2,96,Caulfield Grammar School,Pri/Sec,O,217 Glen Eira Road,ST KILDA EAST,3183,SOUTH-EASTERN VICTORIA,Bayside Peninsula,231,Glen Eira (C),Metro,145.004887,-37.877377,Glen Eira
Independent,2,131,Highview College,Secondary,O,21 Kars Street,MARYBOROUGH,3465,NORTH-WESTERN VICTORIA,Loddon Campaspe,167,Central Goldfields (S),Non Metro,143.736415,-37.053543,Central Goldfields
Independent,2,196,Tarrington Lutheran School,Primary,O,7901 Hamilton Highway,TARRINGTON,3301,SOUTH-WESTERN VICTORIA,Wimmera South West,626,Southern Grampians (S),Non Metro,142.094259,-37.766232,Southern Grampians
Independent,2,259,Methodist Ladies' College,Pri/Sec,O,207 Barkers Road,KEW,3101,NORTH-EASTERN VICTORIA,Inner Eastern Melbourne,111,Boroondara (C),Metro,145.038491,-37.813951,Boroondara
Independent,2,278,Ballarat Clarendon College,Pri/Sec,O,1425 Sturt Street,BALLARAT,3350,SOUTH-WESTERN VICTORIA,Central Highlands,57,Ballarat (C),Non Metro,143.8336504,-37.55964761,Ballarat
Independent,2,330,Christ Church Grammar School,Primary,O,677 Punt Road,SOUTH YARRA,3141,SOUTH-WESTERN VICTORIA,Western Melbourne,460,Melbourne (C),Metro,144.985738,-37.838952,Melbourne
Independent,2,385,Fintona Girls' School,Pri/Sec,O,79 Balwyn Road,BALWYN,3103,NORTH-EASTERN VICTORIA,Inner Eastern Melbourne,111,Boroondara (C),Metro,145.080326,-37.815158,Boroondara
Independent,2,391,Lauriston Girls' School,Pri/Sec,O,38 Huntingtower Road,ARMADALE,3143,SOUTH-EASTERN VICTORIA,Bayside Peninsula,635,Stonnington (C),Metro,145.025089,-37.852317,Stonnington
Independent,2,450,Geelong Grammar School,Pri/Sec,O,50 Biddlecombe Avenue,CORIO,3214,SOUTH-WESTERN VICTORIA,Barwon,275,Greater Geelong (C),Non Metro,144.399071,-38.068817,Greater Geelong
Independent,2,457,Trinity Grammar School Kew,Pri/Sec,O,40 Charles Street,KEW,3101,NORTH-EASTERN VICTORIA,Inner Eastern Melbourne,111,Boroondara (C),Metro,145.0355016,-37.81020316,Boroondara
Independent,2,509,Melbourne Girls Grammar,Pri/Sec,O,86 Anderson Street,SOUTH YARRA,3141,SOUTH-WESTERN VICTORIA,Western Melbourne,460,Melbourne (C),Metro,144.984803,-37.831692,Melbourne
Independent,2,510,The Geelong College,Pri/Sec,O,Talbot Street,NEWTOWN,3220,SOUTH-WESTERN VICTORIA,Barwon,275,Greater Geelong (C),Non Metro,144.3400898,-38.15241839,Greater Geelong
Independent,2,545,Bayview College,Secondary,O,119 Bentinck St,PORTLAND,3305,SOUTH-WESTERN VICTORIA,Wimmera South West,241,Glenelg (S),Non Metro,141.605949,-38.345232,Glenelg
Independent,2,554,Presbyterian Ladies' College,Pri/Sec,O,141 Burwood Highway,BURWOOD,3125,NORTH-EASTERN VICTORIA,Inner Eastern Melbourne,698,Whitehorse (C),Metro,145.107002,-37.848559,Whitehorse
Independent,2,818,St Michael's Grammar School,Pri/Sec,O,25 - 27 Chapel Street,ST KILDA,3182,SOUTH-EASTERN VICTORIA,Bayside Peninsula,590,Port Phillip (C),Metro,144.991548,-37.859549,Port Phillip
Independent,2,879,Firbank Grammar School,Pri/Sec,O,51 Outer Crescent,BRIGHTON,3186,SOUTH-EASTERN VICTORIA,Bayside Peninsula,91,Bayside (C),Metro,144.996936,-37.906118,Bayside
Independent,2,928,Ballarat Grammar,Pri/Sec,O,201 Forest Street,WENDOUREE,3355,SOUTH-WESTERN VICTORIA,Central Highlands,57,Ballarat (C),Non Metro,143.83083,-37.539237,Ballarat
Independent,2,971,The Hamilton and Alexandra College,Pri/Sec,O,1 Chaucer Street,HAMILTON,3300,SOUTH-WESTERN VICTORIA,Wimmera South West,626,Southern Grampians (S),Non Metro,142.024214,-37.737198,Southern Grampians
Independent,2,1004,Ivanhoe Grammar School,Pri/Sec,O,The Ridgeway,IVANHOE,3079,NORTH-WESTERN VICTORIA,North Eastern Melbourne,66,Banyule (C),Metro,145.044477,-37.772515,Banyule
Independent,2,1021,Scotch College,Pri/Sec,O,1 Morrison Street,HAWTHORN,3122,NORTH-EASTERN VICTORIA,Inner Eastern Melbourne,111,Boroondara (C),Metro,145.032288,-37.833922,Boroondara
Independent,2,1025,St Leonard's College,Pri/Sec,O,163 South Rd,BRIGHTON EAST,3187,SOUTH-EASTERN VICTORIA,Bayside Peninsula,91,Bayside (C),Metro,145.007554,-37.928631,Bayside
Independent,2,1080,Tintern Grammar,Pri/Sec,O,90 Alexandra Road,RINGWOOD EAST,3135,NORTH-EASTERN VICTORIA,Outer Eastern Melbourne,441,Maroondah (C),Metro,145.25669,-37.815515,Maroondah
Independent,2,1086,Toorak College,Pri/Sec,O,73 Old Mornington Road,MT ELIZA,3930,SOUTH-EASTERN VICTORIA,Bayside Peninsula,534,Mornington Peninsula (S),Metro,145.093465,-38.172264,Mornington Peninsula
Independent,2,1116,St Catherine's School,Pri/Sec,O,17 Heyington Place,TOORAK,3142,SOUTH-EASTERN VICTORIA,Bayside Peninsula,635,Stonnington (C),Metro,145.021269,-37.838296,Stonnington
Independent,2,1117,Lowther Hall Anglican Grammar School,Pri/Sec,O,17 Leslie Road,ESSENDON,3040,SOUTH-WESTERN VICTORIA,Western Melbourne,506,Moonee Valley (C),Metro,144.914974,-37.759908,Moonee Valley
Independent,2,1144,Penleigh & Essendon Grammar School,Pri/Sec,O,163 Rachelle Road,KEILOR EAST,3033,SOUTH-WESTERN VICTORIA,Western Melbourne,506,Moonee Valley (C),Metro,144.870337,-37.732154,Moonee Valley
Independent,2,1183,Mentone Grammar School,Pri/Sec,O,63 Venice Street,MENTONE,3194,SOUTH-EASTERN VICTORIA,Bayside Peninsula,343,Kingston (C),Metro,145.068124,-37.987688,Kingston
Independent,2,1187,Ivanhoe Girls' Grammar School,Pri/Sec,O,123 Marshall St,IVANHOE,3079,NORTH-WESTERN VICTORIA,North Eastern Melbourne,66,Banyule (C),Metro,145.046721,-37.765273,Banyule
Independent,2,1189,Carey Baptist Grammar School,Pri/Sec,O,349 Barkers Road,KEW,3101,NORTH-EASTERN VICTORIA,Inner Eastern Melbourne,111,Boroondara (C),Metro,145.047817,-37.814784,Boroondara
Independent,2,1190,Kilvington Grammar School,Pri/Sec,O,2 Leila Road,ORMOND,3204,SOUTH-EASTERN VICTORIA,Bayside Peninsula,231,Glen Eira (C),Metro,145.04122,-37.89952,Glen Eira
Independent,2,1191,Haileybury College,Pri/Sec,O,855 Springvale Rd,KEYSBOROUGH,3173,SOUTH-EASTERN VICTORIA,Southern Melbourne,267,Greater Dandenong (C),Metro,145.14643,-37.995979,Greater Dandenong
Independent,2,1209,Strathcona Baptist Girls' Grammar,Pri/Sec,O,34 Scott Street,CANTERBURY,3126,NORTH-EASTERN VICTORIA,Inner Eastern Melbourne,111,Boroondara (C),Metro,145.080366,-37.829176,Boroondara
Independent,2,1213,Mentone Girls' Grammar School,Pri/Sec,O,11 Mentone Parade,MENTONE,3194,SOUTH-EASTERN VICTORIA,Bayside Peninsula,343,Kingston (C),Metro,145.063465,-37.989375,Kingston
Independent,2,1218,Gippsland Grammar,Pri/Sec,O,417 York Street,SALE,3850,SOUTH-EASTERN VICTORIA,Outer Gippsland,681,Wellington (S),Non Metro,147.064627,-38.093651,Wellington
Independent,2,1258,Camberwell Grammar School,Pri/Sec,O,55 Mont Albert Road,CANTERBURY,3126,NORTH-EASTERN VICTORIA,Inner Eastern Melbourne,111,Boroondara (C),Metro,145.066407,-37.816093,Boroondara
Independent,2,1262,Brighton Grammar School,Pri/Sec,O,90 Outer Crescent,BRIGHTON,3186,SOUTH-EASTERN VICTORIA,Bayside Peninsula,91,Bayside (C),Metro,144.993524,-37.911108,Bayside
Independent,2,1267,Huntingtower School,Pri/Sec,O,77 Waimarie Drive,MT WAVERLEY,3149,NORTH-EASTERN VICTORIA,Inner Eastern Melbourne,497,Monash (C),Metro,145.136288,-37.876741,Monash
Independent,2,1304,Kingswood College,Pri/Sec,O,355 Station Street,BOX HILL,3128,NORTH-EASTERN VICTORIA,Inner Eastern Melbourne,698,Whitehorse (C),Metro,145.118628,-37.832777,Whitehorse
Independent,2,1316,St Margaret’s Berwick Grammar,Pri/Sec,O,27-47 Gloucester Ave,BERWICK,3806,SOUTH-EASTERN VICTORIA,Southern Melbourne,161,Casey (C),Metro,145.346545,-38.035346,Casey
Independent,2,1322,Camberwell Girls Grammar School,Pri/Sec,O,2 Torrington Street,CANTERBURY,3126,NORTH-EASTERN VICTORIA,Inner Eastern Melbourne,111,Boroondara (C),Metro,145.059705,-37.818211,Boroondara
Independent,2,1377,"Preshil, The Margaret Lyttle Memorial School",Pri/Sec,O,395 Barkers Road,KEW,3101,NORTH-EASTERN VICTORIA,Inner Eastern Melbourne,111,Boroondara (C),Metro,145.052212,-37.815934,Boroondara
Independent,2,1490,Mount Scopus Memorial College,Pri/Sec,O,245 Burwood Highway,BURWOOD,3125,NORTH-EASTERN VICTORIA,Inner Eastern Melbourne,698,Whitehorse (C),Metro,145.117774,-37.847216,Whitehorse
Independent,2,1498,Henderson College,Pri/Sec,O,806-816 Cowra Ave,IRYMPLE,3498,NORTH-WESTERN VICTORIA,Mallee,478,Mildura (RC),Non Metro,142.159259,-34.222606,Mildura
Independent,2,1508,Nunawading Christian College-Primary,Primary,O,Laughlin Ave,NUNAWADING,3131,NORTH-EASTERN VICTORIA,Inner Eastern Melbourne,698,Whitehorse (C),Metro,145.17005,-37.82192,Whitehorse
Independent,2,1511,Heritage College,Pri/Sec,O,333 Centre Road,NARRE WARREN SOUTH,3805,SOUTH-EASTERN VICTORIA,Southern Melbourne,161,Casey (C),Metro,145.316519,-38.050215,Casey
Independent,2,1515,Adass Israel School,Pri/Sec,O,10-12 King Street,ELSTERNWICK,3185,SOUTH-EASTERN VICTORIA,Bayside Peninsula,231,Glen Eira (C),Metro,145.008205,-37.883899,Glen Eira
Independent,2,1533,Yeshivah College,Pri/Sec,O,88 Hotham Street,ST KILDA EAST,3183,SOUTH-EASTERN VICTORIA,Bayside Peninsula,231,Glen Eira (C),Metro,145.000341,-37.868122,Glen Eira
Independent,2,1559,Rossbourne School,Special,O,131 Power Street,HAWTHORN,3122,NORTH-EASTERN VICTORIA,Inner Eastern Melbourne,111,Boroondara (C),Metro,145.02655,-37.82304,Boroondara
Independent,2,1561,Beth Rivkah Ladies College,Pri/Sec,O,14-20 Balaclava Road,ST KILDA EAST,3183,SOUTH-EASTERN VICTORIA,Bayside Peninsula,231,Glen Eira (C),Metro,145.000835,-37.869281,Glen Eira
Independent,2,1577,St Peter's Lutheran School,Primary,C,6-26 Horsham Road,DIMBOOLA,3414,SOUTH-WESTERN VICTORIA,Wimmera South West,298,Hindmarsh (S),Non Metro,142.037578,-36.457061,Hindmarsh
Independent,2,1609,Leibler Yavneh College,Pri/Sec,O,2 Nagle Avenue,ELSTERNWICK,3185,SOUTH-EASTERN VICTORIA,Bayside Peninsula,231,Glen Eira (C),Metro,145.006626,-37.892871,Glen Eira
Independent,2,1610,Peninsula Grammar,Pri/Sec,O,20 Wooralla Drive,MT ELIZA,3930,SOUTH-EASTERN VICTORIA,Bayside Peninsula,534,Mornington Peninsula (S),Metro,145.090692,-38.198174,Mornington Peninsula
Independent,2,1626,Bialik College,Pri/Sec,O,429 Auburn Road,HAWTHORN,3122,NORTH-EASTERN VICTORIA,Inner Eastern Melbourne,111,Boroondara (C),Metro,145.043371,-37.842269,Boroondara
Independent,2,1633,Luther College,Secondary,O,Plymouth Rd,CROYDON HILLS,3136,NORTH-EASTERN VICTORIA,Outer Eastern Melbourne,441,Maroondah (C),Metro,145.272909,-37.782963,Maroondah
Independent,2,1647,St Paul's College Balwyn,Special,O,3 Brenbeal Street,BALWYN,3101,NORTH-EASTERN VICTORIA,Inner Eastern Melbourne,111,Boroondara (C),Metro,145.086858,-37.81235,Boroondara
Independent,2,1658,Yarra Valley Grammar,Pri/Sec,O,Kalinda Road,RINGWOOD,3134,NORTH-EASTERN VICTORIA,Outer Eastern Melbourne,441,Maroondah (C),Metro,145.258164,-37.783701,Maroondah
Independent,2,1679,Maranatha Christian School,Pri/Sec,O,104-108 Reema Boulevard,ENDEAVOUR HILLS,3802,SOUTH-EASTERN VICTORIA,Southern Melbourne,161,Casey (C),Metro,145.278034,-37.970919,Casey
Independent,2,1701,Mount Evelyn Christian School/Ranges TEC,Pri/Sec,O,135 York Road,MOUNT EVELYN,3796,NORTH-EASTERN VICTORIA,Outer Eastern Melbourne,745,Yarra Ranges (S),Metro,145.3670969,-37.79883442,Yarra Ranges
Independent,2,1706,Melbourne Rudolf Steiner School,Pri/Sec,O,213 Wonga Road,WARRANWOOD,3134,NORTH-EASTERN VICTORIA,Outer Eastern Melbourne,441,Maroondah (C),Metro,145.248811,-37.777221,Maroondah
Independent,2,1711,The Currajong School,Special,O,90 Darling Road,MALVERN EAST,3145,SOUTH-EASTERN VICTORIA,Bayside Peninsula,635,Stonnington (C),Metro,145.059946,-37.875953,Stonnington
Independent,2,1712,Nunawading Christian College-Secondary,Secondary,O,161 Central Rd,NUNAWADING,3131,NORTH-EASTERN VICTORIA,Inner Eastern Melbourne,698,Whitehorse (C),Metro,145.1690183,-37.82254717,Whitehorse
Independent,2,1714,Eltham College,Pri/Sec,O,1660 Main Road,RESEARCH,3095,NORTH-WESTERN VICTORIA,North Eastern Melbourne,571,Nillumbik (S),Metro,145.192232,-37.70044311,Nillumbik
Independent,2,1721,Learning Co-Operative School,Primary,O,10 Laceys Road,COTTLES BRIDGE,3099,NORTH-WESTERN VICTORIA,North Eastern Melbourne,571,Nillumbik (S),Metro,145.2133347,-37.62939233,Nillumbik
Independent,2,1724,Donvale Christian College,Pri/Sec,O,155 Tindals Road,DONVALE,3111,NORTH-EASTERN VICTORIA,Inner Eastern Melbourne,421,Manningham (C),Metro,145.193451,-37.774028,Manningham
Independent,2,1728,Berengarra School,Special,O,43 Harrison Street,BOX HILL NORTH,3129,NORTH-EASTERN VICTORIA,Inner Eastern Melbourne,698,Whitehorse (C),Metro,145.132142,-37.80388,Whitehorse
Independent,2,1729,Sholem Aleichem College,Primary,O,11 Sinclair St,ELSTERNWICK,3185,SOUTH-EASTERN VICTORIA,Bayside Peninsula,231,Glen Eira (C),Metro,145.001203,-37.882289,Glen Eira
Independent,2,1734,Braemar College,Pri/Sec,O,1499 Mt Macedon Rd,WOODEND,3442,NORTH-WESTERN VICTORIA,Loddon Campaspe,413,Macedon Ranges (S),Non Metro,144.5759811,-37.36382882,Macedon Ranges
Independent,2,1742,Gilson College,Pri/Sec,O,450 Taylors Road,TAYLORS HILL,3037,SOUTH-WESTERN VICTORIA,Brimbank Melton,465,Melton (C),Metro,144.763149,-37.724602,Melton
Independent,2,1743,Cheshire School,Special,O,16 Woodlea Drive,GLEN WAVERLEY,3150,NORTH-EASTERN VICTORIA,Inner Eastern Melbourne,497,Monash (C),Metro,145.157454,-37.902265,Monash
Independent,2,1754,Wimmera Lutheran College,Pri/Sec,O,2 Mackay St,NHILL,3418,SOUTH-WESTERN VICTORIA,Wimmera South West,298,Hindmarsh (S),Non Metro,141.662154,-36.327734,Hindmarsh
Independent,2,1767,Holy Trinity Lutheran College,Pri/Sec,C,Trinity Drive,HORSHAM,3400,SOUTH-WESTERN VICTORIA,Wimmera South West,319,Horsham (RC),Non Metro,142.217749,-36.708181,Horsham
Independent,2,1770,North-Eastern Montessori School,Primary,O,315 Aqueduct Rd,ST HELENA,3088,NORTH-WESTERN VICTORIA,North Eastern Melbourne,66,Banyule (C),Metro,145.137091,-37.68407,Banyule
Independent,2,1771,Waverley Christian College,Pri/Sec,O,1248 High Street Road,WANTIRNA SOUTH,3152,NORTH-EASTERN VICTORIA,Outer Eastern Melbourne,367,Knox (C),Metro,145.215299,-37.880135,Knox
Independent,2,1773,The King David School,Pri/Sec,O,517-519 Orrong Road,ARMADALE,3143,SOUTH-EASTERN VICTORIA,Bayside Peninsula,635,Stonnington (C),Metro,145.010495,-37.858226,Stonnington
Independent,2,1775,Westbourne Grammar School,Pri/Sec,O,300 Sayers Rd,TRUGANINA,3029,SOUTH-WESTERN VICTORIA,Western Melbourne,726,Wyndham (C),Metro,144.724898,-37.850843,Wyndham
Independent,2,1787,Northside Christian College,Pri/Sec,O,31 McLeans Rd,BUNDOORA,3083,NORTH-WESTERN VICTORIA,North Eastern Melbourne,707,Whittlesea (C),Metro,145.0546707,-37.69501422,Whittlesea
Independent,2,1788,St John's College Preston,Pri/Sec,O,1 Blanch Street,PRESTON,3072,NORTH-WESTERN VICTORIA,North Eastern Melbourne,189,Darebin (C),Metro,144.999534,-37.745933,Darebin
Independent,2,1789,Good Shepherd Lutheran Primary School,Primary,O,53-57 Plymouth Rd,CROYDON HILLS,3136,NORTH-EASTERN VICTORIA,Outer Eastern Melbourne,441,Maroondah (C),Metro,145.268615,-37.782683,Maroondah
Independent,2,1792,Oxley Christian College,Pri/Sec,O,15 - 49 Old Melbourne Rd,CHIRNSIDE PARK,3116,NORTH-EASTERN VICTORIA,Outer Eastern Melbourne,745,Yarra Ranges (S),Metro,145.30513,-37.763573,Yarra Ranges
Independent,2,1793,Olivet Christian College,Pri/Sec,C,89 Main Rd,CAMPBELLS CREEK,3451,NORTH-WESTERN VICTORIA,Loddon Campaspe,543,Mount Alexander (S),Non Metro,144.205424,-37.088492,Mount Alexander
Independent,2,1794,Covenant College,Pri/Sec,O,105 Creamery Road,BELL POST HILL,3215,SOUTH-WESTERN VICTORIA,Barwon,275,Greater Geelong (C),Non Metro,144.317997,-38.09719,Greater Geelong
Independent,2,1812,Newhaven College,Pri/Sec,O,1770 Phillip Island Road,RHYLL,3923,SOUTH-EASTERN VICTORIA,Inner Gippsland,74,Bass Coast (S),Non Metro,145.272323,-38.488343,Bass Coast
Independent,2,1813,St John's Lutheran School,Primary,O,43-55 Trangmar Street,PORTLAND,3305,SOUTH-WESTERN VICTORIA,Wimmera South West,241,Glenelg (S),Non Metro,141.589841,-38.356786,Glenelg
Independent,2,1814,Christian College Geelong,Pri/Sec,O,18 Burdekin Road,HIGHTON,3216,SOUTH-WESTERN VICTORIA,Barwon,275,Greater Geelong (C),Non Metro,144.313073,-38.185241,Greater Geelong
Independent,2,1816,Billanook College,Pri/Sec,O,197-199 Cardigan Road,MOOROOLBARK,3138,NORTH-EASTERN VICTORIA,Outer Eastern Melbourne,745,Yarra Ranges (S),Metro,145.3388701,-37.78785168,Yarra Ranges
Independent,2,1819,Fitzroy Community School,Primary,O,597 Brunswick Street,FITZROY NORTH,3068,NORTH-WESTERN VICTORIA,North Eastern Melbourne,735,Yarra (C),Metro,144.97981,-37.789173,Yarra
Independent,2,1824,Creek Street Christian College,Pri/Sec,O,91 Creek Street,BENDIGO,3550,NORTH-WESTERN VICTORIA,Loddon Campaspe,262,Greater Bendigo (C),Non Metro,144.271576,-36.765532,Greater Bendigo
Independent,2,1825,Good Shepherd College,Pri/Sec,O,297 Mount Napier Road,HAMILTON,3300,SOUTH-WESTERN VICTORIA,Wimmera South West,626,Southern Grampians (S),Non Metro,142.041488,-37.770832,Southern Grampians
Independent,2,1826,Plenty Valley Christian College,Pri/Sec,O,840 Yan Yean Road,DOREEN,3754,NORTH-WESTERN VICTORIA,North Eastern Melbourne,571,Nillumbik (S),Metro,145.138791,-37.613463,Nillumbik
Independent,2,1836,Village School,Primary,O,9-13 Holloway Road,CROYDON NORTH,3136,NORTH-EASTERN VICTORIA,Outer Eastern Melbourne,441,Maroondah (C),Metro,145.294493,-37.763749,Maroondah
Independent,2,1837,Bayside Christian College,Pri/Sec,O,120-128 Robinsons Road,LANGWARRIN SOUTH,3911,SOUTH-EASTERN VICTORIA,Bayside Peninsula,217,Frankston (C),Metro,145.16302,-38.178632,Frankston
Independent,2,1838,Andale School,Special,O,84 Charles Street,KEW,3101,NORTH-EASTERN VICTORIA,Inner Eastern Melbourne,111,Boroondara (C),Metro,145.036044,-37.805513,Boroondara
Independent,2,1839,Trinity Lutheran College,Pri/Sec,O,920 Fifteenth Street,MILDURA,3500,NORTH-WESTERN VICTORIA,Mallee,478,Mildura (RC),Non Metro,142.128786,-34.201602,Mildura
Independent,2,1840,Goulburn Valley Grammar School,Pri/Sec,O,455 Verney Road,SHEPPARTON,3630,NORTH-EASTERN VICTORIA,Goulburn,283,Greater Shepparton (C),Non Metro,145.415577,-36.327476,Greater Shepparton
Independent,2,1841,The Knox School,Pri/Sec,O,220 Burwood Highway,WANTIRNA SOUTH,3152,NORTH-EASTERN VICTORIA,Outer Eastern Melbourne,367,Knox (C),Metro,145.219198,-37.865467,Knox
Independent,2,1846,Heathdale Christian College,Pri/Sec,O,175 Derrimut Rd,WERRIBEE,3030,SOUTH-WESTERN VICTORIA,Western Melbourne,726,Wyndham (C),Metro,144.681332,-37.881318,Wyndham
Independent,2,1848,Hillcrest Christian College,Pri/Sec,O,500 Soldiers Road,CLYDE NORTH,3978,SOUTH-EASTERN VICTORIA,Southern Melbourne,161,Casey (C),Metro,145.363801,-38.084681,Casey
Independent,2,1849,St Paul's Anglican Grammar School,Pri/Sec,O,150 Bowen Street,WARRAGUL,3820,SOUTH-EASTERN VICTORIA,Inner Gippsland,83,Baw Baw (S),Non Metro,145.930417,-38.147811,Baw Baw
Independent,2,1850,Sunshine Christian School,Primary,O,81 - 83 Westmoreland Road,SUNSHINE NORTH,3020,SOUTH-WESTERN VICTORIA,Brimbank Melton,118,Brimbank (C),Metro,144.835864,-37.768396,Brimbank
Independent,2,1852,Frank Dando Sports Academy,Special,O,33 Raymond Street,ASHWOOD,3147,NORTH-EASTERN VICTORIA,Inner Eastern Melbourne,497,Monash (C),Metro,145.108886,-37.8668,Monash
Independent,2,1855,Beaconhills College,Pri/Sec,O,30-34 Toomuc Valley Road,PAKENHAM,3810,SOUTH-EASTERN VICTORIA,Southern Melbourne,145,Cardinia (S),Metro,145.467319,-38.061898,Cardinia
Independent,2,1856,Ghilgai School,Primary,O,295 Liverpool Road,KILSYTH,3137,NORTH-EASTERN VICTORIA,Outer Eastern Melbourne,745,Yarra Ranges (S),Metro,145.3189311,-37.82913713,Yarra Ranges
Independent,2,1864,Belgrave Heights Christian School,Pri/Sec,O,20 Wattle Valley Road,BELGRAVE HEIGHTS,3160,NORTH-EASTERN VICTORIA,Outer Eastern Melbourne,745,Yarra Ranges (S),Metro,145.3462292,-37.91890282,Yarra Ranges
Independent,2,1866,Oakleigh Grammar,Pri/Sec,O,77  Willesden Road,OAKLEIGH,3166,NORTH-EASTERN VICTORIA,Inner Eastern Melbourne,497,Monash (C),Metro,145.082819,-37.895907,Monash
Independent,2,1868,Worawa Aboriginal College,Special,O,60 - 80 Barak Lane,HEALESVILLE,3777,NORTH-EASTERN VICTORIA,Outer Eastern Melbourne,745,Yarra Ranges (S),Metro,145.5092164,-37.68452365,Yarra Ranges
Independent,2,1869,Kerang Christian College,Pri/Sec,O,98 Wyndham Street,KERANG,3579,NORTH-WESTERN VICTORIA,Mallee,225,Gannawarra (S),Non Metro,143.913416,-35.730422,Gannawarra
Independent,2,1871,St Andrews Christian College,Pri/Sec,O,130 Tyner Road,WANTIRNA SOUTH,3152,NORTH-EASTERN VICTORIA,Outer Eastern Melbourne,367,Knox (C),Metro,145.244636,-37.873866,Knox
Independent,2,1872,Chairo Christian School,Pri/Sec,O,76 Balfour Road,DROUIN,3818,SOUTH-EASTERN VICTORIA,Inner Gippsland,83,Baw Baw (S),Non Metro,145.877116,-38.142837,Baw Baw
Independent,2,1874,Australian International Academy of Education,Pri/Sec,O,653 Sydney Road,COBURG,3058,NORTH-WESTERN VICTORIA,Hume Merri-bek,525,Merri-bek (C),Metro,144.966123,-37.736331,Merri-bek
Independent,2,1876,Flinders Christian Community College,Pri/Sec,O,155 Mornington - Tyabb Road,TYABB,3913,SOUTH-EASTERN VICTORIA,Bayside Peninsula,534,Mornington Peninsula (S),Metro,145.167984,-38.262117,Mornington Peninsula
Independent,2,1886,Grace Christian College Wodonga,Pri/Sec,O,20 Kinchington Road,LENEVA,3691,NORTH-EASTERN VICTORIA,Ovens Murray,717,Wodonga (C),Non Metro,146.887345,-36.157173,Wodonga
Independent,2,1894,Melton Christian College,Pri/Sec,O,152-156 Brooklyn Road,BROOKFIELD,3338,SOUTH-WESTERN VICTORIA,Brimbank Melton,465,Melton (C),Metro,144.560281,-37.700276,Melton
Independent,2,1895,Mansfield Rudolf Steiner School,Pri/Sec,O,91 Highett Street,MANSFIELD,3722,NORTH-EASTERN VICTORIA,Ovens Murray,425,Mansfield (S),Non Metro,146.08574,-37.061402,Mansfield
Independent,2,1902,Japanese School of Melbourne,Pri/Sec,O,6 Ellington Street,CAULFIELD SOUTH,3162,SOUTH-EASTERN VICTORIA,Bayside Peninsula,231,Glen Eira (C),Metro,145.019402,-37.892445,Glen Eira
Independent,2,1904,King's College,Pri/Sec,O,44 Balmoral Road,WARRNAMBOOL,3280,SOUTH-WESTERN VICTORIA,Wimmera South West,673,Warrnambool (C),Non Metro,142.506174,-38.362113,Warrnambool
Independent,2,1905,Sophia Mundi Steiner School,Pri/Sec,O,1 St Heliers Street,ABBOTSFORD,3067,NORTH-WESTERN VICTORIA,North Eastern Melbourne,735,Yarra (C),Metro,145.005225,-37.803664,Yarra
Independent,2,1906,Al-Taqwa College,Pri/Sec,O,201 Sayers Road,TRUGANINA,3029,SOUTH-WESTERN VICTORIA,Western Melbourne,726,Wyndham (C),Metro,144.722023,-37.85265,Wyndham
Independent,2,1908,Overnewton Anglican Community College,Pri/Sec,O,2-50 Overnewton Road,KEILOR,3036,SOUTH-WESTERN VICTORIA,Brimbank Melton,118,Brimbank (C),Metro,144.82318,-37.706557,Brimbank
Independent,2,1914,Little Yarra Steiner School,Pri/Sec,O,205 Little Yarra Road,YARRA JUNCTION,3797,NORTH-EASTERN VICTORIA,Outer Eastern Melbourne,745,Yarra Ranges (S),Metro,145.631163,-37.79444291,Yarra Ranges
Independent,2,1919,Bacchus Marsh Grammar,Pri/Sec,O,34 South Maddingley Road,BACCHUS MARSH,3340,SOUTH-WESTERN VICTORIA,Central Highlands,515,Moorabool (S),Non Metro,144.4315941,-37.69026649,Moorabool
Independent,2,1923,Lighthouse Christian College,Pri/Sec,O,927 Springvale Road,KEYSBOROUGH,3173,SOUTH-EASTERN VICTORIA,Southern Melbourne,267,Greater Dandenong (C),Metro,145.143501,-38.001204,Greater Dandenong
Independent,2,1924,Alphington Grammar School,Pri/Sec,O,12 - 18 Old Heidelberg Road,ALPHINGTON,3078,NORTH-WESTERN VICTORIA,North Eastern Melbourne,735,Yarra (C),Metro,145.036174,-37.780429,Yarra
Independent,2,1930,Mooroolbark Grammar,Pri/Sec,O,4 Birchwood Drive,MOOROOLBARK,3138,NORTH-EASTERN VICTORIA,Outer Eastern Melbourne,745,Yarra Ranges (S),Metro,145.3250651,-37.76461019,Yarra Ranges
Independent,2,1932,Castlemaine Steiner School & Kindergarten,Pri/Sec,O,11 Rilens Rd,MUCKLEFORD,3451,NORTH-WESTERN VICTORIA,Loddon Campaspe,543,Mount Alexander (S),Non Metro,144.156687,-37.081883,Mount Alexander
Independent,2,1934,St Mary's Coptic Orthodox College,Pri/Sec,O,19-35 Thorpdale Avenue,COOLAROO,3048,NORTH-WESTERN VICTORIA,Hume Merri-bek,327,Hume (C),Metro,144.931212,-37.65583,Hume
Independent,2,1935,Mansfield Autism Statewide Services,Special,O,81 Highett Street,MANSFIELD,3722,NORTH-EASTERN VICTORIA,Ovens Murray,425,Mansfield (S),Non Metro,146.085858,-37.060799,Mansfield
Independent,2,1936,Minaret College,Pri/Sec,O,36-38 Lewis Street,SPRINGVALE,3171,SOUTH-EASTERN VICTORIA,Southern Melbourne,267,Greater Dandenong (C),Metro,145.148625,-37.93904,Greater Dandenong
Independent,2,1937,Victory Lutheran College,Pri/Sec,O,28 Drage Road,WODONGA,3690,NORTH-EASTERN VICTORIA,Ovens Murray,717,Wodonga (C),Non Metro,146.8452849,-36.11673443,Wodonga
Independent,2,1938,Swan Hill Christian School,Primary,O,141a  Aerodrome Road,SWAN HILL,3585,NORTH-WESTERN VICTORIA,Mallee,661,Swan Hill (RC),Non Metro,143.546498,-35.377564,Swan Hill
Independent,2,1939,Girton Grammar School,Pri/Sec,O,22 Vine Street,BENDIGO,3550,NORTH-WESTERN VICTORIA,Loddon Campaspe,262,Greater Bendigo (C),Non Metro,144.2727264,-36.762612,Greater Bendigo
Independent,2,1942,Casey Grammar School,Pri/Sec,O,3 New Holland Drive,CRANBOURNE EAST,3977,SOUTH-EASTERN VICTORIA,Southern Melbourne,161,Casey (C),Metro,145.2928988,-38.11029539,Casey
Independent,2,1946,Victory Christian College,Pri/Sec,O,6 Kairn Road,STRATHDALE,3550,NORTH-WESTERN VICTORIA,Loddon Campaspe,262,Greater Bendigo (C),Non Metro,144.313456,-36.782625,Greater Bendigo
Independent,2,1947,Ilim College,Pri/Sec,O,30 Inverloch Crescent,BROADMEADOWS,3047,NORTH-WESTERN VICTORIA,Hume Merri-bek,327,Hume (C),Metro,144.930072,-37.668621,Hume
Independent,2,1952,Erasmus Primary School,Primary,O,40 Lisson Grove,HAWTHORN,3122,NORTH-EASTERN VICTORIA,Inner Eastern Melbourne,111,Boroondara (C),Metro,145.031327,-37.827083,Boroondara
Independent,2,1953,Kardinia International College,Pri/Sec,O,29-31 Kardinia Drive,BELL POST HILL,3215,SOUTH-WESTERN VICTORIA,Barwon,275,Greater Geelong (C),Non Metro,144.327997,-38.109881,Greater Geelong
Independent,2,1957,Good News Lutheran College,Pri/Sec,O,580 Tarneit Road,TARNEIT,3029,SOUTH-WESTERN VICTORIA,Western Melbourne,726,Wyndham (C),Metro,144.666605,-37.855248,Wyndham
Independent,2,1958,Sirius College,Pri/Sec,O,Goulburn Street,BROADMEADOWS,3047,NORTH-WESTERN VICTORIA,Hume Merri-bek,327,Hume (C),Metro,144.9356383,-37.68471741,Hume
Independent,2,1960,Red Rock Christian College,Pri/Sec,O,340 Settlement Road,SUNBURY,3429,NORTH-WESTERN VICTORIA,Hume Merri-bek,327,Hume (C),Metro,144.706022,-37.519099,Hume
Independent,2,1961,Maharishi School of the Age of Enlightenment,Primary,O,2-6 Dundee Street,RESERVOIR,3073,NORTH-WESTERN VICTORIA,North Eastern Melbourne,189,Darebin (C),Metro,145.019467,-37.704377,Darebin
Independent,2,1964,Shepparton Christian College Ltd,Pri/Sec,O,155 Verney Road,SHEPPARTON,3630,NORTH-EASTERN VICTORIA,Goulburn,283,Greater Shepparton (C),Non Metro,145.415979,-36.353866,Greater Shepparton
Independent,2,1965,Darul Ulum College of Victoria,Pri/Sec,O,17 Baird Street,FAWKNER NORTH,3060,NORTH-WESTERN VICTORIA,Hume Merri-bek,525,Merri-bek (C),Metro,144.971692,-37.705178,Merri-bek
Independent,2,1966,St Thomas Aquinas College,Pri/Sec,O,1 Tynong Road,TYNONG,3813,SOUTH-EASTERN VICTORIA,Southern Melbourne,145,Cardinia (S),Metro,145.6236872,-38.08322193,Cardinia
Independent,2,1969,Bairnsdale Christian College,Pri/Sec,O,101 Bairnsdale/Dargo Road,BAIRNSDALE,3875,SOUTH-EASTERN VICTORIA,Outer Gippsland,211,East Gippsland (S),Non Metro,147.578345,-37.841223,East Gippsland
Independent,2,1972,East Preston Islamic College,Pri/Sec,O,55 Tyler Street,EAST PRESTON,3072,NORTH-WESTERN VICTORIA,North Eastern Melbourne,189,Darebin (C),Metro,145.0362184,-37.73395414,Darebin
Independent,2,1975,Dandenong Ranges Steiner School,Primary,O,11c Duffys Road,EMERALD,3782,SOUTH-EASTERN VICTORIA,Southern Melbourne,145,Cardinia (S),Metro,145.388212,-37.959759,Cardinia
Independent,2,1978,Aitken College,Pri/Sec,O,1010 Mickleham Road,GREENVALE,3059,NORTH-WESTERN VICTORIA,Hume Merri-bek,327,Hume (C),Metro,144.890698,-37.627709,Hume
Independent,2,1981,Alia College,Secondary,O,405 Tooronga Road,HAWTHORN EAST,3123,NORTH-EASTERN VICTORIA,Inner Eastern Melbourne,111,Boroondara (C),Metro,145.045173,-37.843225,Boroondara
Independent,2,1984,Ballarat Steiner School,Primary,O,244 Moss Avenue,MT HELEN,3350,SOUTH-WESTERN VICTORIA,Central Highlands,57,Ballarat (C),Non Metro,143.8622038,-37.64075776,Ballarat
Independent,2,1988,Freshwater Creek Steiner School,Primary,O,52 McIntyres Road,FRESHWATER CREEK,3216,SOUTH-WESTERN VICTORIA,Barwon,649,Surf Coast (S),Non Metro,144.279739,-38.26332276,Surf Coast
Independent,2,1989,Global Village Learning,Pri/Sec,O,57 Barringo Road,NEW GISBORNE,3438,NORTH-WESTERN VICTORIA,Loddon Campaspe,413,Macedon Ranges (S),Non Metro,144.6000093,-37.45338955,Macedon Ranges
Independent,2,1990,Mt Hira College,Pri/Sec,O,185 Perry Road,KEYSBOROUGH,3173,SOUTH-EASTERN VICTORIA,Southern Melbourne,267,Greater Dandenong (C),Metro,145.175471,-38.013991,Greater Dandenong
Independent,2,1998,OneSchool Global Vic,Pri/Sec,O,775 High Street,MELTON WEST,3337,NORTH-WESTERN VICTORIA,Brimbank Melton,465,Melton (C),Metro,144.228738,-36.781544,Melton
Independent,2,1999,Kamaruka,Special,O,52 River Street,SOUTH YARRA,3141,SOUTH-EASTERN VICTORIA,Bayside Peninsula,635,Stonnington (C),Metro,144.9976787,-37.83761581,Stonnington
Independent,2,2000,Geelong Baptist College,Pri/Sec,O,590 Anakie Road,LOVELY BANKS,3221,SOUTH-WESTERN VICTORIA,Barwon,275,Greater Geelong (C),Non Metro,144.330286,-38.067137,Greater Geelong
Independent,2,2003,Mildura Christian College,Pri/Sec,O,1291 Karadoc Ave,IRYMPLE,3498,NORTH-WESTERN VICTORIA,Mallee,478,Mildura (RC),Non Metro,142.145318,-34.247423,Mildura
Independent,2,2016,Ozford College,Secondary,O,123-129 Lonsdale Street,MELBOURNE,3000,SOUTH-WESTERN VICTORIA,Western Melbourne,460,Melbourne (C),Metro,144.954425,-37.812887,Melbourne
Independent,2,2018,Berry Street Victoria Inc,Special,O,17 Cranbourne Road,NARRE WARREN,3805,SOUTH-EASTERN VICTORIA,Southern Melbourne,267,Greater Dandenong (C),Metro,145.305751,-38.030255,Greater Dandenong
Independent,2,2019,Yesodei HaTorah College,Pri/Sec,O,39 Dickens Street,ELWOOD,3184,SOUTH-EASTERN VICTORIA,Bayside Peninsula,590,Port Phillip (C),Metro,144.983491,-37.873227,Port Phillip
Independent,2,2024,Holmes Grammar School,Secondary,O,185 Spring Street,MELBOURNE,3000,SOUTH-WESTERN VICTORIA,Western Melbourne,460,Melbourne (C),Metro,144.972271,-37.810302,Melbourne
Independent,2,2031,Indie Education,Special,O,63 - 67 High Street,WODONGA,3690,NORTH-EASTERN VICTORIA,Ovens Murray,717,Wodonga (C),Non Metro,146.889403,-36.118028,Wodonga
Independent,2,2035,Lakeside College,Pri/Sec,O,2 Portobello Road,PAKENHAM,3810,SOUTH-EASTERN VICTORIA,Southern Melbourne,145,Cardinia (S),Metro,145.4559279,-38.06492414,Cardinia
Independent,2,2042,Beechworth Montessori School,Primary,O,42 Gilchrist Ave,BEECHWORTH,3747,NORTH-EASTERN VICTORIA,Ovens Murray,335,Indigo (S),Non Metro,146.6935343,-36.36669302,Indigo
Independent,2,2043,Balcombe Grammar School,Pri/Sec,O,389 Nepean Hwy,MT MARTHA,3934,SOUTH-EASTERN VICTORIA,Bayside Peninsula,534,Mornington Peninsula (S),Metro,145.0326885,-38.27325431,Mornington Peninsula
Independent,2,2045,Ballarat Christian College,Pri/Sec,O,Yarrowee & Vickers Streets,SEBASTOPOL,3356,SOUTH-WESTERN VICTORIA,Central Highlands,57,Ballarat (C),Non Metro,143.8438075,-37.59292494,Ballarat
Independent,2,2047,Deutsche Schule Melbourne,Primary,O,96 Barkly Street,NORTH FITZROY,3068,NORTH-WESTERN VICTORIA,North Eastern Melbourne,735,Yarra (C),Metro,144.9827723,-37.77883164,Yarra
Independent,2,2049,EdSpace,Special,O,24 Carrier Street,BENALLA,3672,NORTH-EASTERN VICTORIA,Ovens Murray,101,Benalla (RC),Non Metro,145.984303,-36.547667,Benalla
Independent,2,2052,Hume Anglican Grammar,Pri/Sec,O,100 Mount Ridley Road,MICKLEHAM,3064,NORTH-WESTERN VICTORIA,Hume Merri-bek,327,Hume (C),Metro,144.931253,-37.56798,Hume
Independent,2,2054,Lighthouse Christian College Cranbourne,Pri/Sec,O,1785 South Gippsland Hwy,CRANBOURNE,3977,SOUTH-EASTERN VICTORIA,Southern Melbourne,161,Casey (C),Metro,145.3073,-38.14,Casey
Independent,2,2056,Geelong Lutheran College,Pri/Sec,O,2 - 38 Burvilles Road,ARMSTRONG CREEK,3217,SOUTH-WESTERN VICTORIA,Barwon,275,Greater Geelong (C),Non Metro,144.337067,-38.230458,Greater Geelong
Independent,2,2058,Daylesford Dharma School,Primary,O,90 Daylesford Trentham Road,DAYLESFORD,3461,SOUTH-WESTERN VICTORIA,Central Highlands,291,Hepburn (S),Non Metro,144.165949,-37.342326,Hepburn
Independent,2,2061,Al Siraat College,Pri/Sec,O,45 Harvest Home Road,EPPING,3076,NORTH-WESTERN VICTORIA,North Eastern Melbourne,707,Whittlesea (C),Metro,145.0375337,-37.62426056,Whittlesea
Independent,2,2062,Community College Gippsland Ltd | ECG Secondary College,Special,O,71 Korumburra-Warragul Road,WARRAGUL,3820,SOUTH-EASTERN VICTORIA,Inner Gippsland,83,Baw Baw (S),Non Metro,145.926224,-38.178231,Baw Baw
Independent,2,2064,Woodleigh School,Pri/Sec,O,485 Golf Links Road,LANGWARRIN SOUTH,3911,SOUTH-EASTERN VICTORIA,Bayside Peninsula,217,Frankston (C),Metro,145.174648,-38.1926,Frankston
Independent,2,2065,Shepparton ACE Secondary College,Secondary,O,123-129 Maude Street,SHEPPARTON,3630,NORTH-EASTERN VICTORIA,Goulburn,283,Greater Shepparton (C),Non Metro,145.401697,-36.37766,Greater Shepparton
Independent,2,2071,Heritage College Knox,Pri/Sec,O,977-985 Burwood Highway,FERNTREE GULLY,3156,NORTH-EASTERN VICTORIA,Outer Eastern Melbourne,367,Knox (C),Metro,145.286487,-37.887291,Knox
Independent,2,2072,Melbourne Grammar School,Pri/Sec,O,355 St Kilda Road,MELBOURNE,3004,SOUTH-WESTERN VICTORIA,Western Melbourne,460,Melbourne (C),Metro,144.9770931,-37.83359283,Melbourne
Independent,2,2073,Islamic College of Melbourne,Pri/Sec,O,83 Wootten Road,TARNEIT,3029,SOUTH-WESTERN VICTORIA,Western Melbourne,726,Wyndham (C),Metro,144.660376,-37.854236,Wyndham
Independent,2,2074,Southern Cross Grammar,Pri/Sec,O,2-20 Lancefield Drive,CAROLINE SPRINGS,3023,SOUTH-WESTERN VICTORIA,Brimbank Melton,465,Melton (C),Metro,144.7396024,-37.71396413,Melton
Independent,2,2076,Cornish College,Pri/Sec,O,65 Riverend Road,BANGHOLME,3175,SOUTH-EASTERN VICTORIA,Southern Melbourne,267,Greater Dandenong (C),Metro,145.148761,-38.049197,Greater Dandenong
Independent,2,2077,Melbourne Montessori College,Pri/Sec,O,4-6 Roselea Street,CAULFIELD SOUTH,3162,SOUTH-EASTERN VICTORIA,Bayside Peninsula,231,Glen Eira (C),Metro,145.025671,-37.888167,Glen Eira
Independent,2,2080,Glenroy Private,Pri/Sec,O,93 Daley Street,GLENROY,3046,NORTH-WESTERN VICTORIA,Hume Merri-bek,525,Merri-bek (C),Metro,144.9292633,-37.69777468,Merri-bek
Independent,2,2081,Cathedral College Wangaratta,Pri/Sec,O,344 Wangaratta-Whitfield Road,WANGARATTA,3676,NORTH-EASTERN VICTORIA,Ovens Murray,670,Wangaratta (RC),Non Metro,146.329913,-36.385946,Wangaratta
Independent,2,2082,Koonwarra Village School,Primary,O,20-26 Koala Drive,KOONWARRA,3954,SOUTH-EASTERN VICTORIA,Inner Gippsland,617,South Gippsland (S),Non Metro,145.9439237,-38.54790897,South Gippsland
Independent,2,2083,Divrei Emineh,Pri/Sec,O,442-452 North Road,ORMOND,3204,SOUTH-EASTERN VICTORIA,Bayside Peninsula,91,Bayside (C),Metro,145.0350807,-37.90360104,Bayside
Independent,2,2084,Wild Cherry School,Primary,O,28 McKean Street,BAIRNSDALE,3875,SOUTH-EASTERN VICTORIA,Outer Gippsland,211,East Gippsland (S),Non Metro,147.6078018,-37.82106299,East Gippsland
Independent,2,2086,Australian Christian College Victoria,Pri/Sec,O,57 Samaria Road,BENALLA,3672,NORTH-EASTERN VICTORIA,Ovens Murray,101,Benalla (RC),Non Metro,145.996681,-36.553925,Benalla
Independent,2,2091,Cire Community School | Cire Training,Special,O,"Level 1, 7-9 John St",LILYDALE,3140,NORTH-EASTERN VICTORIA,Outer Eastern Melbourne,745,Yarra Ranges (S),Metro,145.34398,-37.75716,Yarra Ranges
Independent,2,2097,Cobram Anglican Grammar School,Pri/Sec,O,40-48 Campbell Road,COBRAM,3644,NORTH-EASTERN VICTORIA,Goulburn,490,Moira (S),Non Metro,145.660055,-35.924283,Moira
Independent,2,2099,Christway College,Pri/Sec,O,316-322 Kingston Road,CLARINDA,3169,SOUTH-EASTERN VICTORIA,Bayside Peninsula,343,Kingston (C),Metro,145.111361,-37.95784,Kingston
Independent,2,2100,Melbourne Indigenous Transition School,Special,O,16 The Vaucluse,RICHMOND,3121,SOUTH-WESTERN VICTORIA,Western Melbourne,460,Melbourne (C),Metro,144.9892635,-37.81954365,Melbourne
Independent,2,2101,Alice Miller School,Pri/Sec,O,110 Bailey Road,MACEDON,3440,NORTH-WESTERN VICTORIA,Loddon Campaspe,413,Macedon Ranges (S),Non Metro,144.5331946,-37.44570261,Macedon Ranges
Independent,2,2102,Hoa Nghiem Primary School,Primary,O,442 - 448 Springvale Road,SPRINGVALE SOUTH,3172,SOUTH-EASTERN VICTORIA,Southern Melbourne,267,Greater Dandenong (C),Metro,145.1487888,-37.96694215,Greater Dandenong
Independent,2,2103,Al Iman College,Pri/Sec,O,20-40 Rees Road,MELTON SOUTH,3338,SOUTH-WESTERN VICTORIA,Brimbank Melton,465,Melton (C),Metro,144.5654845,-37.7071174,Melton
Independent,2,2104,Edinburgh College,Pri/Sec,O,33-61 Edinburgh Road,LILYDALE,3140,NORTH-EASTERN VICTORIA,Outer Eastern Melbourne,745,Yarra Ranges (S),Metro,145.351985,-37.78489,Yarra Ranges
Independent,2,2105,Giant Steps Melbourne,Special,O,11 Malmsbury Street,KEW,3101,NORTH-EASTERN VICTORIA,Inner Eastern Melbourne,111,Boroondara (C),Metro,145.031476,-37.80222,Boroondara
Independent,2,2106,Harkaway Hills College,Pri/Sec,O,420-432 Belgrave-Hallam Road,NARRE WARREN NORTH,3804,SOUTH-EASTERN VICTORIA,Southern Melbourne,161,Casey (C),Metro,145.31587,-37.977493,Casey
Independent,2,2107,Newmark Primary,Primary,O,126-128 Nelson Place,WILLIAMSTOWN,3016,SOUTH-WESTERN VICTORIA,Western Melbourne,311,Hobsons Bay (C),Metro,144.905196,-37.863109,Hobsons Bay
Independent,2,2108,Phillip Island Village School,Primary,O,479 Berrys Beach Road,VENTNOR,3922,SOUTH-EASTERN VICTORIA,Inner Gippsland,74,Bass Coast (S),Non Metro,145.201597,-38.50808,Bass Coast
Independent,2,2109,Advance College of Education Incorporated,Special,O,6 Henry Wilson Drive,ROSEBUD,3939,SOUTH-EASTERN VICTORIA,Bayside Peninsula,534,Mornington Peninsula (S),Metro,144.885064,-38.382847,Mornington Peninsula
Independent,2,2110,Prace | Prace College | Preston Reservoir Adult Community Education,Special,O,35 Sturdee Street,RESERVOIR,3073,NORTH-WESTERN VICTORIA,North Eastern Melbourne,189,Darebin (C),Metro,145.009255,-37.698704,Darebin
Independent,2,2111,River Nile School,Special,O,Level 1,NORTH MELBOURNE,3051,SOUTH-WESTERN VICTORIA,Western Melbourne,460,Melbourne (C),Metro,144.955088,-37.805194,Melbourne
Independent,2,2112,Brotherhood of St Laurence|David Scott School,Special,O,22-26  High Street,FRANKSTON,3199,SOUTH-EASTERN VICTORIA,Bayside Peninsula,217,Frankston (C),Metro,145.119248,-38.148247,Frankston
Independent,2,2113,Hester Hornbrook Academy,Special,O,"Level 8, 601 Bourke Street",MELBOURNE,3000,SOUTH-EASTERN VICTORIA,Western Melbourne,590,Port Phillip (C),Metro,144.95615,-37.816544,Port Phillip
Independent,2,2114,SEDA College (Victoria),Secondary,O,357 Camberwell Road,CAMBERWELL,3124,NORTH-EASTERN VICTORIA,Inner Eastern Melbourne,111,Boroondara (C),Metro,145.054006,-37.830714,Boroondara
Independent,2,2116,Cheder Levi Yitzchok Inc,Pri/Sec,O,12 Chapel Street,ST KILDA,3182,SOUTH-EASTERN VICTORIA,Bayside Peninsula,590,Port Phillip (C),Metro,144.99191,-37.860567,Port Phillip
Independent,2,2223,Fernbrook School,Pri/Sec,O,16 Clevedon Road,THE BASIN,3154,SOUTH-EASTERN VICTORIA,Outer Eastern Melbourne,145,Cardinia (S),Metro,145.321478,-37.860068,Cardinia
Independent,2,2227,Fitra Community School,Primary,O,43-45 Westall Road,CLAYTON SOUTH,3169,SOUTH-EASTERN VICTORIA,Bayside Peninsula,343,Kingston (C),Metro,145.139319,-37.944839,Kingston
Independent,2,2228,Clyde Grammar,Primary,O,110 Smiths Lane,CLYDE NORTH,3978,SOUTH-EASTERN VICTORIA,Southern Melbourne,161,Casey (C),Metro,145.378764,-38.106015,Casey
Independent,2,2230,Village High School,Secondary,O,450 Dalyston-Glen Forbes Road,RYANSTON,3992,SOUTH-EASTERN VICTORIA,Inner Gippsland,74,Bass Coast (S),Non Metro,145.558829,-38.528556,Bass Coast
Independent,2,2232,Tombolo Academy,Special,O,453 Bluff Road,HAMPTON,3188,SOUTH-EASTERN VICTORIA,Bayside Peninsula,91,Bayside (C),Metro,145.023502,-37.938465,Bayside
Independent,2,2233,Djerriwarrh Community & Education Services | Djerriwarrh Community College,Secondary,O,239 Station Rd,MELTON,3337,SOUTH-WESTERN VICTORIA,Brimbank Melton,465,Melton (C),Metro,144.577972,-37.686739,Melton
Independent,2,2234,Lyrebird College,Special,O,5/12 Kelso Street,COLDSTREAM,3770,NORTH-EASTERN VICTORIA,Outer Eastern Melbourne,745,Yarra Ranges (S),Metro,145.382269,-37.733037,Yarra Ranges
Independent,2,2236,Youth2Industry College,Secondary,O,"Level 2, 220 Albert Road",SOUTH MELBOURNE,3205,SOUTH-WESTERN VICTORIA,Bayside Peninsula,460,Melbourne (C),Metro,144.966653,-37.837307,Melbourne
Independent,2,2238,My College,Pri/Sec,O,92 – 96 Railway Crescent,DALLAS,3047,NORTH-WESTERN VICTORIA,Hume Merri-bek,327,Hume (C),Metro,144.923692,-37.675751,Hume
Independent,2,2239,Woodline Primary,Primary,O,405 Barrabool Road,CERES,3221,SOUTH-WESTERN VICTORIA,Barwon,275,Greater Geelong (C),Non Metro,144.285354,-38.171776,Greater Geelong
Independent,2,2241,Muhammadiyah Australia College,Pri/Sec,O,1-3 Killarney Drive,MELTON,3337,SOUTH-WESTERN VICTORIA,Brimbank Melton,465,Melton (C),Metro,144.604982,-37.682432,Melton
Independent,2,2243,Lysterfield Lake College,Pri/Sec,O,20 A’Beckett Road,NARRE WARREN NORTH,3804,SOUTH-EASTERN VICTORIA,Southern Melbourne,161,Casey (C),Metro,145.31604,-37.977477,Casey
Independent,2,2244,Plenty River College,Secondary,O,"Unit 5, 9 Danaher Drive",SOUTH MORANG,3752,NORTH-WESTERN VICTORIA,North Eastern Melbourne,707,Whittlesea (C),Metro,145.08148,-37.64875,Whittlesea
Independent,2,2246,Sidrah Gardens School,Primary,O,434-442 Belgrave-Hallam Road,NARRE WARREN NORTH,3804,SOUTH-EASTERN VICTORIA,Southern Melbourne,161,Casey (C),Metro,145.315888,-37.973241,Casey
Independent,2,2247,Urban College,Secondary,O,2-4 Langwith Avenue,BORONIA,3155,NORTH-EASTERN VICTORIA,Outer Eastern Melbourne,367,Knox (C),Metro,145.28017,-37.861113,Knox
Independent,2,2249,Islamic College of Sport,Secondary,O,"The Pavilion, Coburg City Oval",COBURG,3058,NORTH-WESTERN VICTORIA,Hume Merri-bek,525,Merri-bek (C),Metro,144.967545,-37.743741,Merri-bek
Independent,2,2250,Mernda Hills Christian College,Pri/Sec,O,370 Bridge Inn Rd,MERNDA,3754,NORTH-WESTERN VICTORIA,North Eastern Melbourne,707,Whittlesea (C),Metro,145.074653,-37.598508,Whittlesea
Independent,2,2252,Wyndham Community and Education Centre Inc | Julia Gillard Community College,Special,O,20 Synnot Street,WERRIBEE,3030,SOUTH-WESTERN VICTORIA,Western Melbourne,726,Wyndham (C),Metro,144.6629567,-37.9016066,Wyndham
Independent,2,2253,Australian Islamic Centre College,Primary,O,23-27 Blenheim Road,NEWPORT,3015,SOUTH-WESTERN VICTORIA,Western Melbourne,311,Hobsons Bay (C),Metro,144.862472,-37.8465,Hobsons Bay
Independent,2,2254,Narre Community Learning Centre | Foundation College,Special,O,1 Malcolm Crt,NARRE WARREN,3805,SOUTH-EASTERN VICTORIA,Southern Melbourne,161,Casey (C),Metro,145.305606,-38.026869,Casey
Independent,2,2255,All Saints Anglican School,Pri/Sec,O,320 Verney Road,SHEPPARTON NORTH,3631,NORTH-EASTERN VICTORIA,Goulburn,283,Greater Shepparton (C),Non Metro,145.414733,-36.340316,Greater Shepparton
Independent,2,2256,Y Community School,Secondary,O,41 – 53 Miller Street,EPPING,3076,NORTH-WESTERN VICTORIA,North Eastern Melbourne,707,Whittlesea (C),Metro,145.01957,-37.64856,Whittlesea
Independent,2,2257,OakTree College,Secondary,O,2/371 Somerville Road,WEST FOOTSCRAY,3012,SOUTH-WESTERN VICTORIA,Western Melbourne,433,Maribyrnong (C),Metro,144.86536,-37.81121,Maribyrnong
Independent,2,2258,Mastery Schools Victoria,Special,O,"Terrace 14, Ernest Jones Drive",BUNDOORA,3086,NORTH-WESTERN VICTORIA,North Eastern Melbourne,189,Darebin (C),Metro,145.05715,-37.72067,Darebin
Independent,2,2259,Corner Inlet College,Secondary,O,625 Fullers Road,FOSTER,3960,SOUTH-EASTERN VICTORIA,Inner Gippsland,617,South Gippsland (S),Non Metro,146.196158,-38.709573,South Gippsland
